[0.000000] (-) TimerEvent: {}
[0.002542] (rover_control) JobQueued: {'identifier': 'rover_control', 'dependencies': OrderedDict()}
[0.002922] (rover_control_msgs) JobQueued: {'identifier': 'rover_control_msgs', 'dependencies': OrderedDict()}
[0.003080] (rover_lidar) JobQueued: {'identifier': 'rover_lidar', 'dependencies': OrderedDict()}
[0.003780] (rover_perception_msgs) JobQueued: {'identifier': 'rover_perception_msgs', 'dependencies': OrderedDict()}
[0.003921] (rover_perception) JobQueued: {'identifier': 'rover_perception', 'dependencies': OrderedDict([('rover_lidar', '/workspaces/IRS_Rover_ROS2_Workspace/rover_ws/install/rover_lidar'), ('rover_perception_msgs', '/workspaces/IRS_Rover_ROS2_Workspace/rover_ws/install/rover_perception_msgs')])}
[0.004107] (rover_lidar) JobStarted: {'identifier': 'rover_lidar'}
[0.044545] (rover_perception_msgs) JobStarted: {'identifier': 'rover_perception_msgs'}
[0.072180] (rover_control) JobStarted: {'identifier': 'rover_control'}
[0.099119] (-) TimerEvent: {}
[0.111853] (rover_control_msgs) JobStarted: {'identifier': 'rover_control_msgs'}
[0.199967] (-) TimerEvent: {}
[0.302059] (-) TimerEvent: {}
[0.402938] (-) TimerEvent: {}
[0.503990] (-) TimerEvent: {}
[0.529288] (rover_perception_msgs) JobProgress: {'identifier': 'rover_perception_msgs', 'progress': 'cmake'}
[0.533403] (rover_perception_msgs) JobProgress: {'identifier': 'rover_perception_msgs', 'progress': 'build'}
[0.536792] (rover_perception_msgs) Command: {'cmd': ['/usr/bin/cmake', '--build', '/workspaces/IRS_Rover_ROS2_Workspace/rover_ws/build/rover_perception_msgs', '--', '-j12', '-l12'], 'cwd': '/workspaces/IRS_Rover_ROS2_Workspace/rover_ws/build/rover_perception_msgs', 'env': OrderedDict([('PYTHON_BASIC_REPL', '1'), ('HOSTNAME', '06335fee11bd'), ('GIT_ASKPASS', '/vscode/vscode-server/bin/linux-x64/4fe60c8b1cdac1c4c174f2fb180d0d758272d713/extensions/git/dist/askpass.sh'), ('SHLVL', '2'), ('LD_LIBRARY_PATH', '/workspaces/IRS_Rover_ROS2_Workspace/rover_ws/install/rover_perception_msgs/lib:/workspaces/IRS_Rover_ROS2_Workspace/rover_ws/install/rover_control_msgs/lib:/opt/ros/humble/opt/rviz_ogre_vendor/lib:/opt/ros/humble/lib/x86_64-linux-gnu:/opt/ros/humble/lib'), ('BROWSER', '/vscode/vscode-server/bin/linux-x64/4fe60c8b1cdac1c4c174f2fb180d0d758272d713/bin/helpers/browser.sh'), ('HOME', '/root'), ('OLDPWD', '/workspaces/IRS_Rover_ROS2_Workspace'), ('TERM_PROGRAM_VERSION', '1.127.0'), ('VSCODE_IPC_HOOK_CLI', '/tmp/vscode-ipc-3e6332f7-9fde-4cf4-86c7-54ac10099b1e.sock'), ('ROS_PYTHON_VERSION', '3'), ('VSCODE_GIT_ASKPASS_MAIN', '/vscode/vscode-server/bin/linux-x64/4fe60c8b1cdac1c4c174f2fb180d0d758272d713/extensions/git/dist/askpass-main.js'), ('VSCODE_GIT_ASKPASS_NODE', '/vscode/vscode-server/bin/linux-x64/4fe60c8b1cdac1c4c174f2fb180d0d758272d713/node'), ('PYDEVD_DISABLE_FILE_VALIDATION', '1'), ('BUNDLED_DEBUGPY_PATH', '/root/.vscode-server/extensions/ms-python.debugpy-2026.6.0-linux-x64/bundled/libs/debugpy'), ('VSCODE_PYTHON_AUTOACTIVATE_GUARD', '1'), ('COLORTERM', 'truecolor'), ('REMOTE_CONTAINERS', 'true'), ('COLCON_PREFIX_PATH', '/workspaces/IRS_Rover_ROS2_Workspace/rover_ws/install'), ('ROS_DISTRO', 'humble'), ('REMOTE_CONTAINERS_IPC', '/tmp/vscode-remote-containers-ipc-8556e27b-e216-450b-b0cc-1f8365397382.sock'), ('_', '/usr/bin/colcon'), ('ROS_VERSION', '2'), ('TERM', 'xterm-256color'), ('ROS_LOCALHOST_ONLY', '0'), ('PATH', '/root/.vscode-server/data/User/globalStorage/github.copilot-chat/debugCommand:/root/.vscode-server/data/User/globalStorage/github.copilot-chat/copilotCli:/vscode/vscode-server/bin/linux-x64/4fe60c8b1cdac1c4c174f2fb180d0d758272d713/bin/remote-cli:/opt/ros/humble/bin:/usr/local/sbin:/usr/local/bin:/usr/sbin:/usr/bin:/sbin:/bin:/root/.vscode-server/extensions/ms-python.debugpy-2026.6.0-linux-x64/bundled/scripts/noConfigScripts'), ('REMOTE_CONTAINERS_SOCKETS', '["/tmp/vscode-ssh-auth-8556e27b-e216-450b-b0cc-1f8365397382.sock"]'), ('VSCODE_DEBUGPY_ADAPTER_ENDPOINTS', '/root/.vscode-server/extensions/ms-python.debugpy-2026.6.0-linux-x64/.noConfigDebugAdapterEndpoints/endpoint-1e3a0fbd7d538503.txt'), ('LANG', 'C.UTF-8'), ('PYTHONSTARTUP', '/root/.vscode-server/data/User/workspaceStorage/7242e97d3df64538730a6ed5a855f433/ms-python.python/pythonrc.py'), ('LS_COLORS', 'rs=0:di=01;34:ln=01;36:mh=00:pi=40;33:so=01;35:do=01;35:bd=40;33;01:cd=40;33;01:or=40;31;01:mi=00:su=37;41:sg=30;43:ca=30;41:tw=30;42:ow=34;42:st=37;44:ex=01;32:*.tar=01;31:*.tgz=01;31:*.arc=01;31:*.arj=01;31:*.taz=01;31:*.lha=01;31:*.lz4=01;31:*.lzh=01;31:*.lzma=01;31:*.tlz=01;31:*.txz=01;31:*.tzo=01;31:*.t7z=01;31:*.zip=01;31:*.z=01;31:*.dz=01;31:*.gz=01;31:*.lrz=01;31:*.lz=01;31:*.lzo=01;31:*.xz=01;31:*.zst=01;31:*.tzst=01;31:*.bz2=01;31:*.bz=01;31:*.tbz=01;31:*.tbz2=01;31:*.tz=01;31:*.deb=01;31:*.rpm=01;31:*.jar=01;31:*.war=01;31:*.ear=01;31:*.sar=01;31:*.rar=01;31:*.alz=01;31:*.ace=01;31:*.zoo=01;31:*.cpio=01;31:*.7z=01;31:*.rz=01;31:*.cab=01;31:*.wim=01;31:*.swm=01;31:*.dwm=01;31:*.esd=01;31:*.jpg=01;35:*.jpeg=01;35:*.mjpg=01;35:*.mjpeg=01;35:*.gif=01;35:*.bmp=01;35:*.pbm=01;35:*.pgm=01;35:*.ppm=01;35:*.tga=01;35:*.xbm=01;35:*.xpm=01;35:*.tif=01;35:*.tiff=01;35:*.png=01;35:*.svg=01;35:*.svgz=01;35:*.mng=01;35:*.pcx=01;35:*.mov=01;35:*.mpg=01;35:*.mpeg=01;35:*.m2v=01;35:*.mkv=01;35:*.webm=01;35:*.webp=01;35:*.ogm=01;35:*.mp4=01;35:*.m4v=01;35:*.mp4v=01;35:*.vob=01;35:*.qt=01;35:*.nuv=01;35:*.wmv=01;35:*.asf=01;35:*.rm=01;35:*.rmvb=01;35:*.flc=01;35:*.avi=01;35:*.fli=01;35:*.flv=01;35:*.gl=01;35:*.dl=01;35:*.xcf=01;35:*.xwd=01;35:*.yuv=01;35:*.cgm=01;35:*.emf=01;35:*.ogv=01;35:*.ogx=01;35:*.aac=00;36:*.au=00;36:*.flac=00;36:*.m4a=00;36:*.mid=00;36:*.midi=00;36:*.mka=00;36:*.mp3=00;36:*.mpc=00;36:*.ogg=00;36:*.ra=00;36:*.wav=00;36:*.oga=00;36:*.opus=00;36:*.spx=00;36:*.xspf=00;36:'), ('VSCODE_GIT_IPC_HANDLE', '/tmp/vscode-git-bb8c1a7c35.sock'), ('TERM_PROGRAM', 'vscode'), ('SSH_AUTH_SOCK', '/tmp/vscode-ssh-auth-8556e27b-e216-450b-b0cc-1f8365397382.sock'), ('AMENT_PREFIX_PATH', '/workspaces/IRS_Rover_ROS2_Workspace/rover_ws/install/rover_perception_msgs:/workspaces/IRS_Rover_ROS2_Workspace/rover_ws/install/rover_stereocam:/workspaces/IRS_Rover_ROS2_Workspace/rover_ws/install/rover_perception:/workspaces/IRS_Rover_ROS2_Workspace/rover_ws/install/rover_lidar:/workspaces/IRS_Rover_ROS2_Workspace/rover_ws/install/rover_control_msgs:/workspaces/IRS_Rover_ROS2_Workspace/rover_ws/install/rover_control:/opt/ros/humble'), ('SHELL', '/bin/bash'), ('VSCODE_GIT_ASKPASS_EXTRA_ARGS', ''), ('PWD', '/workspaces/IRS_Rover_ROS2_Workspace/rover_ws/build/rover_perception_msgs'), ('LC_ALL', 'C.UTF-8'), ('COPILOT_DEBUG_NONCE', 'ebb28b2f47a55d9f123b03f75e673fb9'), ('PYTHONPATH', '/workspaces/IRS_Rover_ROS2_Workspace/rover_ws/install/rover_perception_msgs/local/lib/python3.10/dist-packages:/workspaces/IRS_Rover_ROS2_Workspace/rover_ws/install/rover_stereocam/lib/python3.10/site-packages:/workspaces/IRS_Rover_ROS2_Workspace/rover_ws/install/rover_perception/lib/python3.10/site-packages:/workspaces/IRS_Rover_ROS2_Workspace/rover_ws/install/rover_lidar/lib/python3.10/site-packages:/workspaces/IRS_Rover_ROS2_Workspace/rover_ws/install/rover_control_msgs/local/lib/python3.10/dist-packages:/workspaces/IRS_Rover_ROS2_Workspace/rover_ws/install/rover_control/lib/python3.10/site-packages:/opt/ros/humble/lib/python3.10/site-packages:/opt/ros/humble/local/lib/python3.10/dist-packages'), ('COLCON', '1'), ('CMAKE_PREFIX_PATH', '/workspaces/IRS_Rover_ROS2_Workspace/rover_ws/install/rover_perception_msgs:/workspaces/IRS_Rover_ROS2_Workspace/rover_ws/install/rover_control_msgs:/workspaces/IRS_Rover_ROS2_Workspace/rover_ws/install/rover_stereocam:/workspaces/IRS_Rover_ROS2_Workspace/rover_ws/install/rover_perception:/workspaces/IRS_Rover_ROS2_Workspace/rover_ws/install/rover_lidar:/workspaces/IRS_Rover_ROS2_Workspace/rover_ws/install/rover_control:/opt/ros/humble')]), 'shell': False}
[0.605083] (-) TimerEvent: {}
[0.707869] (-) TimerEvent: {}
[0.808993] (-) TimerEvent: {}
[0.909912] (-) TimerEvent: {}
[1.010906] (-) TimerEvent: {}
[1.112169] (-) TimerEvent: {}
[1.213000] (-) TimerEvent: {}
[1.256445] (rover_perception_msgs) StdoutLine: {'line': b'[  6%] Built target rover_perception_msgs__rs\n'}
[1.259484] (rover_perception_msgs) StdoutLine: {'line': b'[  8%] Built target rover_perception_msgs__cpp\n'}
[1.263538] (rover_perception_msgs) StdoutLine: {'line': b'[ 14%] Built target rover_perception_msgs__rosidl_generator_c\n'}
[1.267129] (rover_control_msgs) JobProgress: {'identifier': 'rover_control_msgs', 'progress': 'cmake'}
[1.271743] (rover_control_msgs) JobProgress: {'identifier': 'rover_control_msgs', 'progress': 'build'}
[1.277325] (rover_control_msgs) Command: {'cmd': ['/usr/bin/cmake', '--build', '/workspaces/IRS_Rover_ROS2_Workspace/rover_ws/build/rover_control_msgs', '--', '-j12', '-l12'], 'cwd': '/workspaces/IRS_Rover_ROS2_Workspace/rover_ws/build/rover_control_msgs', 'env': OrderedDict([('PYTHON_BASIC_REPL', '1'), ('HOSTNAME', '06335fee11bd'), ('GIT_ASKPASS', '/vscode/vscode-server/bin/linux-x64/4fe60c8b1cdac1c4c174f2fb180d0d758272d713/extensions/git/dist/askpass.sh'), ('SHLVL', '2'), ('LD_LIBRARY_PATH', '/workspaces/IRS_Rover_ROS2_Workspace/rover_ws/install/rover_perception_msgs/lib:/workspaces/IRS_Rover_ROS2_Workspace/rover_ws/install/rover_control_msgs/lib:/opt/ros/humble/opt/rviz_ogre_vendor/lib:/opt/ros/humble/lib/x86_64-linux-gnu:/opt/ros/humble/lib'), ('BROWSER', '/vscode/vscode-server/bin/linux-x64/4fe60c8b1cdac1c4c174f2fb180d0d758272d713/bin/helpers/browser.sh'), ('HOME', '/root'), ('OLDPWD', '/workspaces/IRS_Rover_ROS2_Workspace'), ('TERM_PROGRAM_VERSION', '1.127.0'), ('VSCODE_IPC_HOOK_CLI', '/tmp/vscode-ipc-3e6332f7-9fde-4cf4-86c7-54ac10099b1e.sock'), ('ROS_PYTHON_VERSION', '3'), ('VSCODE_GIT_ASKPASS_MAIN', '/vscode/vscode-server/bin/linux-x64/4fe60c8b1cdac1c4c174f2fb180d0d758272d713/extensions/git/dist/askpass-main.js'), ('VSCODE_GIT_ASKPASS_NODE', '/vscode/vscode-server/bin/linux-x64/4fe60c8b1cdac1c4c174f2fb180d0d758272d713/node'), ('PYDEVD_DISABLE_FILE_VALIDATION', '1'), ('BUNDLED_DEBUGPY_PATH', '/root/.vscode-server/extensions/ms-python.debugpy-2026.6.0-linux-x64/bundled/libs/debugpy'), ('VSCODE_PYTHON_AUTOACTIVATE_GUARD', '1'), ('COLORTERM', 'truecolor'), ('REMOTE_CONTAINERS', 'true'), ('COLCON_PREFIX_PATH', '/workspaces/IRS_Rover_ROS2_Workspace/rover_ws/install'), ('ROS_DISTRO', 'humble'), ('REMOTE_CONTAINERS_IPC', '/tmp/vscode-remote-containers-ipc-8556e27b-e216-450b-b0cc-1f8365397382.sock'), ('_', '/usr/bin/colcon'), ('ROS_VERSION', '2'), ('TERM', 'xterm-256color'), ('ROS_LOCALHOST_ONLY', '0'), ('PATH', '/root/.vscode-server/data/User/globalStorage/github.copilot-chat/debugCommand:/root/.vscode-server/data/User/globalStorage/github.copilot-chat/copilotCli:/vscode/vscode-server/bin/linux-x64/4fe60c8b1cdac1c4c174f2fb180d0d758272d713/bin/remote-cli:/opt/ros/humble/bin:/usr/local/sbin:/usr/local/bin:/usr/sbin:/usr/bin:/sbin:/bin:/root/.vscode-server/extensions/ms-python.debugpy-2026.6.0-linux-x64/bundled/scripts/noConfigScripts'), ('REMOTE_CONTAINERS_SOCKETS', '["/tmp/vscode-ssh-auth-8556e27b-e216-450b-b0cc-1f8365397382.sock"]'), ('VSCODE_DEBUGPY_ADAPTER_ENDPOINTS', '/root/.vscode-server/extensions/ms-python.debugpy-2026.6.0-linux-x64/.noConfigDebugAdapterEndpoints/endpoint-1e3a0fbd7d538503.txt'), ('LANG', 'C.UTF-8'), ('PYTHONSTARTUP', '/root/.vscode-server/data/User/workspaceStorage/7242e97d3df64538730a6ed5a855f433/ms-python.python/pythonrc.py'), ('LS_COLORS', 'rs=0:di=01;34:ln=01;36:mh=00:pi=40;33:so=01;35:do=01;35:bd=40;33;01:cd=40;33;01:or=40;31;01:mi=00:su=37;41:sg=30;43:ca=30;41:tw=30;42:ow=34;42:st=37;44:ex=01;32:*.tar=01;31:*.tgz=01;31:*.arc=01;31:*.arj=01;31:*.taz=01;31:*.lha=01;31:*.lz4=01;31:*.lzh=01;31:*.lzma=01;31:*.tlz=01;31:*.txz=01;31:*.tzo=01;31:*.t7z=01;31:*.zip=01;31:*.z=01;31:*.dz=01;31:*.gz=01;31:*.lrz=01;31:*.lz=01;31:*.lzo=01;31:*.xz=01;31:*.zst=01;31:*.tzst=01;31:*.bz2=01;31:*.bz=01;31:*.tbz=01;31:*.tbz2=01;31:*.tz=01;31:*.deb=01;31:*.rpm=01;31:*.jar=01;31:*.war=01;31:*.ear=01;31:*.sar=01;31:*.rar=01;31:*.alz=01;31:*.ace=01;31:*.zoo=01;31:*.cpio=01;31:*.7z=01;31:*.rz=01;31:*.cab=01;31:*.wim=01;31:*.swm=01;31:*.dwm=01;31:*.esd=01;31:*.jpg=01;35:*.jpeg=01;35:*.mjpg=01;35:*.mjpeg=01;35:*.gif=01;35:*.bmp=01;35:*.pbm=01;35:*.pgm=01;35:*.ppm=01;35:*.tga=01;35:*.xbm=01;35:*.xpm=01;35:*.tif=01;35:*.tiff=01;35:*.png=01;35:*.svg=01;35:*.svgz=01;35:*.mng=01;35:*.pcx=01;35:*.mov=01;35:*.mpg=01;35:*.mpeg=01;35:*.m2v=01;35:*.mkv=01;35:*.webm=01;35:*.webp=01;35:*.ogm=01;35:*.mp4=01;35:*.m4v=01;35:*.mp4v=01;35:*.vob=01;35:*.qt=01;35:*.nuv=01;35:*.wmv=01;35:*.asf=01;35:*.rm=01;35:*.rmvb=01;35:*.flc=01;35:*.avi=01;35:*.fli=01;35:*.flv=01;35:*.gl=01;35:*.dl=01;35:*.xcf=01;35:*.xwd=01;35:*.yuv=01;35:*.cgm=01;35:*.emf=01;35:*.ogv=01;35:*.ogx=01;35:*.aac=00;36:*.au=00;36:*.flac=00;36:*.m4a=00;36:*.mid=00;36:*.midi=00;36:*.mka=00;36:*.mp3=00;36:*.mpc=00;36:*.ogg=00;36:*.ra=00;36:*.wav=00;36:*.oga=00;36:*.opus=00;36:*.spx=00;36:*.xspf=00;36:'), ('VSCODE_GIT_IPC_HANDLE', '/tmp/vscode-git-bb8c1a7c35.sock'), ('TERM_PROGRAM', 'vscode'), ('SSH_AUTH_SOCK', '/tmp/vscode-ssh-auth-8556e27b-e216-450b-b0cc-1f8365397382.sock'), ('AMENT_PREFIX_PATH', '/workspaces/IRS_Rover_ROS2_Workspace/rover_ws/install/rover_perception_msgs:/workspaces/IRS_Rover_ROS2_Workspace/rover_ws/install/rover_stereocam:/workspaces/IRS_Rover_ROS2_Workspace/rover_ws/install/rover_perception:/workspaces/IRS_Rover_ROS2_Workspace/rover_ws/install/rover_lidar:/workspaces/IRS_Rover_ROS2_Workspace/rover_ws/install/rover_control_msgs:/workspaces/IRS_Rover_ROS2_Workspace/rover_ws/install/rover_control:/opt/ros/humble'), ('SHELL', '/bin/bash'), ('VSCODE_GIT_ASKPASS_EXTRA_ARGS', ''), ('PWD', '/workspaces/IRS_Rover_ROS2_Workspace/rover_ws/build/rover_control_msgs'), ('LC_ALL', 'C.UTF-8'), ('COPILOT_DEBUG_NONCE', 'ebb28b2f47a55d9f123b03f75e673fb9'), ('PYTHONPATH', '/workspaces/IRS_Rover_ROS2_Workspace/rover_ws/install/rover_perception_msgs/local/lib/python3.10/dist-packages:/workspaces/IRS_Rover_ROS2_Workspace/rover_ws/install/rover_stereocam/lib/python3.10/site-packages:/workspaces/IRS_Rover_ROS2_Workspace/rover_ws/install/rover_perception/lib/python3.10/site-packages:/workspaces/IRS_Rover_ROS2_Workspace/rover_ws/install/rover_lidar/lib/python3.10/site-packages:/workspaces/IRS_Rover_ROS2_Workspace/rover_ws/install/rover_control_msgs/local/lib/python3.10/dist-packages:/workspaces/IRS_Rover_ROS2_Workspace/rover_ws/install/rover_control/lib/python3.10/site-packages:/opt/ros/humble/lib/python3.10/site-packages:/opt/ros/humble/local/lib/python3.10/dist-packages'), ('COLCON', '1'), ('CMAKE_PREFIX_PATH', '/workspaces/IRS_Rover_ROS2_Workspace/rover_ws/install/rover_perception_msgs:/workspaces/IRS_Rover_ROS2_Workspace/rover_ws/install/rover_control_msgs:/workspaces/IRS_Rover_ROS2_Workspace/rover_ws/install/rover_stereocam:/workspaces/IRS_Rover_ROS2_Workspace/rover_ws/install/rover_perception:/workspaces/IRS_Rover_ROS2_Workspace/rover_ws/install/rover_lidar:/workspaces/IRS_Rover_ROS2_Workspace/rover_ws/install/rover_control:/opt/ros/humble')]), 'shell': False}
[1.328983] (-) TimerEvent: {}
[1.429673] (rover_perception_msgs) StdoutLine: {'line': b'[ 14%] Built target ament_cmake_python_copy_rover_perception_msgs\n'}
[1.431801] (-) TimerEvent: {}
[1.533235] (-) TimerEvent: {}
[1.540570] (rover_perception_msgs) StdoutLine: {'line': b'[ 25%] Built target rover_perception_msgs__rosidl_typesupport_fastrtps_cpp\n'}
[1.625554] (rover_perception_msgs) StdoutLine: {'line': b'[ 52%] Built target rover_perception_msgs__rosidl_typesupport_introspection_cpp\n'}
[1.627602] (rover_perception_msgs) StdoutLine: {'line': b'[ 54%] Built target rover_perception_msgs__rosidl_typesupport_fastrtps_c\n'}
[1.630577] (rover_perception_msgs) StdoutLine: {'line': b'[ 56%] Built target rover_perception_msgs__rosidl_typesupport_cpp\n'}
[1.634122] (-) TimerEvent: {}
[1.664436] (rover_perception_msgs) StdoutLine: {'line': b'[ 77%] Built target rover_perception_msgs__rosidl_typesupport_c\n'}
[1.671268] (rover_perception_msgs) StdoutLine: {'line': b'[ 77%] Built target rover_perception_msgs__rosidl_typesupport_introspection_c\n'}
[1.734873] (-) TimerEvent: {}
[1.836088] (-) TimerEvent: {}
[1.936924] (-) TimerEvent: {}
[1.938941] (rover_perception_msgs) StdoutLine: {'line': b'[ 77%] Built target rover_perception_msgs\n'}
[2.037947] (-) TimerEvent: {}
[2.129590] (rover_control_msgs) StdoutLine: {'line': b'[  1%] Built target rover_control_msgs__rs\n'}
[2.138977] (-) TimerEvent: {}
[2.143357] (rover_control_msgs) StdoutLine: {'line': b'[ 14%] Built target rover_control_msgs__rosidl_generator_c\n'}
[2.144794] (rover_control_msgs) StdoutLine: {'line': b'[ 14%] Built target rover_control_msgs__cpp\n'}
[2.240036] (-) TimerEvent: {}
[2.310080] (rover_control) Command: {'cmd': ['/usr/bin/python3', '-W', 'ignore:setup.py install is deprecated', '-W', 'ignore:easy_install command is deprecated', 'setup.py', 'egg_info', '--egg-base', '../../build/rover_control', 'build', '--build-base', '/workspaces/IRS_Rover_ROS2_Workspace/rover_ws/build/rover_control/build', 'install', '--record', '/workspaces/IRS_Rover_ROS2_Workspace/rover_ws/build/rover_control/install.log', '--single-version-externally-managed', 'install_data'], 'cwd': '/workspaces/IRS_Rover_ROS2_Workspace/rover_ws/src/rover_control', 'env': {'PYTHON_BASIC_REPL': '1', 'HOSTNAME': '06335fee11bd', 'GIT_ASKPASS': '/vscode/vscode-server/bin/linux-x64/4fe60c8b1cdac1c4c174f2fb180d0d758272d713/extensions/git/dist/askpass.sh', 'SHLVL': '2', 'LD_LIBRARY_PATH': '/workspaces/IRS_Rover_ROS2_Workspace/rover_ws/install/rover_perception_msgs/lib:/workspaces/IRS_Rover_ROS2_Workspace/rover_ws/install/rover_control_msgs/lib:/opt/ros/humble/opt/rviz_ogre_vendor/lib:/opt/ros/humble/lib/x86_64-linux-gnu:/opt/ros/humble/lib', 'BROWSER': '/vscode/vscode-server/bin/linux-x64/4fe60c8b1cdac1c4c174f2fb180d0d758272d713/bin/helpers/browser.sh', 'HOME': '/root', 'OLDPWD': '/workspaces/IRS_Rover_ROS2_Workspace', 'TERM_PROGRAM_VERSION': '1.127.0', 'VSCODE_IPC_HOOK_CLI': '/tmp/vscode-ipc-3e6332f7-9fde-4cf4-86c7-54ac10099b1e.sock', 'ROS_PYTHON_VERSION': '3', 'VSCODE_GIT_ASKPASS_MAIN': '/vscode/vscode-server/bin/linux-x64/4fe60c8b1cdac1c4c174f2fb180d0d758272d713/extensions/git/dist/askpass-main.js', 'VSCODE_GIT_ASKPASS_NODE': '/vscode/vscode-server/bin/linux-x64/4fe60c8b1cdac1c4c174f2fb180d0d758272d713/node', 'PYDEVD_DISABLE_FILE_VALIDATION': '1', 'BUNDLED_DEBUGPY_PATH': '/root/.vscode-server/extensions/ms-python.debugpy-2026.6.0-linux-x64/bundled/libs/debugpy', 'VSCODE_PYTHON_AUTOACTIVATE_GUARD': '1', 'COLORTERM': 'truecolor', 'REMOTE_CONTAINERS': 'true', 'COLCON_PREFIX_PATH': '/workspaces/IRS_Rover_ROS2_Workspace/rover_ws/install', 'ROS_DISTRO': 'humble', 'REMOTE_CONTAINERS_IPC': '/tmp/vscode-remote-containers-ipc-8556e27b-e216-450b-b0cc-1f8365397382.sock', '_': '/usr/bin/colcon', 'ROS_VERSION': '2', 'TERM': 'xterm-256color', 'ROS_LOCALHOST_ONLY': '0', 'PATH': '/root/.vscode-server/data/User/globalStorage/github.copilot-chat/debugCommand:/root/.vscode-server/data/User/globalStorage/github.copilot-chat/copilotCli:/vscode/vscode-server/bin/linux-x64/4fe60c8b1cdac1c4c174f2fb180d0d758272d713/bin/remote-cli:/opt/ros/humble/bin:/usr/local/sbin:/usr/local/bin:/usr/sbin:/usr/bin:/sbin:/bin:/root/.vscode-server/extensions/ms-python.debugpy-2026.6.0-linux-x64/bundled/scripts/noConfigScripts', 'REMOTE_CONTAINERS_SOCKETS': '["/tmp/vscode-ssh-auth-8556e27b-e216-450b-b0cc-1f8365397382.sock"]', 'VSCODE_DEBUGPY_ADAPTER_ENDPOINTS': '/root/.vscode-server/extensions/ms-python.debugpy-2026.6.0-linux-x64/.noConfigDebugAdapterEndpoints/endpoint-1e3a0fbd7d538503.txt', 'LANG': 'C.UTF-8', 'PYTHONSTARTUP': '/root/.vscode-server/data/User/workspaceStorage/7242e97d3df64538730a6ed5a855f433/ms-python.python/pythonrc.py', 'LS_COLORS': 'rs=0:di=01;34:ln=01;36:mh=00:pi=40;33:so=01;35:do=01;35:bd=40;33;01:cd=40;33;01:or=40;31;01:mi=00:su=37;41:sg=30;43:ca=30;41:tw=30;42:ow=34;42:st=37;44:ex=01;32:*.tar=01;31:*.tgz=01;31:*.arc=01;31:*.arj=01;31:*.taz=01;31:*.lha=01;31:*.lz4=01;31:*.lzh=01;31:*.lzma=01;31:*.tlz=01;31:*.txz=01;31:*.tzo=01;31:*.t7z=01;31:*.zip=01;31:*.z=01;31:*.dz=01;31:*.gz=01;31:*.lrz=01;31:*.lz=01;31:*.lzo=01;31:*.xz=01;31:*.zst=01;31:*.tzst=01;31:*.bz2=01;31:*.bz=01;31:*.tbz=01;31:*.tbz2=01;31:*.tz=01;31:*.deb=01;31:*.rpm=01;31:*.jar=01;31:*.war=01;31:*.ear=01;31:*.sar=01;31:*.rar=01;31:*.alz=01;31:*.ace=01;31:*.zoo=01;31:*.cpio=01;31:*.7z=01;31:*.rz=01;31:*.cab=01;31:*.wim=01;31:*.swm=01;31:*.dwm=01;31:*.esd=01;31:*.jpg=01;35:*.jpeg=01;35:*.mjpg=01;35:*.mjpeg=01;35:*.gif=01;35:*.bmp=01;35:*.pbm=01;35:*.pgm=01;35:*.ppm=01;35:*.tga=01;35:*.xbm=01;35:*.xpm=01;35:*.tif=01;35:*.tiff=01;35:*.png=01;35:*.svg=01;35:*.svgz=01;35:*.mng=01;35:*.pcx=01;35:*.mov=01;35:*.mpg=01;35:*.mpeg=01;35:*.m2v=01;35:*.mkv=01;35:*.webm=01;35:*.webp=01;35:*.ogm=01;35:*.mp4=01;35:*.m4v=01;35:*.mp4v=01;35:*.vob=01;35:*.qt=01;35:*.nuv=01;35:*.wmv=01;35:*.asf=01;35:*.rm=01;35:*.rmvb=01;35:*.flc=01;35:*.avi=01;35:*.fli=01;35:*.flv=01;35:*.gl=01;35:*.dl=01;35:*.xcf=01;35:*.xwd=01;35:*.yuv=01;35:*.cgm=01;35:*.emf=01;35:*.ogv=01;35:*.ogx=01;35:*.aac=00;36:*.au=00;36:*.flac=00;36:*.m4a=00;36:*.mid=00;36:*.midi=00;36:*.mka=00;36:*.mp3=00;36:*.mpc=00;36:*.ogg=00;36:*.ra=00;36:*.wav=00;36:*.oga=00;36:*.opus=00;36:*.spx=00;36:*.xspf=00;36:', 'VSCODE_GIT_IPC_HANDLE': '/tmp/vscode-git-bb8c1a7c35.sock', 'TERM_PROGRAM': 'vscode', 'SSH_AUTH_SOCK': '/tmp/vscode-ssh-auth-8556e27b-e216-450b-b0cc-1f8365397382.sock', 'AMENT_PREFIX_PATH': '/workspaces/IRS_Rover_ROS2_Workspace/rover_ws/install/rover_perception_msgs:/workspaces/IRS_Rover_ROS2_Workspace/rover_ws/install/rover_stereocam:/workspaces/IRS_Rover_ROS2_Workspace/rover_ws/install/rover_perception:/workspaces/IRS_Rover_ROS2_Workspace/rover_ws/install/rover_lidar:/workspaces/IRS_Rover_ROS2_Workspace/rover_ws/install/rover_control_msgs:/workspaces/IRS_Rover_ROS2_Workspace/rover_ws/install/rover_control:/opt/ros/humble', 'SHELL': '/bin/bash', 'VSCODE_GIT_ASKPASS_EXTRA_ARGS': '', 'PWD': '/workspaces/IRS_Rover_ROS2_Workspace/rover_ws/build/rover_control', 'LC_ALL': 'C.UTF-8', 'COPILOT_DEBUG_NONCE': 'ebb28b2f47a55d9f123b03f75e673fb9', 'PYTHONPATH': '/workspaces/IRS_Rover_ROS2_Workspace/rover_ws/build/rover_control/prefix_override:/usr/lib/python3/dist-packages/colcon_core/task/python/colcon_distutils_commands:/workspaces/IRS_Rover_ROS2_Workspace/rover_ws/install/rover_control/lib/python3.10/site-packages:/workspaces/IRS_Rover_ROS2_Workspace/rover_ws/install/rover_perception_msgs/local/lib/python3.10/dist-packages:/workspaces/IRS_Rover_ROS2_Workspace/rover_ws/install/rover_stereocam/lib/python3.10/site-packages:/workspaces/IRS_Rover_ROS2_Workspace/rover_ws/install/rover_perception/lib/python3.10/site-packages:/workspaces/IRS_Rover_ROS2_Workspace/rover_ws/install/rover_lidar/lib/python3.10/site-packages:/workspaces/IRS_Rover_ROS2_Workspace/rover_ws/install/rover_control_msgs/local/lib/python3.10/dist-packages:/workspaces/IRS_Rover_ROS2_Workspace/rover_ws/install/rover_control/lib/python3.10/site-packages:/opt/ros/humble/lib/python3.10/site-packages:/opt/ros/humble/local/lib/python3.10/dist-packages', 'COLCON': '1', 'CMAKE_PREFIX_PATH': '/workspaces/IRS_Rover_ROS2_Workspace/rover_ws/install/rover_perception_msgs:/workspaces/IRS_Rover_ROS2_Workspace/rover_ws/install/rover_control_msgs'}, 'shell': False}
[2.347233] (rover_lidar) Command: {'cmd': ['/usr/bin/python3', '-W', 'ignore:setup.py install is deprecated', '-W', 'ignore:easy_install command is deprecated', 'setup.py', 'egg_info', '--egg-base', '../../build/rover_lidar', 'build', '--build-base', '/workspaces/IRS_Rover_ROS2_Workspace/rover_ws/build/rover_lidar/build', 'install', '--record', '/workspaces/IRS_Rover_ROS2_Workspace/rover_ws/build/rover_lidar/install.log', '--single-version-externally-managed', 'install_data'], 'cwd': '/workspaces/IRS_Rover_ROS2_Workspace/rover_ws/src/rover_lidar', 'env': {'PYTHON_BASIC_REPL': '1', 'HOSTNAME': '06335fee11bd', 'GIT_ASKPASS': '/vscode/vscode-server/bin/linux-x64/4fe60c8b1cdac1c4c174f2fb180d0d758272d713/extensions/git/dist/askpass.sh', 'SHLVL': '2', 'LD_LIBRARY_PATH': '/workspaces/IRS_Rover_ROS2_Workspace/rover_ws/install/rover_perception_msgs/lib:/workspaces/IRS_Rover_ROS2_Workspace/rover_ws/install/rover_control_msgs/lib:/opt/ros/humble/opt/rviz_ogre_vendor/lib:/opt/ros/humble/lib/x86_64-linux-gnu:/opt/ros/humble/lib', 'BROWSER': '/vscode/vscode-server/bin/linux-x64/4fe60c8b1cdac1c4c174f2fb180d0d758272d713/bin/helpers/browser.sh', 'HOME': '/root', 'OLDPWD': '/workspaces/IRS_Rover_ROS2_Workspace', 'TERM_PROGRAM_VERSION': '1.127.0', 'VSCODE_IPC_HOOK_CLI': '/tmp/vscode-ipc-3e6332f7-9fde-4cf4-86c7-54ac10099b1e.sock', 'ROS_PYTHON_VERSION': '3', 'VSCODE_GIT_ASKPASS_MAIN': '/vscode/vscode-server/bin/linux-x64/4fe60c8b1cdac1c4c174f2fb180d0d758272d713/extensions/git/dist/askpass-main.js', 'VSCODE_GIT_ASKPASS_NODE': '/vscode/vscode-server/bin/linux-x64/4fe60c8b1cdac1c4c174f2fb180d0d758272d713/node', 'PYDEVD_DISABLE_FILE_VALIDATION': '1', 'BUNDLED_DEBUGPY_PATH': '/root/.vscode-server/extensions/ms-python.debugpy-2026.6.0-linux-x64/bundled/libs/debugpy', 'VSCODE_PYTHON_AUTOACTIVATE_GUARD': '1', 'COLORTERM': 'truecolor', 'REMOTE_CONTAINERS': 'true', 'COLCON_PREFIX_PATH': '/workspaces/IRS_Rover_ROS2_Workspace/rover_ws/install', 'ROS_DISTRO': 'humble', 'REMOTE_CONTAINERS_IPC': '/tmp/vscode-remote-containers-ipc-8556e27b-e216-450b-b0cc-1f8365397382.sock', '_': '/usr/bin/colcon', 'ROS_VERSION': '2', 'TERM': 'xterm-256color', 'ROS_LOCALHOST_ONLY': '0', 'PATH': '/root/.vscode-server/data/User/globalStorage/github.copilot-chat/debugCommand:/root/.vscode-server/data/User/globalStorage/github.copilot-chat/copilotCli:/vscode/vscode-server/bin/linux-x64/4fe60c8b1cdac1c4c174f2fb180d0d758272d713/bin/remote-cli:/opt/ros/humble/bin:/usr/local/sbin:/usr/local/bin:/usr/sbin:/usr/bin:/sbin:/bin:/root/.vscode-server/extensions/ms-python.debugpy-2026.6.0-linux-x64/bundled/scripts/noConfigScripts', 'REMOTE_CONTAINERS_SOCKETS': '["/tmp/vscode-ssh-auth-8556e27b-e216-450b-b0cc-1f8365397382.sock"]', 'VSCODE_DEBUGPY_ADAPTER_ENDPOINTS': '/root/.vscode-server/extensions/ms-python.debugpy-2026.6.0-linux-x64/.noConfigDebugAdapterEndpoints/endpoint-1e3a0fbd7d538503.txt', 'LANG': 'C.UTF-8', 'PYTHONSTARTUP': '/root/.vscode-server/data/User/workspaceStorage/7242e97d3df64538730a6ed5a855f433/ms-python.python/pythonrc.py', 'LS_COLORS': 'rs=0:di=01;34:ln=01;36:mh=00:pi=40;33:so=01;35:do=01;35:bd=40;33;01:cd=40;33;01:or=40;31;01:mi=00:su=37;41:sg=30;43:ca=30;41:tw=30;42:ow=34;42:st=37;44:ex=01;32:*.tar=01;31:*.tgz=01;31:*.arc=01;31:*.arj=01;31:*.taz=01;31:*.lha=01;31:*.lz4=01;31:*.lzh=01;31:*.lzma=01;31:*.tlz=01;31:*.txz=01;31:*.tzo=01;31:*.t7z=01;31:*.zip=01;31:*.z=01;31:*.dz=01;31:*.gz=01;31:*.lrz=01;31:*.lz=01;31:*.lzo=01;31:*.xz=01;31:*.zst=01;31:*.tzst=01;31:*.bz2=01;31:*.bz=01;31:*.tbz=01;31:*.tbz2=01;31:*.tz=01;31:*.deb=01;31:*.rpm=01;31:*.jar=01;31:*.war=01;31:*.ear=01;31:*.sar=01;31:*.rar=01;31:*.alz=01;31:*.ace=01;31:*.zoo=01;31:*.cpio=01;31:*.7z=01;31:*.rz=01;31:*.cab=01;31:*.wim=01;31:*.swm=01;31:*.dwm=01;31:*.esd=01;31:*.jpg=01;35:*.jpeg=01;35:*.mjpg=01;35:*.mjpeg=01;35:*.gif=01;35:*.bmp=01;35:*.pbm=01;35:*.pgm=01;35:*.ppm=01;35:*.tga=01;35:*.xbm=01;35:*.xpm=01;35:*.tif=01;35:*.tiff=01;35:*.png=01;35:*.svg=01;35:*.svgz=01;35:*.mng=01;35:*.pcx=01;35:*.mov=01;35:*.mpg=01;35:*.mpeg=01;35:*.m2v=01;35:*.mkv=01;35:*.webm=01;35:*.webp=01;35:*.ogm=01;35:*.mp4=01;35:*.m4v=01;35:*.mp4v=01;35:*.vob=01;35:*.qt=01;35:*.nuv=01;35:*.wmv=01;35:*.asf=01;35:*.rm=01;35:*.rmvb=01;35:*.flc=01;35:*.avi=01;35:*.fli=01;35:*.flv=01;35:*.gl=01;35:*.dl=01;35:*.xcf=01;35:*.xwd=01;35:*.yuv=01;35:*.cgm=01;35:*.emf=01;35:*.ogv=01;35:*.ogx=01;35:*.aac=00;36:*.au=00;36:*.flac=00;36:*.m4a=00;36:*.mid=00;36:*.midi=00;36:*.mka=00;36:*.mp3=00;36:*.mpc=00;36:*.ogg=00;36:*.ra=00;36:*.wav=00;36:*.oga=00;36:*.opus=00;36:*.spx=00;36:*.xspf=00;36:', 'VSCODE_GIT_IPC_HANDLE': '/tmp/vscode-git-bb8c1a7c35.sock', 'TERM_PROGRAM': 'vscode', 'SSH_AUTH_SOCK': '/tmp/vscode-ssh-auth-8556e27b-e216-450b-b0cc-1f8365397382.sock', 'AMENT_PREFIX_PATH': '/workspaces/IRS_Rover_ROS2_Workspace/rover_ws/install/rover_perception_msgs:/workspaces/IRS_Rover_ROS2_Workspace/rover_ws/install/rover_stereocam:/workspaces/IRS_Rover_ROS2_Workspace/rover_ws/install/rover_perception:/workspaces/IRS_Rover_ROS2_Workspace/rover_ws/install/rover_lidar:/workspaces/IRS_Rover_ROS2_Workspace/rover_ws/install/rover_control_msgs:/workspaces/IRS_Rover_ROS2_Workspace/rover_ws/install/rover_control:/opt/ros/humble', 'SHELL': '/bin/bash', 'VSCODE_GIT_ASKPASS_EXTRA_ARGS': '', 'PWD': '/workspaces/IRS_Rover_ROS2_Workspace/rover_ws/build/rover_lidar', 'LC_ALL': 'C.UTF-8', 'COPILOT_DEBUG_NONCE': 'ebb28b2f47a55d9f123b03f75e673fb9', 'PYTHONPATH': '/workspaces/IRS_Rover_ROS2_Workspace/rover_ws/build/rover_lidar/prefix_override:/usr/lib/python3/dist-packages/colcon_core/task/python/colcon_distutils_commands:/workspaces/IRS_Rover_ROS2_Workspace/rover_ws/install/rover_lidar/lib/python3.10/site-packages:/workspaces/IRS_Rover_ROS2_Workspace/rover_ws/install/rover_perception_msgs/local/lib/python3.10/dist-packages:/workspaces/IRS_Rover_ROS2_Workspace/rover_ws/install/rover_stereocam/lib/python3.10/site-packages:/workspaces/IRS_Rover_ROS2_Workspace/rover_ws/install/rover_perception/lib/python3.10/site-packages:/workspaces/IRS_Rover_ROS2_Workspace/rover_ws/install/rover_lidar/lib/python3.10/site-packages:/workspaces/IRS_Rover_ROS2_Workspace/rover_ws/install/rover_control_msgs/local/lib/python3.10/dist-packages:/workspaces/IRS_Rover_ROS2_Workspace/rover_ws/install/rover_control/lib/python3.10/site-packages:/opt/ros/humble/lib/python3.10/site-packages:/opt/ros/humble/local/lib/python3.10/dist-packages', 'COLCON': '1', 'CMAKE_PREFIX_PATH': '/workspaces/IRS_Rover_ROS2_Workspace/rover_ws/install/rover_perception_msgs:/workspaces/IRS_Rover_ROS2_Workspace/rover_ws/install/rover_control_msgs'}, 'shell': False}
[2.363677] (-) TimerEvent: {}
[2.364302] (rover_perception_msgs) StdoutLine: {'line': b'running egg_info\n'}
[2.365978] (rover_perception_msgs) StdoutLine: {'line': b'writing rover_perception_msgs.egg-info/PKG-INFO\n'}
[2.368031] (rover_perception_msgs) StdoutLine: {'line': b'writing dependency_links to rover_perception_msgs.egg-info/dependency_links.txt\n'}
[2.369602] (rover_perception_msgs) StdoutLine: {'line': b'writing top-level names to rover_perception_msgs.egg-info/top_level.txt\n'}
[2.379842] (rover_perception_msgs) StdoutLine: {'line': b"reading manifest file 'rover_perception_msgs.egg-info/SOURCES.txt'\n"}
[2.384399] (rover_perception_msgs) StdoutLine: {'line': b"writing manifest file 'rover_perception_msgs.egg-info/SOURCES.txt'\n"}
[2.428288] (rover_perception_msgs) StdoutLine: {'line': b'[ 79%] Built target rover_perception_msgs__py\n'}
[2.465500] (-) TimerEvent: {}
[2.568552] (-) TimerEvent: {}
[2.670152] (-) TimerEvent: {}
[2.722908] (rover_control_msgs) StdoutLine: {'line': b'[ 14%] Built target ament_cmake_python_copy_rover_control_msgs\n'}
[2.728975] (rover_perception_msgs) StdoutLine: {'line': b'[ 79%] Built target ament_cmake_python_build_rover_perception_msgs_egg\n'}
[2.770856] (-) TimerEvent: {}
[2.872007] (-) TimerEvent: {}
[2.921729] (rover_control_msgs) StdoutLine: {'line': b'[ 33%] Built target rover_control_msgs__rosidl_typesupport_cpp\n'}
[2.927535] (rover_control_msgs) StdoutLine: {'line': b'[ 35%] Built target rover_control_msgs__rosidl_typesupport_introspection_c\n'}
[2.963473] (rover_control_msgs) StdoutLine: {'line': b'[ 50%] Built target rover_control_msgs__rosidl_typesupport_fastrtps_c\n'}
[2.974062] (-) TimerEvent: {}
[2.979148] (rover_control_msgs) StdoutLine: {'line': b'[ 69%] Built target rover_control_msgs__rosidl_typesupport_fastrtps_cpp\n'}
[2.984630] (rover_control_msgs) StdoutLine: {'line': b'[ 75%] Built target rover_control_msgs__rosidl_typesupport_introspection_cpp\n'}
[2.993156] (rover_control_msgs) StdoutLine: {'line': b'[ 78%] Built target rover_control_msgs__rosidl_typesupport_c\n'}
[3.066018] (rover_perception_msgs) StdoutLine: {'line': b'[ 87%] Built target rover_perception_msgs__rosidl_generator_py\n'}
[3.074938] (-) TimerEvent: {}
[3.138606] (rover_control) StdoutLine: {'line': b'running egg_info\n'}
[3.141147] (rover_control) StdoutLine: {'line': b'writing ../../build/rover_control/rover_control.egg-info/PKG-INFO\n'}
[3.145870] (rover_control) StdoutLine: {'line': b'writing dependency_links to ../../build/rover_control/rover_control.egg-info/dependency_links.txt\n'}
[3.147708] (rover_control) StdoutLine: {'line': b'writing entry points to ../../build/rover_control/rover_control.egg-info/entry_points.txt\n'}
[3.152108] (rover_control) StdoutLine: {'line': b'writing requirements to ../../build/rover_control/rover_control.egg-info/requires.txt\n'}
[3.154207] (rover_control) StdoutLine: {'line': b'writing top-level names to ../../build/rover_control/rover_control.egg-info/top_level.txt\n'}
[3.169007] (rover_control) StdoutLine: {'line': b"reading manifest file '../../build/rover_control/rover_control.egg-info/SOURCES.txt'\n"}
[3.174583] (rover_control) StdoutLine: {'line': b"writing manifest file '../../build/rover_control/rover_control.egg-info/SOURCES.txt'\n"}
[3.176070] (-) TimerEvent: {}
[3.176596] (rover_control) StdoutLine: {'line': b'running build\n'}
[3.178674] (rover_control) StdoutLine: {'line': b'running build_py\n'}
[3.184144] (rover_control) StdoutLine: {'line': b'running install\n'}
[3.185779] (rover_control) StdoutLine: {'line': b'running install_lib\n'}
[3.191628] (rover_control) StdoutLine: {'line': b'running install_data\n'}
[3.196322] (rover_control) StdoutLine: {'line': b'running install_egg_info\n'}
[3.198536] (rover_control) StdoutLine: {'line': b"removing '/workspaces/IRS_Rover_ROS2_Workspace/rover_ws/install/rover_control/lib/python3.10/site-packages/rover_control-0.0.0-py3.10.egg-info' (and everything under it)\n"}
[3.205932] (rover_control) StdoutLine: {'line': b'Copying ../../build/rover_control/rover_control.egg-info to /workspaces/IRS_Rover_ROS2_Workspace/rover_ws/install/rover_control/lib/python3.10/site-packages/rover_control-0.0.0-py3.10.egg-info\n'}
[3.212557] (rover_lidar) StdoutLine: {'line': b'running egg_info\n'}
[3.215163] (rover_lidar) StdoutLine: {'line': b'writing ../../build/rover_lidar/rover_lidar.egg-info/PKG-INFO\n'}
[3.217517] (rover_lidar) StdoutLine: {'line': b'writing dependency_links to ../../build/rover_lidar/rover_lidar.egg-info/dependency_links.txt\n'}
[3.220017] (rover_lidar) StdoutLine: {'line': b'writing entry points to ../../build/rover_lidar/rover_lidar.egg-info/entry_points.txt\n'}
[3.222810] (rover_lidar) StdoutLine: {'line': b'writing requirements to ../../build/rover_lidar/rover_lidar.egg-info/requires.txt\n'}
[3.225291] (rover_lidar) StdoutLine: {'line': b'writing top-level names to ../../build/rover_lidar/rover_lidar.egg-info/top_level.txt\n'}
[3.238975] (rover_lidar) StdoutLine: {'line': b"reading manifest file '../../build/rover_lidar/rover_lidar.egg-info/SOURCES.txt'\n"}
[3.246512] (rover_lidar) StdoutLine: {'line': b"writing manifest file '../../build/rover_lidar/rover_lidar.egg-info/SOURCES.txt'\n"}
[3.251291] (rover_control_msgs) StdoutLine: {'line': b'[ 78%] Built target rover_control_msgs\n'}
[3.253191] (rover_lidar) StdoutLine: {'line': b'running build\n'}
[3.254496] (rover_lidar) StdoutLine: {'line': b'running build_py\n'}
[3.256054] (rover_lidar) StdoutLine: {'line': b'running install\n'}
[3.257950] (rover_lidar) StdoutLine: {'line': b'running install_lib\n'}
[3.259959] (rover_control) StdoutLine: {'line': b'running install_scripts\n'}
[3.262444] (rover_lidar) StdoutLine: {'line': b'running install_data\n'}
[3.263719] (rover_lidar) StdoutLine: {'line': b'running install_egg_info\n'}
[3.266666] (rover_lidar) StdoutLine: {'line': b"removing '/workspaces/IRS_Rover_ROS2_Workspace/rover_ws/install/rover_lidar/lib/python3.10/site-packages/rover_lidar-0.0.0-py3.10.egg-info' (and everything under it)\n"}
[3.276306] (rover_lidar) StdoutLine: {'line': b'Copying ../../build/rover_lidar/rover_lidar.egg-info to /workspaces/IRS_Rover_ROS2_Workspace/rover_ws/install/rover_lidar/lib/python3.10/site-packages/rover_lidar-0.0.0-py3.10.egg-info\n'}
[3.278483] (-) TimerEvent: {}
[3.326923] (rover_lidar) StdoutLine: {'line': b'running install_scripts\n'}
[3.329233] (rover_control) StdoutLine: {'line': b'Installing command_node script to /workspaces/IRS_Rover_ROS2_Workspace/rover_ws/install/rover_control/lib/rover_control\n'}
[3.331062] (rover_control) StdoutLine: {'line': b'Installing fake_stm32_bridge_node script to /workspaces/IRS_Rover_ROS2_Workspace/rover_ws/install/rover_control/lib/rover_control\n'}
[3.334081] (rover_control) StdoutLine: {'line': b'Installing rover_pose_node script to /workspaces/IRS_Rover_ROS2_Workspace/rover_ws/install/rover_control/lib/rover_control\n'}
[3.336567] (rover_control) StdoutLine: {'line': b'Installing set_mode_node script to /workspaces/IRS_Rover_ROS2_Workspace/rover_ws/install/rover_control/lib/rover_control\n'}
[3.339233] (rover_control) StdoutLine: {'line': b'Installing stm_bridge_node script to /workspaces/IRS_Rover_ROS2_Workspace/rover_ws/install/rover_control/lib/rover_control\n'}
[3.342326] (rover_control) StdoutLine: {'line': b'Installing wifi_node script to /workspaces/IRS_Rover_ROS2_Workspace/rover_ws/install/rover_control/lib/rover_control\n'}
[3.349627] (rover_control) StdoutLine: {'line': b"writing list of installed files to '/workspaces/IRS_Rover_ROS2_Workspace/rover_ws/build/rover_control/install.log'\n"}
[3.378937] (-) TimerEvent: {}
[3.382921] (rover_lidar) StdoutLine: {'line': b'Installing fake_lidar_node script to /workspaces/IRS_Rover_ROS2_Workspace/rover_ws/install/rover_lidar/lib/rover_lidar\n'}
[3.387900] (rover_lidar) StdoutLine: {'line': b'Installing lidar_processing_node script to /workspaces/IRS_Rover_ROS2_Workspace/rover_ws/install/rover_lidar/lib/rover_lidar\n'}
[3.396822] (rover_lidar) StdoutLine: {'line': b"writing list of installed files to '/workspaces/IRS_Rover_ROS2_Workspace/rover_ws/build/rover_lidar/install.log'\n"}
[3.415139] (rover_control) CommandEnded: {'returncode': 0}
[3.440633] (rover_perception_msgs) StdoutLine: {'line': b'[ 93%] Built target rover_perception_msgs__rosidl_typesupport_fastrtps_c__pyext\n'}
[3.443695] (rover_perception_msgs) StdoutLine: {'line': b'[ 97%] Built target rover_perception_msgs__rosidl_typesupport_introspection_c__pyext\n'}
[3.448363] (rover_perception_msgs) StdoutLine: {'line': b'[100%] Built target rover_perception_msgs__rosidl_typesupport_c__pyext\n'}
[3.480090] (-) TimerEvent: {}
[3.514520] (rover_control) JobEnded: {'identifier': 'rover_control', 'rc': 0}
[3.521202] (rover_lidar) CommandEnded: {'returncode': 0}
[3.544725] (rover_control_msgs) StdoutLine: {'line': b'[ 80%] Built target rover_control_msgs__py\n'}
[3.581042] (-) TimerEvent: {}
[3.599209] (rover_lidar) JobEnded: {'identifier': 'rover_lidar', 'rc': 0}
[3.608534] (rover_perception_msgs) CommandEnded: {'returncode': 0}
[3.615564] (rover_perception_msgs) JobProgress: {'identifier': 'rover_perception_msgs', 'progress': 'install'}
[3.670218] (rover_perception_msgs) Command: {'cmd': ['/usr/bin/cmake', '--install', '/workspaces/IRS_Rover_ROS2_Workspace/rover_ws/build/rover_perception_msgs'], 'cwd': '/workspaces/IRS_Rover_ROS2_Workspace/rover_ws/build/rover_perception_msgs', 'env': OrderedDict([('PYTHON_BASIC_REPL', '1'), ('HOSTNAME', '06335fee11bd'), ('GIT_ASKPASS', '/vscode/vscode-server/bin/linux-x64/4fe60c8b1cdac1c4c174f2fb180d0d758272d713/extensions/git/dist/askpass.sh'), ('SHLVL', '2'), ('LD_LIBRARY_PATH', '/workspaces/IRS_Rover_ROS2_Workspace/rover_ws/install/rover_perception_msgs/lib:/workspaces/IRS_Rover_ROS2_Workspace/rover_ws/install/rover_control_msgs/lib:/opt/ros/humble/opt/rviz_ogre_vendor/lib:/opt/ros/humble/lib/x86_64-linux-gnu:/opt/ros/humble/lib'), ('BROWSER', '/vscode/vscode-server/bin/linux-x64/4fe60c8b1cdac1c4c174f2fb180d0d758272d713/bin/helpers/browser.sh'), ('HOME', '/root'), ('OLDPWD', '/workspaces/IRS_Rover_ROS2_Workspace'), ('TERM_PROGRAM_VERSION', '1.127.0'), ('VSCODE_IPC_HOOK_CLI', '/tmp/vscode-ipc-3e6332f7-9fde-4cf4-86c7-54ac10099b1e.sock'), ('ROS_PYTHON_VERSION', '3'), ('VSCODE_GIT_ASKPASS_MAIN', '/vscode/vscode-server/bin/linux-x64/4fe60c8b1cdac1c4c174f2fb180d0d758272d713/extensions/git/dist/askpass-main.js'), ('VSCODE_GIT_ASKPASS_NODE', '/vscode/vscode-server/bin/linux-x64/4fe60c8b1cdac1c4c174f2fb180d0d758272d713/node'), ('PYDEVD_DISABLE_FILE_VALIDATION', '1'), ('BUNDLED_DEBUGPY_PATH', '/root/.vscode-server/extensions/ms-python.debugpy-2026.6.0-linux-x64/bundled/libs/debugpy'), ('VSCODE_PYTHON_AUTOACTIVATE_GUARD', '1'), ('COLORTERM', 'truecolor'), ('REMOTE_CONTAINERS', 'true'), ('COLCON_PREFIX_PATH', '/workspaces/IRS_Rover_ROS2_Workspace/rover_ws/install'), ('ROS_DISTRO', 'humble'), ('REMOTE_CONTAINERS_IPC', '/tmp/vscode-remote-containers-ipc-8556e27b-e216-450b-b0cc-1f8365397382.sock'), ('_', '/usr/bin/colcon'), ('ROS_VERSION', '2'), ('TERM', 'xterm-256color'), ('ROS_LOCALHOST_ONLY', '0'), ('PATH', '/root/.vscode-server/data/User/globalStorage/github.copilot-chat/debugCommand:/root/.vscode-server/data/User/globalStorage/github.copilot-chat/copilotCli:/vscode/vscode-server/bin/linux-x64/4fe60c8b1cdac1c4c174f2fb180d0d758272d713/bin/remote-cli:/opt/ros/humble/bin:/usr/local/sbin:/usr/local/bin:/usr/sbin:/usr/bin:/sbin:/bin:/root/.vscode-server/extensions/ms-python.debugpy-2026.6.0-linux-x64/bundled/scripts/noConfigScripts'), ('REMOTE_CONTAINERS_SOCKETS', '["/tmp/vscode-ssh-auth-8556e27b-e216-450b-b0cc-1f8365397382.sock"]'), ('VSCODE_DEBUGPY_ADAPTER_ENDPOINTS', '/root/.vscode-server/extensions/ms-python.debugpy-2026.6.0-linux-x64/.noConfigDebugAdapterEndpoints/endpoint-1e3a0fbd7d538503.txt'), ('LANG', 'C.UTF-8'), ('PYTHONSTARTUP', '/root/.vscode-server/data/User/workspaceStorage/7242e97d3df64538730a6ed5a855f433/ms-python.python/pythonrc.py'), ('LS_COLORS', 'rs=0:di=01;34:ln=01;36:mh=00:pi=40;33:so=01;35:do=01;35:bd=40;33;01:cd=40;33;01:or=40;31;01:mi=00:su=37;41:sg=30;43:ca=30;41:tw=30;42:ow=34;42:st=37;44:ex=01;32:*.tar=01;31:*.tgz=01;31:*.arc=01;31:*.arj=01;31:*.taz=01;31:*.lha=01;31:*.lz4=01;31:*.lzh=01;31:*.lzma=01;31:*.tlz=01;31:*.txz=01;31:*.tzo=01;31:*.t7z=01;31:*.zip=01;31:*.z=01;31:*.dz=01;31:*.gz=01;31:*.lrz=01;31:*.lz=01;31:*.lzo=01;31:*.xz=01;31:*.zst=01;31:*.tzst=01;31:*.bz2=01;31:*.bz=01;31:*.tbz=01;31:*.tbz2=01;31:*.tz=01;31:*.deb=01;31:*.rpm=01;31:*.jar=01;31:*.war=01;31:*.ear=01;31:*.sar=01;31:*.rar=01;31:*.alz=01;31:*.ace=01;31:*.zoo=01;31:*.cpio=01;31:*.7z=01;31:*.rz=01;31:*.cab=01;31:*.wim=01;31:*.swm=01;31:*.dwm=01;31:*.esd=01;31:*.jpg=01;35:*.jpeg=01;35:*.mjpg=01;35:*.mjpeg=01;35:*.gif=01;35:*.bmp=01;35:*.pbm=01;35:*.pgm=01;35:*.ppm=01;35:*.tga=01;35:*.xbm=01;35:*.xpm=01;35:*.tif=01;35:*.tiff=01;35:*.png=01;35:*.svg=01;35:*.svgz=01;35:*.mng=01;35:*.pcx=01;35:*.mov=01;35:*.mpg=01;35:*.mpeg=01;35:*.m2v=01;35:*.mkv=01;35:*.webm=01;35:*.webp=01;35:*.ogm=01;35:*.mp4=01;35:*.m4v=01;35:*.mp4v=01;35:*.vob=01;35:*.qt=01;35:*.nuv=01;35:*.wmv=01;35:*.asf=01;35:*.rm=01;35:*.rmvb=01;35:*.flc=01;35:*.avi=01;35:*.fli=01;35:*.flv=01;35:*.gl=01;35:*.dl=01;35:*.xcf=01;35:*.xwd=01;35:*.yuv=01;35:*.cgm=01;35:*.emf=01;35:*.ogv=01;35:*.ogx=01;35:*.aac=00;36:*.au=00;36:*.flac=00;36:*.m4a=00;36:*.mid=00;36:*.midi=00;36:*.mka=00;36:*.mp3=00;36:*.mpc=00;36:*.ogg=00;36:*.ra=00;36:*.wav=00;36:*.oga=00;36:*.opus=00;36:*.spx=00;36:*.xspf=00;36:'), ('VSCODE_GIT_IPC_HANDLE', '/tmp/vscode-git-bb8c1a7c35.sock'), ('TERM_PROGRAM', 'vscode'), ('SSH_AUTH_SOCK', '/tmp/vscode-ssh-auth-8556e27b-e216-450b-b0cc-1f8365397382.sock'), ('AMENT_PREFIX_PATH', '/workspaces/IRS_Rover_ROS2_Workspace/rover_ws/install/rover_perception_msgs:/workspaces/IRS_Rover_ROS2_Workspace/rover_ws/install/rover_stereocam:/workspaces/IRS_Rover_ROS2_Workspace/rover_ws/install/rover_perception:/workspaces/IRS_Rover_ROS2_Workspace/rover_ws/install/rover_lidar:/workspaces/IRS_Rover_ROS2_Workspace/rover_ws/install/rover_control_msgs:/workspaces/IRS_Rover_ROS2_Workspace/rover_ws/install/rover_control:/opt/ros/humble'), ('SHELL', '/bin/bash'), ('VSCODE_GIT_ASKPASS_EXTRA_ARGS', ''), ('PWD', '/workspaces/IRS_Rover_ROS2_Workspace/rover_ws/build/rover_perception_msgs'), ('LC_ALL', 'C.UTF-8'), ('COPILOT_DEBUG_NONCE', 'ebb28b2f47a55d9f123b03f75e673fb9'), ('PYTHONPATH', '/workspaces/IRS_Rover_ROS2_Workspace/rover_ws/install/rover_perception_msgs/local/lib/python3.10/dist-packages:/workspaces/IRS_Rover_ROS2_Workspace/rover_ws/install/rover_stereocam/lib/python3.10/site-packages:/workspaces/IRS_Rover_ROS2_Workspace/rover_ws/install/rover_perception/lib/python3.10/site-packages:/workspaces/IRS_Rover_ROS2_Workspace/rover_ws/install/rover_lidar/lib/python3.10/site-packages:/workspaces/IRS_Rover_ROS2_Workspace/rover_ws/install/rover_control_msgs/local/lib/python3.10/dist-packages:/workspaces/IRS_Rover_ROS2_Workspace/rover_ws/install/rover_control/lib/python3.10/site-packages:/opt/ros/humble/lib/python3.10/site-packages:/opt/ros/humble/local/lib/python3.10/dist-packages'), ('COLCON', '1'), ('CMAKE_PREFIX_PATH', '/workspaces/IRS_Rover_ROS2_Workspace/rover_ws/install/rover_perception_msgs:/workspaces/IRS_Rover_ROS2_Workspace/rover_ws/install/rover_control_msgs:/workspaces/IRS_Rover_ROS2_Workspace/rover_ws/install/rover_stereocam:/workspaces/IRS_Rover_ROS2_Workspace/rover_ws/install/rover_perception:/workspaces/IRS_Rover_ROS2_Workspace/rover_ws/install/rover_lidar:/workspaces/IRS_Rover_ROS2_Workspace/rover_ws/install/rover_control:/opt/ros/humble')]), 'shell': False}
[3.681948] (-) TimerEvent: {}
[3.689684] (rover_control_msgs) StdoutLine: {'line': b'running egg_info\n'}
[3.692956] (rover_control_msgs) StdoutLine: {'line': b'writing rover_control_msgs.egg-info/PKG-INFO\n'}
[3.696072] (rover_control_msgs) StdoutLine: {'line': b'writing dependency_links to rover_control_msgs.egg-info/dependency_links.txt\n'}
[3.701069] (rover_control_msgs) StdoutLine: {'line': b'writing top-level names to rover_control_msgs.egg-info/top_level.txt\n'}
[3.716629] (rover_control_msgs) StdoutLine: {'line': b"reading manifest file 'rover_control_msgs.egg-info/SOURCES.txt'\n"}
[3.720589] (rover_control_msgs) StdoutLine: {'line': b"writing manifest file 'rover_control_msgs.egg-info/SOURCES.txt'\n"}
[3.741723] (rover_perception_msgs) StdoutLine: {'line': b'-- Install configuration: ""\n'}
[3.743729] (rover_perception_msgs) StdoutLine: {'line': b'-- Up-to-date: /workspaces/IRS_Rover_ROS2_Workspace/rover_ws/install/rover_perception_msgs/share/ament_index/resource_index/rosidl_interfaces/rover_perception_msgs\n'}
[3.745274] (rover_perception_msgs) StdoutLine: {'line': b'-- Up-to-date: /workspaces/IRS_Rover_ROS2_Workspace/rover_ws/install/rover_perception_msgs/include/rover_perception_msgs/rover_perception_msgs\n'}
[3.747131] (rover_perception_msgs) StdoutLine: {'line': b'-- Up-to-date: /workspaces/IRS_Rover_ROS2_Workspace/rover_ws/install/rover_perception_msgs/include/rover_perception_msgs/rover_perception_msgs/msg\n'}
[3.750463] (rover_perception_msgs) StdoutLine: {'line': b'-- Up-to-date: /workspaces/IRS_Rover_ROS2_Workspace/rover_ws/install/rover_perception_msgs/include/rover_perception_msgs/rover_perception_msgs/msg/rosidl_generator_c__visibility_control.h\n'}
[3.752259] (rover_perception_msgs) StdoutLine: {'line': b'-- Up-to-date: /workspaces/IRS_Rover_ROS2_Workspace/rover_ws/install/rover_perception_msgs/include/rover_perception_msgs/rover_perception_msgs/msg/terrain_grid.h\n'}
[3.755336] (rover_perception_msgs) StdoutLine: {'line': b'-- Up-to-date: /workspaces/IRS_Rover_ROS2_Workspace/rover_ws/install/rover_perception_msgs/include/rover_perception_msgs/rover_perception_msgs/msg/led_detection_array.h\n'}
[3.758025] (rover_perception_msgs) StdoutLine: {'line': b'-- Up-to-date: /workspaces/IRS_Rover_ROS2_Workspace/rover_ws/install/rover_perception_msgs/include/rover_perception_msgs/rover_perception_msgs/msg/detail\n'}
[3.760058] (rover_perception_msgs) StdoutLine: {'line': b'-- Up-to-date: /workspaces/IRS_Rover_ROS2_Workspace/rover_ws/install/rover_perception_msgs/include/rover_perception_msgs/rover_perception_msgs/msg/detail/terrain_grid__functions.c\n'}
[3.762093] (rover_perception_msgs) StdoutLine: {'line': b'-- Up-to-date: /workspaces/IRS_Rover_ROS2_Workspace/rover_ws/install/rover_perception_msgs/include/rover_perception_msgs/rover_perception_msgs/msg/detail/led_detection_array__struct.h\n'}
[3.764738] (rover_perception_msgs) StdoutLine: {'line': b'-- Up-to-date: /workspaces/IRS_Rover_ROS2_Workspace/rover_ws/install/rover_perception_msgs/include/rover_perception_msgs/rover_perception_msgs/msg/detail/terrain_grid__type_support.h\n'}
[3.767255] (rover_perception_msgs) StdoutLine: {'line': b'-- Up-to-date: /workspaces/IRS_Rover_ROS2_Workspace/rover_ws/install/rover_perception_msgs/include/rover_perception_msgs/rover_perception_msgs/msg/detail/led_detection__struct.h\n'}
[3.768945] (rover_perception_msgs) StdoutLine: {'line': b'-- Up-to-date: /workspaces/IRS_Rover_ROS2_Workspace/rover_ws/install/rover_perception_msgs/include/rover_perception_msgs/rover_perception_msgs/msg/detail/led_detection_array__functions.h\n'}
[3.772700] (rover_perception_msgs) StdoutLine: {'line': b'-- Up-to-date: /workspaces/IRS_Rover_ROS2_Workspace/rover_ws/install/rover_perception_msgs/include/rover_perception_msgs/rover_perception_msgs/msg/detail/led_detection__functions.h\n'}
[3.775160] (rover_perception_msgs) StdoutLine: {'line': b'-- Up-to-date: /workspaces/IRS_Rover_ROS2_Workspace/rover_ws/install/rover_perception_msgs/include/rover_perception_msgs/rover_perception_msgs/msg/detail/led_detection__type_support.h\n'}
[3.776978] (rover_perception_msgs) StdoutLine: {'line': b'-- Up-to-date: /workspaces/IRS_Rover_ROS2_Workspace/rover_ws/install/rover_perception_msgs/include/rover_perception_msgs/rover_perception_msgs/msg/detail/terrain_grid__struct.h\n'}
[3.778261] (rover_perception_msgs) StdoutLine: {'line': b'-- Up-to-date: /workspaces/IRS_Rover_ROS2_Workspace/rover_ws/install/rover_perception_msgs/include/rover_perception_msgs/rover_perception_msgs/msg/detail/terrain_grid__functions.h\n'}
[3.780104] (rover_control_msgs) StdoutLine: {'line': b'[ 89%] Built target rover_control_msgs__rosidl_generator_py\n'}
[3.781407] (rover_perception_msgs) StdoutLine: {'line': b'-- Up-to-date: /workspaces/IRS_Rover_ROS2_Workspace/rover_ws/install/rover_perception_msgs/include/rover_perception_msgs/rover_perception_msgs/msg/detail/led_detection_array__type_support.h\n'}
[3.783162] (-) TimerEvent: {}
[3.783768] (rover_perception_msgs) StdoutLine: {'line': b'-- Up-to-date: /workspaces/IRS_Rover_ROS2_Workspace/rover_ws/install/rover_perception_msgs/include/rover_perception_msgs/rover_perception_msgs/msg/detail/led_detection_array__functions.c\n'}
[3.785748] (rover_perception_msgs) StdoutLine: {'line': b'-- Up-to-date: /workspaces/IRS_Rover_ROS2_Workspace/rover_ws/install/rover_perception_msgs/include/rover_perception_msgs/rover_perception_msgs/msg/detail/led_detection__functions.c\n'}
[3.787246] (rover_perception_msgs) StdoutLine: {'line': b'-- Up-to-date: /workspaces/IRS_Rover_ROS2_Workspace/rover_ws/install/rover_perception_msgs/include/rover_perception_msgs/rover_perception_msgs/msg/led_detection.h\n'}
[3.788679] (rover_perception_msgs) StdoutLine: {'line': b'-- Up-to-date: /workspaces/IRS_Rover_ROS2_Workspace/rover_ws/install/rover_perception_msgs/share/rover_perception_msgs/environment/library_path.sh\n'}
[3.790005] (rover_perception_msgs) StdoutLine: {'line': b'-- Up-to-date: /workspaces/IRS_Rover_ROS2_Workspace/rover_ws/install/rover_perception_msgs/share/rover_perception_msgs/environment/library_path.dsv\n'}
[3.791696] (rover_perception_msgs) StdoutLine: {'line': b'-- Up-to-date: /workspaces/IRS_Rover_ROS2_Workspace/rover_ws/install/rover_perception_msgs/lib/librover_perception_msgs__rosidl_generator_c.so\n'}
[3.793324] (rover_perception_msgs) StdoutLine: {'line': b'-- Up-to-date: /workspaces/IRS_Rover_ROS2_Workspace/rover_ws/install/rover_perception_msgs/include/rover_perception_msgs/rover_perception_msgs\n'}
[3.794997] (rover_perception_msgs) StdoutLine: {'line': b'-- Up-to-date: /workspaces/IRS_Rover_ROS2_Workspace/rover_ws/install/rover_perception_msgs/include/rover_perception_msgs/rover_perception_msgs/msg\n'}
[3.797166] (rover_perception_msgs) StdoutLine: {'line': b'-- Up-to-date: /workspaces/IRS_Rover_ROS2_Workspace/rover_ws/install/rover_perception_msgs/include/rover_perception_msgs/rover_perception_msgs/msg/detail\n'}
[3.800422] (rover_perception_msgs) StdoutLine: {'line': b'-- Up-to-date: /workspaces/IRS_Rover_ROS2_Workspace/rover_ws/install/rover_perception_msgs/include/rover_perception_msgs/rover_perception_msgs/msg/detail/led_detection__rosidl_typesupport_fastrtps_c.h\n'}
[3.803260] (rover_perception_msgs) StdoutLine: {'line': b'-- Up-to-date: /workspaces/IRS_Rover_ROS2_Workspace/rover_ws/install/rover_perception_msgs/include/rover_perception_msgs/rover_perception_msgs/msg/detail/led_detection_array__rosidl_typesupport_fastrtps_c.h\n'}
[3.806685] (rover_perception_msgs) StdoutLine: {'line': b'-- Up-to-date: /workspaces/IRS_Rover_ROS2_Workspace/rover_ws/install/rover_perception_msgs/include/rover_perception_msgs/rover_perception_msgs/msg/detail/terrain_grid__rosidl_typesupport_fastrtps_c.h\n'}
[3.808629] (rover_perception_msgs) StdoutLine: {'line': b'-- Up-to-date: /workspaces/IRS_Rover_ROS2_Workspace/rover_ws/install/rover_perception_msgs/include/rover_perception_msgs/rover_perception_msgs/msg/rosidl_typesupport_fastrtps_c__visibility_control.h\n'}
[3.810461] (rover_perception_msgs) StdoutLine: {'line': b'-- Up-to-date: /workspaces/IRS_Rover_ROS2_Workspace/rover_ws/install/rover_perception_msgs/lib/librover_perception_msgs__rosidl_typesupport_fastrtps_c.so\n'}
[3.811656] (rover_perception_msgs) StdoutLine: {'line': b'-- Up-to-date: /workspaces/IRS_Rover_ROS2_Workspace/rover_ws/install/rover_perception_msgs/include/rover_perception_msgs/rover_perception_msgs\n'}
[3.813928] (rover_perception_msgs) StdoutLine: {'line': b'-- Up-to-date: /workspaces/IRS_Rover_ROS2_Workspace/rover_ws/install/rover_perception_msgs/include/rover_perception_msgs/rover_perception_msgs/msg\n'}
[3.816436] (rover_perception_msgs) StdoutLine: {'line': b'-- Up-to-date: /workspaces/IRS_Rover_ROS2_Workspace/rover_ws/install/rover_perception_msgs/include/rover_perception_msgs/rover_perception_msgs/msg/detail\n'}
[3.820480] (rover_perception_msgs) StdoutLine: {'line': b'-- Up-to-date: /workspaces/IRS_Rover_ROS2_Workspace/rover_ws/install/rover_perception_msgs/include/rover_perception_msgs/rover_perception_msgs/msg/detail/led_detection__type_support.c\n'}
[3.822013] (rover_perception_msgs) StdoutLine: {'line': b'-- Up-to-date: /workspaces/IRS_Rover_ROS2_Workspace/rover_ws/install/rover_perception_msgs/include/rover_perception_msgs/rover_perception_msgs/msg/detail/terrain_grid__rosidl_typesupport_introspection_c.h\n'}
[3.824362] (rover_perception_msgs) StdoutLine: {'line': b'-- Up-to-date: /workspaces/IRS_Rover_ROS2_Workspace/rover_ws/install/rover_perception_msgs/include/rover_perception_msgs/rover_perception_msgs/msg/detail/led_detection_array__type_support.c\n'}
[3.826317] (rover_perception_msgs) StdoutLine: {'line': b'-- Up-to-date: /workspaces/IRS_Rover_ROS2_Workspace/rover_ws/install/rover_perception_msgs/include/rover_perception_msgs/rover_perception_msgs/msg/detail/led_detection__rosidl_typesupport_introspection_c.h\n'}
[3.827684] (rover_perception_msgs) StdoutLine: {'line': b'-- Up-to-date: /workspaces/IRS_Rover_ROS2_Workspace/rover_ws/install/rover_perception_msgs/include/rover_perception_msgs/rover_perception_msgs/msg/detail/terrain_grid__type_support.c\n'}
[3.829640] (rover_perception_msgs) StdoutLine: {'line': b'-- Up-to-date: /workspaces/IRS_Rover_ROS2_Workspace/rover_ws/install/rover_perception_msgs/include/rover_perception_msgs/rover_perception_msgs/msg/detail/led_detection_array__rosidl_typesupport_introspection_c.h\n'}
[3.831996] (rover_perception_msgs) StdoutLine: {'line': b'-- Up-to-date: /workspaces/IRS_Rover_ROS2_Workspace/rover_ws/install/rover_perception_msgs/include/rover_perception_msgs/rover_perception_msgs/msg/rosidl_typesupport_introspection_c__visibility_control.h\n'}
[3.834328] (rover_perception_msgs) StdoutLine: {'line': b'-- Up-to-date: /workspaces/IRS_Rover_ROS2_Workspace/rover_ws/install/rover_perception_msgs/lib/librover_perception_msgs__rosidl_typesupport_introspection_c.so\n'}
[3.839869] (rover_perception_msgs) StdoutLine: {'line': b'-- Up-to-date: /workspaces/IRS_Rover_ROS2_Workspace/rover_ws/install/rover_perception_msgs/lib/librover_perception_msgs__rosidl_typesupport_c.so\n'}
[3.843045] (rover_perception_msgs) StdoutLine: {'line': b'-- Up-to-date: /workspaces/IRS_Rover_ROS2_Workspace/rover_ws/install/rover_perception_msgs/include/rover_perception_msgs/rover_perception_msgs\n'}
[3.848093] (rover_perception_msgs) StdoutLine: {'line': b'-- Up-to-date: /workspaces/IRS_Rover_ROS2_Workspace/rover_ws/install/rover_perception_msgs/include/rover_perception_msgs/rover_perception_msgs/msg\n'}
[3.850953] (rover_perception_msgs) StdoutLine: {'line': b'-- Up-to-date: /workspaces/IRS_Rover_ROS2_Workspace/rover_ws/install/rover_perception_msgs/include/rover_perception_msgs/rover_perception_msgs/msg/terrain_grid.hpp\n'}
[3.852215] (rover_perception_msgs) StdoutLine: {'line': b'-- Up-to-date: /workspaces/IRS_Rover_ROS2_Workspace/rover_ws/install/rover_perception_msgs/include/rover_perception_msgs/rover_perception_msgs/msg/led_detection_array.hpp\n'}
[3.854201] (rover_perception_msgs) StdoutLine: {'line': b'-- Up-to-date: /workspaces/IRS_Rover_ROS2_Workspace/rover_ws/install/rover_perception_msgs/include/rover_perception_msgs/rover_perception_msgs/msg/led_detection.hpp\n'}
[3.855456] (rover_perception_msgs) StdoutLine: {'line': b'-- Up-to-date: /workspaces/IRS_Rover_ROS2_Workspace/rover_ws/install/rover_perception_msgs/include/rover_perception_msgs/rover_perception_msgs/msg/detail\n'}
[3.858110] (rover_perception_msgs) StdoutLine: {'line': b'-- Up-to-date: /workspaces/IRS_Rover_ROS2_Workspace/rover_ws/install/rover_perception_msgs/include/rover_perception_msgs/rover_perception_msgs/msg/detail/led_detection_array__traits.hpp\n'}
[3.859802] (rover_perception_msgs) StdoutLine: {'line': b'-- Up-to-date: /workspaces/IRS_Rover_ROS2_Workspace/rover_ws/install/rover_perception_msgs/include/rover_perception_msgs/rover_perception_msgs/msg/detail/terrain_grid__type_support.hpp\n'}
[3.860925] (rover_perception_msgs) StdoutLine: {'line': b'-- Up-to-date: /workspaces/IRS_Rover_ROS2_Workspace/rover_ws/install/rover_perception_msgs/include/rover_perception_msgs/rover_perception_msgs/msg/detail/led_detection__struct.hpp\n'}
[3.862691] (rover_perception_msgs) StdoutLine: {'line': b'-- Up-to-date: /workspaces/IRS_Rover_ROS2_Workspace/rover_ws/install/rover_perception_msgs/include/rover_perception_msgs/rover_perception_msgs/msg/detail/terrain_grid__builder.hpp\n'}
[3.863811] (rover_perception_msgs) StdoutLine: {'line': b'-- Up-to-date: /workspaces/IRS_Rover_ROS2_Workspace/rover_ws/install/rover_perception_msgs/include/rover_perception_msgs/rover_perception_msgs/msg/detail/led_detection_array__type_support.hpp\n'}
[3.865548] (rover_perception_msgs) StdoutLine: {'line': b'-- Up-to-date: /workspaces/IRS_Rover_ROS2_Workspace/rover_ws/install/rover_perception_msgs/include/rover_perception_msgs/rover_perception_msgs/msg/detail/terrain_grid__traits.hpp\n'}
[3.867031] (rover_perception_msgs) StdoutLine: {'line': b'-- Up-to-date: /workspaces/IRS_Rover_ROS2_Workspace/rover_ws/install/rover_perception_msgs/include/rover_perception_msgs/rover_perception_msgs/msg/detail/led_detection__builder.hpp\n'}
[3.868475] (rover_perception_msgs) StdoutLine: {'line': b'-- Up-to-date: /workspaces/IRS_Rover_ROS2_Workspace/rover_ws/install/rover_perception_msgs/include/rover_perception_msgs/rover_perception_msgs/msg/detail/led_detection_array__struct.hpp\n'}
[3.869947] (rover_perception_msgs) StdoutLine: {'line': b'-- Up-to-date: /workspaces/IRS_Rover_ROS2_Workspace/rover_ws/install/rover_perception_msgs/include/rover_perception_msgs/rover_perception_msgs/msg/detail/led_detection_array__builder.hpp\n'}
[3.871514] (rover_perception_msgs) StdoutLine: {'line': b'-- Up-to-date: /workspaces/IRS_Rover_ROS2_Workspace/rover_ws/install/rover_perception_msgs/include/rover_perception_msgs/rover_perception_msgs/msg/detail/led_detection__traits.hpp\n'}
[3.873441] (rover_perception_msgs) StdoutLine: {'line': b'-- Up-to-date: /workspaces/IRS_Rover_ROS2_Workspace/rover_ws/install/rover_perception_msgs/include/rover_perception_msgs/rover_perception_msgs/msg/detail/terrain_grid__struct.hpp\n'}
[3.875566] (rover_perception_msgs) StdoutLine: {'line': b'-- Up-to-date: /workspaces/IRS_Rover_ROS2_Workspace/rover_ws/install/rover_perception_msgs/include/rover_perception_msgs/rover_perception_msgs/msg/detail/led_detection__type_support.hpp\n'}
[3.876931] (rover_perception_msgs) StdoutLine: {'line': b'-- Up-to-date: /workspaces/IRS_Rover_ROS2_Workspace/rover_ws/install/rover_perception_msgs/include/rover_perception_msgs/rover_perception_msgs/msg/rosidl_generator_cpp__visibility_control.hpp\n'}
[3.879546] (rover_perception_msgs) StdoutLine: {'line': b'-- Up-to-date: /workspaces/IRS_Rover_ROS2_Workspace/rover_ws/install/rover_perception_msgs/include/rover_perception_msgs/rover_perception_msgs\n'}
[3.881076] (rover_perception_msgs) StdoutLine: {'line': b'-- Up-to-date: /workspaces/IRS_Rover_ROS2_Workspace/rover_ws/install/rover_perception_msgs/include/rover_perception_msgs/rover_perception_msgs/msg\n'}
[3.883396] (rover_perception_msgs) StdoutLine: {'line': b'-- Up-to-date: /workspaces/IRS_Rover_ROS2_Workspace/rover_ws/install/rover_perception_msgs/include/rover_perception_msgs/rover_perception_msgs/msg/rosidl_typesupport_fastrtps_cpp__visibility_control.h\n'}
[3.884766] (-) TimerEvent: {}
[3.885500] (rover_perception_msgs) StdoutLine: {'line': b'-- Up-to-date: /workspaces/IRS_Rover_ROS2_Workspace/rover_ws/install/rover_perception_msgs/include/rover_perception_msgs/rover_perception_msgs/msg/detail\n'}
[3.887744] (rover_perception_msgs) StdoutLine: {'line': b'-- Up-to-date: /workspaces/IRS_Rover_ROS2_Workspace/rover_ws/install/rover_perception_msgs/include/rover_perception_msgs/rover_perception_msgs/msg/detail/terrain_grid__rosidl_typesupport_fastrtps_cpp.hpp\n'}
[3.889651] (rover_perception_msgs) StdoutLine: {'line': b'-- Up-to-date: /workspaces/IRS_Rover_ROS2_Workspace/rover_ws/install/rover_perception_msgs/include/rover_perception_msgs/rover_perception_msgs/msg/detail/led_detection_array__rosidl_typesupport_fastrtps_cpp.hpp\n'}
[3.890819] (rover_perception_msgs) StdoutLine: {'line': b'-- Up-to-date: /workspaces/IRS_Rover_ROS2_Workspace/rover_ws/install/rover_perception_msgs/include/rover_perception_msgs/rover_perception_msgs/msg/detail/dds_fastrtps\n'}
[3.893595] (rover_perception_msgs) StdoutLine: {'line': b'-- Up-to-date: /workspaces/IRS_Rover_ROS2_Workspace/rover_ws/install/rover_perception_msgs/include/rover_perception_msgs/rover_perception_msgs/msg/detail/led_detection__rosidl_typesupport_fastrtps_cpp.hpp\n'}
[3.896578] (rover_perception_msgs) StdoutLine: {'line': b'-- Up-to-date: /workspaces/IRS_Rover_ROS2_Workspace/rover_ws/install/rover_perception_msgs/lib/librover_perception_msgs__rosidl_typesupport_fastrtps_cpp.so\n'}
[3.900042] (rover_perception_msgs) StdoutLine: {'line': b'-- Up-to-date: /workspaces/IRS_Rover_ROS2_Workspace/rover_ws/install/rover_perception_msgs/include/rover_perception_msgs/rover_perception_msgs\n'}
[3.902764] (rover_perception_msgs) StdoutLine: {'line': b'-- Up-to-date: /workspaces/IRS_Rover_ROS2_Workspace/rover_ws/install/rover_perception_msgs/include/rover_perception_msgs/rover_perception_msgs/msg\n'}
[3.905388] (rover_perception_msgs) StdoutLine: {'line': b'-- Up-to-date: /workspaces/IRS_Rover_ROS2_Workspace/rover_ws/install/rover_perception_msgs/include/rover_perception_msgs/rover_perception_msgs/msg/detail\n'}
[3.908739] (rover_perception_msgs) StdoutLine: {'line': b'-- Up-to-date: /workspaces/IRS_Rover_ROS2_Workspace/rover_ws/install/rover_perception_msgs/include/rover_perception_msgs/rover_perception_msgs/msg/detail/led_detection_array__rosidl_typesupport_introspection_cpp.hpp\n'}
[3.910276] (rover_perception_msgs) StdoutLine: {'line': b'-- Up-to-date: /workspaces/IRS_Rover_ROS2_Workspace/rover_ws/install/rover_perception_msgs/include/rover_perception_msgs/rover_perception_msgs/msg/detail/led_detection__type_support.cpp\n'}
[3.911519] (rover_perception_msgs) StdoutLine: {'line': b'-- Up-to-date: /workspaces/IRS_Rover_ROS2_Workspace/rover_ws/install/rover_perception_msgs/include/rover_perception_msgs/rover_perception_msgs/msg/detail/led_detection__rosidl_typesupport_introspection_cpp.hpp\n'}
[3.912701] (rover_perception_msgs) StdoutLine: {'line': b'-- Up-to-date: /workspaces/IRS_Rover_ROS2_Workspace/rover_ws/install/rover_perception_msgs/include/rover_perception_msgs/rover_perception_msgs/msg/detail/led_detection_array__type_support.cpp\n'}
[3.914284] (rover_perception_msgs) StdoutLine: {'line': b'-- Up-to-date: /workspaces/IRS_Rover_ROS2_Workspace/rover_ws/install/rover_perception_msgs/include/rover_perception_msgs/rover_perception_msgs/msg/detail/terrain_grid__type_support.cpp\n'}
[3.915745] (rover_perception_msgs) StdoutLine: {'line': b'-- Up-to-date: /workspaces/IRS_Rover_ROS2_Workspace/rover_ws/install/rover_perception_msgs/include/rover_perception_msgs/rover_perception_msgs/msg/detail/terrain_grid__rosidl_typesupport_introspection_cpp.hpp\n'}
[3.918650] (rover_perception_msgs) StdoutLine: {'line': b'-- Up-to-date: /workspaces/IRS_Rover_ROS2_Workspace/rover_ws/install/rover_perception_msgs/lib/librover_perception_msgs__rosidl_typesupport_introspection_cpp.so\n'}
[3.920339] (rover_control_msgs) StdoutLine: {'line': b'[ 89%] Built target ament_cmake_python_build_rover_control_msgs_egg\n'}
[3.923493] (rover_perception_msgs) StdoutLine: {'line': b'-- Up-to-date: /workspaces/IRS_Rover_ROS2_Workspace/rover_ws/install/rover_perception_msgs/lib/librover_perception_msgs__rosidl_typesupport_cpp.so\n'}
[3.926748] (rover_perception_msgs) StdoutLine: {'line': b'-- Up-to-date: /workspaces/IRS_Rover_ROS2_Workspace/rover_ws/install/rover_perception_msgs/share/rover_perception_msgs/environment/pythonpath.sh\n'}
[3.928500] (rover_perception_msgs) StdoutLine: {'line': b'-- Up-to-date: /workspaces/IRS_Rover_ROS2_Workspace/rover_ws/install/rover_perception_msgs/share/rover_perception_msgs/environment/pythonpath.dsv\n'}
[3.929955] (rover_perception_msgs) StdoutLine: {'line': b'-- Up-to-date: /workspaces/IRS_Rover_ROS2_Workspace/rover_ws/install/rover_perception_msgs/local/lib/python3.10/dist-packages/rover_perception_msgs-0.0.0-py3.10.egg-info\n'}
[3.931436] (rover_perception_msgs) StdoutLine: {'line': b'-- Installing: /workspaces/IRS_Rover_ROS2_Workspace/rover_ws/install/rover_perception_msgs/local/lib/python3.10/dist-packages/rover_perception_msgs-0.0.0-py3.10.egg-info/PKG-INFO\n'}
[3.940571] (rover_perception_msgs) StdoutLine: {'line': b'-- Installing: /workspaces/IRS_Rover_ROS2_Workspace/rover_ws/install/rover_perception_msgs/local/lib/python3.10/dist-packages/rover_perception_msgs-0.0.0-py3.10.egg-info/SOURCES.txt\n'}
[3.950999] (rover_perception_msgs) StdoutLine: {'line': b'-- Installing: /workspaces/IRS_Rover_ROS2_Workspace/rover_ws/install/rover_perception_msgs/local/lib/python3.10/dist-packages/rover_perception_msgs-0.0.0-py3.10.egg-info/top_level.txt\n'}
[3.960615] (rover_perception_msgs) StdoutLine: {'line': b'-- Installing: /workspaces/IRS_Rover_ROS2_Workspace/rover_ws/install/rover_perception_msgs/local/lib/python3.10/dist-packages/rover_perception_msgs-0.0.0-py3.10.egg-info/dependency_links.txt\n'}
[3.971639] (rover_perception_msgs) StdoutLine: {'line': b'-- Up-to-date: /workspaces/IRS_Rover_ROS2_Workspace/rover_ws/install/rover_perception_msgs/local/lib/python3.10/dist-packages/rover_perception_msgs\n'}
[3.974993] (rover_perception_msgs) StdoutLine: {'line': b'-- Up-to-date: /workspaces/IRS_Rover_ROS2_Workspace/rover_ws/install/rover_perception_msgs/local/lib/python3.10/dist-packages/rover_perception_msgs/_rover_perception_msgs_s.ep.rosidl_typesupport_introspection_c.c\n'}
[3.976426] (rover_perception_msgs) StdoutLine: {'line': b'-- Up-to-date: /workspaces/IRS_Rover_ROS2_Workspace/rover_ws/install/rover_perception_msgs/local/lib/python3.10/dist-packages/rover_perception_msgs/msg\n'}
[3.978657] (rover_perception_msgs) StdoutLine: {'line': b'-- Up-to-date: /workspaces/IRS_Rover_ROS2_Workspace/rover_ws/install/rover_perception_msgs/local/lib/python3.10/dist-packages/rover_perception_msgs/msg/_led_detection_array.py\n'}
[3.980172] (rover_perception_msgs) StdoutLine: {'line': b'-- Up-to-date: /workspaces/IRS_Rover_ROS2_Workspace/rover_ws/install/rover_perception_msgs/local/lib/python3.10/dist-packages/rover_perception_msgs/msg/__init__.py\n'}
[3.982048] (rover_perception_msgs) StdoutLine: {'line': b'-- Up-to-date: /workspaces/IRS_Rover_ROS2_Workspace/rover_ws/install/rover_perception_msgs/local/lib/python3.10/dist-packages/rover_perception_msgs/msg/_led_detection_array_s.c\n'}
[3.983511] (rover_perception_msgs) StdoutLine: {'line': b'-- Up-to-date: /workspaces/IRS_Rover_ROS2_Workspace/rover_ws/install/rover_perception_msgs/local/lib/python3.10/dist-packages/rover_perception_msgs/msg/_led_detection_s.c\n'}
[3.985651] (-) TimerEvent: {}
[3.986446] (rover_perception_msgs) StdoutLine: {'line': b'-- Up-to-date: /workspaces/IRS_Rover_ROS2_Workspace/rover_ws/install/rover_perception_msgs/local/lib/python3.10/dist-packages/rover_perception_msgs/msg/_terrain_grid.py\n'}
[3.987934] (rover_perception_msgs) StdoutLine: {'line': b'-- Up-to-date: /workspaces/IRS_Rover_ROS2_Workspace/rover_ws/install/rover_perception_msgs/local/lib/python3.10/dist-packages/rover_perception_msgs/msg/_terrain_grid_s.c\n'}
[3.990650] (rover_perception_msgs) StdoutLine: {'line': b'-- Up-to-date: /workspaces/IRS_Rover_ROS2_Workspace/rover_ws/install/rover_perception_msgs/local/lib/python3.10/dist-packages/rover_perception_msgs/msg/_led_detection.py\n'}
[3.993270] (rover_perception_msgs) StdoutLine: {'line': b'-- Up-to-date: /workspaces/IRS_Rover_ROS2_Workspace/rover_ws/install/rover_perception_msgs/local/lib/python3.10/dist-packages/rover_perception_msgs/rover_perception_msgs_s__rosidl_typesupport_c.cpython-310-x86_64-linux-gnu.so\n'}
[3.996249] (rover_perception_msgs) StdoutLine: {'line': b'-- Up-to-date: /workspaces/IRS_Rover_ROS2_Workspace/rover_ws/install/rover_perception_msgs/local/lib/python3.10/dist-packages/rover_perception_msgs/rover_perception_msgs_s__rosidl_typesupport_fastrtps_c.cpython-310-x86_64-linux-gnu.so\n'}
[3.999208] (rover_perception_msgs) StdoutLine: {'line': b'-- Up-to-date: /workspaces/IRS_Rover_ROS2_Workspace/rover_ws/install/rover_perception_msgs/local/lib/python3.10/dist-packages/rover_perception_msgs/__init__.py\n'}
[4.000916] (rover_perception_msgs) StdoutLine: {'line': b'-- Up-to-date: /workspaces/IRS_Rover_ROS2_Workspace/rover_ws/install/rover_perception_msgs/local/lib/python3.10/dist-packages/rover_perception_msgs/rover_perception_msgs_s__rosidl_typesupport_introspection_c.cpython-310-x86_64-linux-gnu.so\n'}
[4.003114] (rover_perception_msgs) StdoutLine: {'line': b'-- Up-to-date: /workspaces/IRS_Rover_ROS2_Workspace/rover_ws/install/rover_perception_msgs/local/lib/python3.10/dist-packages/rover_perception_msgs/_rover_perception_msgs_s.ep.rosidl_typesupport_fastrtps_c.c\n'}
[4.004986] (rover_perception_msgs) StdoutLine: {'line': b'-- Up-to-date: /workspaces/IRS_Rover_ROS2_Workspace/rover_ws/install/rover_perception_msgs/local/lib/python3.10/dist-packages/rover_perception_msgs/_rover_perception_msgs_s.ep.rosidl_typesupport_c.c\n'}
[4.007821] (rover_perception_msgs) StdoutLine: {'line': b'-- Up-to-date: /workspaces/IRS_Rover_ROS2_Workspace/rover_ws/install/rover_perception_msgs/local/lib/python3.10/dist-packages/rover_perception_msgs/librover_perception_msgs__rosidl_generator_py.so\n'}
[4.085957] (-) TimerEvent: {}
[4.095360] (rover_control_msgs) StdoutLine: {'line': b'[ 98%] Built target rover_control_msgs__rosidl_typesupport_fastrtps_c__pyext\n'}
[4.097595] (rover_control_msgs) StdoutLine: {'line': b'[ 98%] Built target rover_control_msgs__rosidl_typesupport_introspection_c__pyext\n'}
[4.099916] (rover_control_msgs) StdoutLine: {'line': b'[100%] Built target rover_control_msgs__rosidl_typesupport_c__pyext\n'}
[4.122139] (rover_perception_msgs) StdoutLine: {'line': b"Listing '/workspaces/IRS_Rover_ROS2_Workspace/rover_ws/install/rover_perception_msgs/local/lib/python3.10/dist-packages/rover_perception_msgs'...\n"}
[4.125281] (rover_perception_msgs) StdoutLine: {'line': b"Listing '/workspaces/IRS_Rover_ROS2_Workspace/rover_ws/install/rover_perception_msgs/local/lib/python3.10/dist-packages/rover_perception_msgs/msg'...\n"}
[4.131874] (rover_perception_msgs) StdoutLine: {'line': b'-- Up-to-date: /workspaces/IRS_Rover_ROS2_Workspace/rover_ws/install/rover_perception_msgs/local/lib/python3.10/dist-packages/rover_perception_msgs/rover_perception_msgs_s__rosidl_typesupport_fastrtps_c.cpython-310-x86_64-linux-gnu.so\n'}
[4.135614] (rover_perception_msgs) StdoutLine: {'line': b'-- Up-to-date: /workspaces/IRS_Rover_ROS2_Workspace/rover_ws/install/rover_perception_msgs/local/lib/python3.10/dist-packages/rover_perception_msgs/rover_perception_msgs_s__rosidl_typesupport_introspection_c.cpython-310-x86_64-linux-gnu.so\n'}
[4.139321] (rover_perception_msgs) StdoutLine: {'line': b'-- Up-to-date: /workspaces/IRS_Rover_ROS2_Workspace/rover_ws/install/rover_perception_msgs/local/lib/python3.10/dist-packages/rover_perception_msgs/rover_perception_msgs_s__rosidl_typesupport_c.cpython-310-x86_64-linux-gnu.so\n'}
[4.144060] (rover_perception_msgs) StdoutLine: {'line': b'-- Up-to-date: /workspaces/IRS_Rover_ROS2_Workspace/rover_ws/install/rover_perception_msgs/lib/librover_perception_msgs__rosidl_generator_py.so\n'}
[4.147946] (rover_perception_msgs) StdoutLine: {'line': b'-- Up-to-date: /workspaces/IRS_Rover_ROS2_Workspace/rover_ws/install/rover_perception_msgs/share/ament_index/resource_index/rust_packages/rover_perception_msgs\n'}
[4.151009] (rover_perception_msgs) StdoutLine: {'line': b'-- Up-to-date: /workspaces/IRS_Rover_ROS2_Workspace/rover_ws/install/rover_perception_msgs/share/rover_perception_msgs/rust\n'}
[4.152229] (rover_perception_msgs) StdoutLine: {'line': b'-- Up-to-date: /workspaces/IRS_Rover_ROS2_Workspace/rover_ws/install/rover_perception_msgs/share/rover_perception_msgs/rust/Cargo.toml\n'}
[4.154396] (rover_perception_msgs) StdoutLine: {'line': b'-- Up-to-date: /workspaces/IRS_Rover_ROS2_Workspace/rover_ws/install/rover_perception_msgs/share/rover_perception_msgs/rust/build.rs\n'}
[4.155530] (rover_perception_msgs) StdoutLine: {'line': b'-- Up-to-date: /workspaces/IRS_Rover_ROS2_Workspace/rover_ws/install/rover_perception_msgs/share/rover_perception_msgs/rust/src\n'}
[4.157018] (rover_perception_msgs) StdoutLine: {'line': b'-- Up-to-date: /workspaces/IRS_Rover_ROS2_Workspace/rover_ws/install/rover_perception_msgs/share/rover_perception_msgs/rust/src/msg\n'}
[4.159951] (rover_perception_msgs) StdoutLine: {'line': b'-- Up-to-date: /workspaces/IRS_Rover_ROS2_Workspace/rover_ws/install/rover_perception_msgs/share/rover_perception_msgs/rust/src/msg/rmw.rs\n'}
[4.161616] (rover_perception_msgs) StdoutLine: {'line': b'-- Up-to-date: /workspaces/IRS_Rover_ROS2_Workspace/rover_ws/install/rover_perception_msgs/share/rover_perception_msgs/rust/src/lib.rs\n'}
[4.163521] (rover_perception_msgs) StdoutLine: {'line': b'-- Up-to-date: /workspaces/IRS_Rover_ROS2_Workspace/rover_ws/install/rover_perception_msgs/share/rover_perception_msgs/rust/src/msg.rs\n'}
[4.165874] (rover_perception_msgs) StdoutLine: {'line': b'-- Up-to-date: /workspaces/IRS_Rover_ROS2_Workspace/rover_ws/install/rover_perception_msgs/share/rover_perception_msgs/msg/TerrainGrid.idl\n'}
[4.168319] (rover_perception_msgs) StdoutLine: {'line': b'-- Up-to-date: /workspaces/IRS_Rover_ROS2_Workspace/rover_ws/install/rover_perception_msgs/share/rover_perception_msgs/msg/LedDetection.idl\n'}
[4.170420] (rover_perception_msgs) StdoutLine: {'line': b'-- Up-to-date: /workspaces/IRS_Rover_ROS2_Workspace/rover_ws/install/rover_perception_msgs/share/rover_perception_msgs/msg/LedDetectionArray.idl\n'}
[4.172285] (rover_perception_msgs) StdoutLine: {'line': b'-- Up-to-date: /workspaces/IRS_Rover_ROS2_Workspace/rover_ws/install/rover_perception_msgs/share/rover_perception_msgs/msg/TerrainGrid.msg\n'}
[4.174252] (rover_perception_msgs) StdoutLine: {'line': b'-- Up-to-date: /workspaces/IRS_Rover_ROS2_Workspace/rover_ws/install/rover_perception_msgs/share/rover_perception_msgs/msg/LedDetection.msg\n'}
[4.175515] (rover_perception_msgs) StdoutLine: {'line': b'-- Up-to-date: /workspaces/IRS_Rover_ROS2_Workspace/rover_ws/install/rover_perception_msgs/share/rover_perception_msgs/msg/LedDetectionArray.msg\n'}
[4.177329] (rover_perception_msgs) StdoutLine: {'line': b'-- Up-to-date: /workspaces/IRS_Rover_ROS2_Workspace/rover_ws/install/rover_perception_msgs/share/ament_index/resource_index/package_run_dependencies/rover_perception_msgs\n'}
[4.178495] (rover_perception_msgs) StdoutLine: {'line': b'-- Up-to-date: /workspaces/IRS_Rover_ROS2_Workspace/rover_ws/install/rover_perception_msgs/share/ament_index/resource_index/parent_prefix_path/rover_perception_msgs\n'}
[4.180570] (rover_perception_msgs) StdoutLine: {'line': b'-- Up-to-date: /workspaces/IRS_Rover_ROS2_Workspace/rover_ws/install/rover_perception_msgs/share/rover_perception_msgs/environment/ament_prefix_path.sh\n'}
[4.181692] (rover_perception_msgs) StdoutLine: {'line': b'-- Up-to-date: /workspaces/IRS_Rover_ROS2_Workspace/rover_ws/install/rover_perception_msgs/share/rover_perception_msgs/environment/ament_prefix_path.dsv\n'}
[4.183708] (rover_perception_msgs) StdoutLine: {'line': b'-- Up-to-date: /workspaces/IRS_Rover_ROS2_Workspace/rover_ws/install/rover_perception_msgs/share/rover_perception_msgs/environment/path.sh\n'}
[4.185603] (rover_perception_msgs) StdoutLine: {'line': b'-- Up-to-date: /workspaces/IRS_Rover_ROS2_Workspace/rover_ws/install/rover_perception_msgs/share/rover_perception_msgs/environment/path.dsv\n'}
[4.187417] (-) TimerEvent: {}
[4.188145] (rover_perception_msgs) StdoutLine: {'line': b'-- Up-to-date: /workspaces/IRS_Rover_ROS2_Workspace/rover_ws/install/rover_perception_msgs/share/rover_perception_msgs/local_setup.bash\n'}
[4.190478] (rover_perception_msgs) StdoutLine: {'line': b'-- Up-to-date: /workspaces/IRS_Rover_ROS2_Workspace/rover_ws/install/rover_perception_msgs/share/rover_perception_msgs/local_setup.sh\n'}
[4.193003] (rover_perception_msgs) StdoutLine: {'line': b'-- Up-to-date: /workspaces/IRS_Rover_ROS2_Workspace/rover_ws/install/rover_perception_msgs/share/rover_perception_msgs/local_setup.zsh\n'}
[4.194326] (rover_perception_msgs) StdoutLine: {'line': b'-- Up-to-date: /workspaces/IRS_Rover_ROS2_Workspace/rover_ws/install/rover_perception_msgs/share/rover_perception_msgs/local_setup.dsv\n'}
[4.195484] (rover_perception_msgs) StdoutLine: {'line': b'-- Installing: /workspaces/IRS_Rover_ROS2_Workspace/rover_ws/install/rover_perception_msgs/share/rover_perception_msgs/package.dsv\n'}
[4.198289] (rover_perception_msgs) StdoutLine: {'line': b'-- Up-to-date: /workspaces/IRS_Rover_ROS2_Workspace/rover_ws/install/rover_perception_msgs/share/ament_index/resource_index/packages/rover_perception_msgs\n'}
[4.200390] (rover_perception_msgs) StdoutLine: {'line': b'-- Up-to-date: /workspaces/IRS_Rover_ROS2_Workspace/rover_ws/install/rover_perception_msgs/share/rover_perception_msgs/cmake/export_rover_perception_msgs__rosidl_generator_cExport.cmake\n'}
[4.203208] (rover_perception_msgs) StdoutLine: {'line': b'-- Up-to-date: /workspaces/IRS_Rover_ROS2_Workspace/rover_ws/install/rover_perception_msgs/share/rover_perception_msgs/cmake/export_rover_perception_msgs__rosidl_generator_cExport-noconfig.cmake\n'}
[4.205244] (rover_perception_msgs) StdoutLine: {'line': b'-- Up-to-date: /workspaces/IRS_Rover_ROS2_Workspace/rover_ws/install/rover_perception_msgs/share/rover_perception_msgs/cmake/export_rover_perception_msgs__rosidl_typesupport_fastrtps_cExport.cmake\n'}
[4.207815] (rover_perception_msgs) StdoutLine: {'line': b'-- Up-to-date: /workspaces/IRS_Rover_ROS2_Workspace/rover_ws/install/rover_perception_msgs/share/rover_perception_msgs/cmake/export_rover_perception_msgs__rosidl_typesupport_fastrtps_cExport-noconfig.cmake\n'}
[4.209680] (rover_perception_msgs) StdoutLine: {'line': b'-- Up-to-date: /workspaces/IRS_Rover_ROS2_Workspace/rover_ws/install/rover_perception_msgs/share/rover_perception_msgs/cmake/rover_perception_msgs__rosidl_typesupport_introspection_cExport.cmake\n'}
[4.213570] (rover_perception_msgs) StdoutLine: {'line': b'-- Up-to-date: /workspaces/IRS_Rover_ROS2_Workspace/rover_ws/install/rover_perception_msgs/share/rover_perception_msgs/cmake/rover_perception_msgs__rosidl_typesupport_introspection_cExport-noconfig.cmake\n'}
[4.215529] (rover_control_msgs) CommandEnded: {'returncode': 0}
[4.217334] (rover_perception_msgs) StdoutLine: {'line': b'-- Up-to-date: /workspaces/IRS_Rover_ROS2_Workspace/rover_ws/install/rover_perception_msgs/share/rover_perception_msgs/cmake/rover_perception_msgs__rosidl_typesupport_cExport.cmake\n'}
[4.225823] (rover_perception_msgs) StdoutLine: {'line': b'-- Up-to-date: /workspaces/IRS_Rover_ROS2_Workspace/rover_ws/install/rover_perception_msgs/share/rover_perception_msgs/cmake/rover_perception_msgs__rosidl_typesupport_cExport-noconfig.cmake\n'}
[4.227612] (rover_control_msgs) JobProgress: {'identifier': 'rover_control_msgs', 'progress': 'install'}
[4.227959] (rover_control_msgs) Command: {'cmd': ['/usr/bin/cmake', '--install', '/workspaces/IRS_Rover_ROS2_Workspace/rover_ws/build/rover_control_msgs'], 'cwd': '/workspaces/IRS_Rover_ROS2_Workspace/rover_ws/build/rover_control_msgs', 'env': OrderedDict([('PYTHON_BASIC_REPL', '1'), ('HOSTNAME', '06335fee11bd'), ('GIT_ASKPASS', '/vscode/vscode-server/bin/linux-x64/4fe60c8b1cdac1c4c174f2fb180d0d758272d713/extensions/git/dist/askpass.sh'), ('SHLVL', '2'), ('LD_LIBRARY_PATH', '/workspaces/IRS_Rover_ROS2_Workspace/rover_ws/install/rover_perception_msgs/lib:/workspaces/IRS_Rover_ROS2_Workspace/rover_ws/install/rover_control_msgs/lib:/opt/ros/humble/opt/rviz_ogre_vendor/lib:/opt/ros/humble/lib/x86_64-linux-gnu:/opt/ros/humble/lib'), ('BROWSER', '/vscode/vscode-server/bin/linux-x64/4fe60c8b1cdac1c4c174f2fb180d0d758272d713/bin/helpers/browser.sh'), ('HOME', '/root'), ('OLDPWD', '/workspaces/IRS_Rover_ROS2_Workspace'), ('TERM_PROGRAM_VERSION', '1.127.0'), ('VSCODE_IPC_HOOK_CLI', '/tmp/vscode-ipc-3e6332f7-9fde-4cf4-86c7-54ac10099b1e.sock'), ('ROS_PYTHON_VERSION', '3'), ('VSCODE_GIT_ASKPASS_MAIN', '/vscode/vscode-server/bin/linux-x64/4fe60c8b1cdac1c4c174f2fb180d0d758272d713/extensions/git/dist/askpass-main.js'), ('VSCODE_GIT_ASKPASS_NODE', '/vscode/vscode-server/bin/linux-x64/4fe60c8b1cdac1c4c174f2fb180d0d758272d713/node'), ('PYDEVD_DISABLE_FILE_VALIDATION', '1'), ('BUNDLED_DEBUGPY_PATH', '/root/.vscode-server/extensions/ms-python.debugpy-2026.6.0-linux-x64/bundled/libs/debugpy'), ('VSCODE_PYTHON_AUTOACTIVATE_GUARD', '1'), ('COLORTERM', 'truecolor'), ('REMOTE_CONTAINERS', 'true'), ('COLCON_PREFIX_PATH', '/workspaces/IRS_Rover_ROS2_Workspace/rover_ws/install'), ('ROS_DISTRO', 'humble'), ('REMOTE_CONTAINERS_IPC', '/tmp/vscode-remote-containers-ipc-8556e27b-e216-450b-b0cc-1f8365397382.sock'), ('_', '/usr/bin/colcon'), ('ROS_VERSION', '2'), ('TERM', 'xterm-256color'), ('ROS_LOCALHOST_ONLY', '0'), ('PATH', '/root/.vscode-server/data/User/globalStorage/github.copilot-chat/debugCommand:/root/.vscode-server/data/User/globalStorage/github.copilot-chat/copilotCli:/vscode/vscode-server/bin/linux-x64/4fe60c8b1cdac1c4c174f2fb180d0d758272d713/bin/remote-cli:/opt/ros/humble/bin:/usr/local/sbin:/usr/local/bin:/usr/sbin:/usr/bin:/sbin:/bin:/root/.vscode-server/extensions/ms-python.debugpy-2026.6.0-linux-x64/bundled/scripts/noConfigScripts'), ('REMOTE_CONTAINERS_SOCKETS', '["/tmp/vscode-ssh-auth-8556e27b-e216-450b-b0cc-1f8365397382.sock"]'), ('VSCODE_DEBUGPY_ADAPTER_ENDPOINTS', '/root/.vscode-server/extensions/ms-python.debugpy-2026.6.0-linux-x64/.noConfigDebugAdapterEndpoints/endpoint-1e3a0fbd7d538503.txt'), ('LANG', 'C.UTF-8'), ('PYTHONSTARTUP', '/root/.vscode-server/data/User/workspaceStorage/7242e97d3df64538730a6ed5a855f433/ms-python.python/pythonrc.py'), ('LS_COLORS', 'rs=0:di=01;34:ln=01;36:mh=00:pi=40;33:so=01;35:do=01;35:bd=40;33;01:cd=40;33;01:or=40;31;01:mi=00:su=37;41:sg=30;43:ca=30;41:tw=30;42:ow=34;42:st=37;44:ex=01;32:*.tar=01;31:*.tgz=01;31:*.arc=01;31:*.arj=01;31:*.taz=01;31:*.lha=01;31:*.lz4=01;31:*.lzh=01;31:*.lzma=01;31:*.tlz=01;31:*.txz=01;31:*.tzo=01;31:*.t7z=01;31:*.zip=01;31:*.z=01;31:*.dz=01;31:*.gz=01;31:*.lrz=01;31:*.lz=01;31:*.lzo=01;31:*.xz=01;31:*.zst=01;31:*.tzst=01;31:*.bz2=01;31:*.bz=01;31:*.tbz=01;31:*.tbz2=01;31:*.tz=01;31:*.deb=01;31:*.rpm=01;31:*.jar=01;31:*.war=01;31:*.ear=01;31:*.sar=01;31:*.rar=01;31:*.alz=01;31:*.ace=01;31:*.zoo=01;31:*.cpio=01;31:*.7z=01;31:*.rz=01;31:*.cab=01;31:*.wim=01;31:*.swm=01;31:*.dwm=01;31:*.esd=01;31:*.jpg=01;35:*.jpeg=01;35:*.mjpg=01;35:*.mjpeg=01;35:*.gif=01;35:*.bmp=01;35:*.pbm=01;35:*.pgm=01;35:*.ppm=01;35:*.tga=01;35:*.xbm=01;35:*.xpm=01;35:*.tif=01;35:*.tiff=01;35:*.png=01;35:*.svg=01;35:*.svgz=01;35:*.mng=01;35:*.pcx=01;35:*.mov=01;35:*.mpg=01;35:*.mpeg=01;35:*.m2v=01;35:*.mkv=01;35:*.webm=01;35:*.webp=01;35:*.ogm=01;35:*.mp4=01;35:*.m4v=01;35:*.mp4v=01;35:*.vob=01;35:*.qt=01;35:*.nuv=01;35:*.wmv=01;35:*.asf=01;35:*.rm=01;35:*.rmvb=01;35:*.flc=01;35:*.avi=01;35:*.fli=01;35:*.flv=01;35:*.gl=01;35:*.dl=01;35:*.xcf=01;35:*.xwd=01;35:*.yuv=01;35:*.cgm=01;35:*.emf=01;35:*.ogv=01;35:*.ogx=01;35:*.aac=00;36:*.au=00;36:*.flac=00;36:*.m4a=00;36:*.mid=00;36:*.midi=00;36:*.mka=00;36:*.mp3=00;36:*.mpc=00;36:*.ogg=00;36:*.ra=00;36:*.wav=00;36:*.oga=00;36:*.opus=00;36:*.spx=00;36:*.xspf=00;36:'), ('VSCODE_GIT_IPC_HANDLE', '/tmp/vscode-git-bb8c1a7c35.sock'), ('TERM_PROGRAM', 'vscode'), ('SSH_AUTH_SOCK', '/tmp/vscode-ssh-auth-8556e27b-e216-450b-b0cc-1f8365397382.sock'), ('AMENT_PREFIX_PATH', '/workspaces/IRS_Rover_ROS2_Workspace/rover_ws/install/rover_perception_msgs:/workspaces/IRS_Rover_ROS2_Workspace/rover_ws/install/rover_stereocam:/workspaces/IRS_Rover_ROS2_Workspace/rover_ws/install/rover_perception:/workspaces/IRS_Rover_ROS2_Workspace/rover_ws/install/rover_lidar:/workspaces/IRS_Rover_ROS2_Workspace/rover_ws/install/rover_control_msgs:/workspaces/IRS_Rover_ROS2_Workspace/rover_ws/install/rover_control:/opt/ros/humble'), ('SHELL', '/bin/bash'), ('VSCODE_GIT_ASKPASS_EXTRA_ARGS', ''), ('PWD', '/workspaces/IRS_Rover_ROS2_Workspace/rover_ws/build/rover_control_msgs'), ('LC_ALL', 'C.UTF-8'), ('COPILOT_DEBUG_NONCE', 'ebb28b2f47a55d9f123b03f75e673fb9'), ('PYTHONPATH', '/workspaces/IRS_Rover_ROS2_Workspace/rover_ws/install/rover_perception_msgs/local/lib/python3.10/dist-packages:/workspaces/IRS_Rover_ROS2_Workspace/rover_ws/install/rover_stereocam/lib/python3.10/site-packages:/workspaces/IRS_Rover_ROS2_Workspace/rover_ws/install/rover_perception/lib/python3.10/site-packages:/workspaces/IRS_Rover_ROS2_Workspace/rover_ws/install/rover_lidar/lib/python3.10/site-packages:/workspaces/IRS_Rover_ROS2_Workspace/rover_ws/install/rover_control_msgs/local/lib/python3.10/dist-packages:/workspaces/IRS_Rover_ROS2_Workspace/rover_ws/install/rover_control/lib/python3.10/site-packages:/opt/ros/humble/lib/python3.10/site-packages:/opt/ros/humble/local/lib/python3.10/dist-packages'), ('COLCON', '1'), ('CMAKE_PREFIX_PATH', '/workspaces/IRS_Rover_ROS2_Workspace/rover_ws/install/rover_perception_msgs:/workspaces/IRS_Rover_ROS2_Workspace/rover_ws/install/rover_control_msgs:/workspaces/IRS_Rover_ROS2_Workspace/rover_ws/install/rover_stereocam:/workspaces/IRS_Rover_ROS2_Workspace/rover_ws/install/rover_perception:/workspaces/IRS_Rover_ROS2_Workspace/rover_ws/install/rover_lidar:/workspaces/IRS_Rover_ROS2_Workspace/rover_ws/install/rover_control:/opt/ros/humble')]), 'shell': False}
[4.229927] (rover_perception_msgs) StdoutLine: {'line': b'-- Up-to-date: /workspaces/IRS_Rover_ROS2_Workspace/rover_ws/install/rover_perception_msgs/share/rover_perception_msgs/cmake/export_rover_perception_msgs__rosidl_generator_cppExport.cmake\n'}
[4.231366] (rover_perception_msgs) StdoutLine: {'line': b'-- Up-to-date: /workspaces/IRS_Rover_ROS2_Workspace/rover_ws/install/rover_perception_msgs/share/rover_perception_msgs/cmake/export_rover_perception_msgs__rosidl_typesupport_fastrtps_cppExport.cmake\n'}
[4.233249] (rover_perception_msgs) StdoutLine: {'line': b'-- Up-to-date: /workspaces/IRS_Rover_ROS2_Workspace/rover_ws/install/rover_perception_msgs/share/rover_perception_msgs/cmake/export_rover_perception_msgs__rosidl_typesupport_fastrtps_cppExport-noconfig.cmake\n'}
[4.234501] (rover_perception_msgs) StdoutLine: {'line': b'-- Up-to-date: /workspaces/IRS_Rover_ROS2_Workspace/rover_ws/install/rover_perception_msgs/share/rover_perception_msgs/cmake/rover_perception_msgs__rosidl_typesupport_introspection_cppExport.cmake\n'}
[4.235603] (rover_perception_msgs) StdoutLine: {'line': b'-- Up-to-date: /workspaces/IRS_Rover_ROS2_Workspace/rover_ws/install/rover_perception_msgs/share/rover_perception_msgs/cmake/rover_perception_msgs__rosidl_typesupport_introspection_cppExport-noconfig.cmake\n'}
[4.237372] (rover_perception_msgs) StdoutLine: {'line': b'-- Up-to-date: /workspaces/IRS_Rover_ROS2_Workspace/rover_ws/install/rover_perception_msgs/share/rover_perception_msgs/cmake/rover_perception_msgs__rosidl_typesupport_cppExport.cmake\n'}
[4.238761] (rover_perception_msgs) StdoutLine: {'line': b'-- Up-to-date: /workspaces/IRS_Rover_ROS2_Workspace/rover_ws/install/rover_perception_msgs/share/rover_perception_msgs/cmake/rover_perception_msgs__rosidl_typesupport_cppExport-noconfig.cmake\n'}
[4.239970] (rover_perception_msgs) StdoutLine: {'line': b'-- Up-to-date: /workspaces/IRS_Rover_ROS2_Workspace/rover_ws/install/rover_perception_msgs/share/rover_perception_msgs/cmake/export_rover_perception_msgs__rosidl_generator_pyExport.cmake\n'}
[4.241321] (rover_perception_msgs) StdoutLine: {'line': b'-- Up-to-date: /workspaces/IRS_Rover_ROS2_Workspace/rover_ws/install/rover_perception_msgs/share/rover_perception_msgs/cmake/export_rover_perception_msgs__rosidl_generator_pyExport-noconfig.cmake\n'}
[4.243375] (rover_perception_msgs) StdoutLine: {'line': b'-- Up-to-date: /workspaces/IRS_Rover_ROS2_Workspace/rover_ws/install/rover_perception_msgs/share/rover_perception_msgs/cmake/rosidl_cmake-extras.cmake\n'}
[4.244395] (rover_perception_msgs) StdoutLine: {'line': b'-- Up-to-date: /workspaces/IRS_Rover_ROS2_Workspace/rover_ws/install/rover_perception_msgs/share/rover_perception_msgs/cmake/ament_cmake_export_dependencies-extras.cmake\n'}
[4.246775] (rover_perception_msgs) StdoutLine: {'line': b'-- Up-to-date: /workspaces/IRS_Rover_ROS2_Workspace/rover_ws/install/rover_perception_msgs/share/rover_perception_msgs/cmake/ament_cmake_export_include_directories-extras.cmake\n'}
[4.248089] (rover_perception_msgs) StdoutLine: {'line': b'-- Up-to-date: /workspaces/IRS_Rover_ROS2_Workspace/rover_ws/install/rover_perception_msgs/share/rover_perception_msgs/cmake/ament_cmake_export_libraries-extras.cmake\n'}
[4.250187] (rover_perception_msgs) StdoutLine: {'line': b'-- Up-to-date: /workspaces/IRS_Rover_ROS2_Workspace/rover_ws/install/rover_perception_msgs/share/rover_perception_msgs/cmake/ament_cmake_export_targets-extras.cmake\n'}
[4.251956] (rover_perception_msgs) StdoutLine: {'line': b'-- Up-to-date: /workspaces/IRS_Rover_ROS2_Workspace/rover_ws/install/rover_perception_msgs/share/rover_perception_msgs/cmake/rosidl_cmake_export_typesupport_targets-extras.cmake\n'}
[4.256156] (rover_perception_msgs) StdoutLine: {'line': b'-- Up-to-date: /workspaces/IRS_Rover_ROS2_Workspace/rover_ws/install/rover_perception_msgs/share/rover_perception_msgs/cmake/rosidl_cmake_export_typesupport_libraries-extras.cmake\n'}
[4.258921] (rover_perception_msgs) StdoutLine: {'line': b'-- Up-to-date: /workspaces/IRS_Rover_ROS2_Workspace/rover_ws/install/rover_perception_msgs/share/rover_perception_msgs/cmake/rover_perception_msgsConfig.cmake\n'}
[4.260313] (rover_perception_msgs) StdoutLine: {'line': b'-- Up-to-date: /workspaces/IRS_Rover_ROS2_Workspace/rover_ws/install/rover_perception_msgs/share/rover_perception_msgs/cmake/rover_perception_msgsConfig-version.cmake\n'}
[4.261508] (rover_perception_msgs) StdoutLine: {'line': b'-- Up-to-date: /workspaces/IRS_Rover_ROS2_Workspace/rover_ws/install/rover_perception_msgs/share/rover_perception_msgs/package.xml\n'}
[4.262535] (rover_perception_msgs) CommandEnded: {'returncode': 0}
[4.272501] (rover_control_msgs) StdoutLine: {'line': b'-- Install configuration: ""\n'}
[4.274642] (rover_control_msgs) StdoutLine: {'line': b'-- Up-to-date: /workspaces/IRS_Rover_ROS2_Workspace/rover_ws/install/rover_control_msgs/share/ament_index/resource_index/rosidl_interfaces/rover_control_msgs\n'}
[4.276044] (rover_control_msgs) StdoutLine: {'line': b'-- Up-to-date: /workspaces/IRS_Rover_ROS2_Workspace/rover_ws/install/rover_control_msgs/include/rover_control_msgs/rover_control_msgs\n'}
[4.277521] (rover_control_msgs) StdoutLine: {'line': b'-- Up-to-date: /workspaces/IRS_Rover_ROS2_Workspace/rover_ws/install/rover_control_msgs/include/rover_control_msgs/rover_control_msgs/msg\n'}
[4.279088] (rover_control_msgs) StdoutLine: {'line': b'-- Up-to-date: /workspaces/IRS_Rover_ROS2_Workspace/rover_ws/install/rover_control_msgs/include/rover_control_msgs/rover_control_msgs/msg/rosidl_generator_c__visibility_control.h\n'}
[4.280673] (rover_control_msgs) StdoutLine: {'line': b'-- Up-to-date: /workspaces/IRS_Rover_ROS2_Workspace/rover_ws/install/rover_control_msgs/include/rover_control_msgs/rover_control_msgs/msg/set_operational_mode.h\n'}
[4.281756] (rover_control_msgs) StdoutLine: {'line': b'-- Up-to-date: /workspaces/IRS_Rover_ROS2_Workspace/rover_ws/install/rover_control_msgs/include/rover_control_msgs/rover_control_msgs/msg/detail\n'}
[4.283832] (rover_control_msgs) StdoutLine: {'line': b'-- Up-to-date: /workspaces/IRS_Rover_ROS2_Workspace/rover_ws/install/rover_control_msgs/include/rover_control_msgs/rover_control_msgs/msg/detail/current_operational_mode__functions.h\n'}
[4.285528] (rover_control_msgs) StdoutLine: {'line': b'-- Up-to-date: /workspaces/IRS_Rover_ROS2_Workspace/rover_ws/install/rover_control_msgs/include/rover_control_msgs/rover_control_msgs/msg/detail/set_operational_mode__struct.h\n'}
[4.287101] (rover_control_msgs) StdoutLine: {'line': b'-- Up-to-date: /workspaces/IRS_Rover_ROS2_Workspace/rover_ws/install/rover_control_msgs/include/rover_control_msgs/rover_control_msgs/msg/detail/current_operational_mode__type_support.h\n'}
[4.288406] (-) TimerEvent: {}
[4.289391] (rover_control_msgs) StdoutLine: {'line': b'-- Up-to-date: /workspaces/IRS_Rover_ROS2_Workspace/rover_ws/install/rover_control_msgs/include/rover_control_msgs/rover_control_msgs/msg/detail/set_operational_mode__functions.h\n'}
[4.290626] (rover_control_msgs) StdoutLine: {'line': b'-- Up-to-date: /workspaces/IRS_Rover_ROS2_Workspace/rover_ws/install/rover_control_msgs/include/rover_control_msgs/rover_control_msgs/msg/detail/operational_mode_settings__type_support.h\n'}
[4.291827] (rover_control_msgs) StdoutLine: {'line': b'-- Up-to-date: /workspaces/IRS_Rover_ROS2_Workspace/rover_ws/install/rover_control_msgs/include/rover_control_msgs/rover_control_msgs/msg/detail/operational_mode_settings__functions.h\n'}
[4.293298] (rover_control_msgs) StdoutLine: {'line': b'-- Up-to-date: /workspaces/IRS_Rover_ROS2_Workspace/rover_ws/install/rover_control_msgs/include/rover_control_msgs/rover_control_msgs/msg/detail/current_operational_mode__functions.c\n'}
[4.296692] (rover_control_msgs) StdoutLine: {'line': b'-- Up-to-date: /workspaces/IRS_Rover_ROS2_Workspace/rover_ws/install/rover_control_msgs/include/rover_control_msgs/rover_control_msgs/msg/detail/current_operational_mode__struct.h\n'}
[4.299357] (rover_control_msgs) StdoutLine: {'line': b'-- Up-to-date: /workspaces/IRS_Rover_ROS2_Workspace/rover_ws/install/rover_control_msgs/include/rover_control_msgs/rover_control_msgs/msg/detail/operational_mode_settings__struct.h\n'}
[4.301051] (rover_control_msgs) StdoutLine: {'line': b'-- Up-to-date: /workspaces/IRS_Rover_ROS2_Workspace/rover_ws/install/rover_control_msgs/include/rover_control_msgs/rover_control_msgs/msg/detail/set_operational_mode__type_support.h\n'}
[4.306123] (rover_control_msgs) StdoutLine: {'line': b'-- Up-to-date: /workspaces/IRS_Rover_ROS2_Workspace/rover_ws/install/rover_control_msgs/include/rover_control_msgs/rover_control_msgs/msg/detail/operational_mode_settings__functions.c\n'}
[4.308257] (rover_control_msgs) StdoutLine: {'line': b'-- Up-to-date: /workspaces/IRS_Rover_ROS2_Workspace/rover_ws/install/rover_control_msgs/include/rover_control_msgs/rover_control_msgs/msg/detail/set_operational_mode__functions.c\n'}
[4.311512] (rover_control_msgs) StdoutLine: {'line': b'-- Up-to-date: /workspaces/IRS_Rover_ROS2_Workspace/rover_ws/install/rover_control_msgs/include/rover_control_msgs/rover_control_msgs/msg/current_operational_mode.h\n'}
[4.313144] (rover_control_msgs) StdoutLine: {'line': b'-- Up-to-date: /workspaces/IRS_Rover_ROS2_Workspace/rover_ws/install/rover_control_msgs/include/rover_control_msgs/rover_control_msgs/msg/operational_mode_settings.h\n'}
[4.314546] (rover_control_msgs) StdoutLine: {'line': b'-- Up-to-date: /workspaces/IRS_Rover_ROS2_Workspace/rover_ws/install/rover_control_msgs/include/rover_control_msgs/rover_control_msgs/srv\n'}
[4.316075] (rover_control_msgs) StdoutLine: {'line': b'-- Up-to-date: /workspaces/IRS_Rover_ROS2_Workspace/rover_ws/install/rover_control_msgs/include/rover_control_msgs/rover_control_msgs/srv/set_operational_mode.h\n'}
[4.317925] (rover_control_msgs) StdoutLine: {'line': b'-- Up-to-date: /workspaces/IRS_Rover_ROS2_Workspace/rover_ws/install/rover_control_msgs/include/rover_control_msgs/rover_control_msgs/srv/detail\n'}
[4.319380] (rover_control_msgs) StdoutLine: {'line': b'-- Up-to-date: /workspaces/IRS_Rover_ROS2_Workspace/rover_ws/install/rover_control_msgs/include/rover_control_msgs/rover_control_msgs/srv/detail/set_operational_mode__struct.h\n'}
[4.320638] (rover_control_msgs) StdoutLine: {'line': b'-- Up-to-date: /workspaces/IRS_Rover_ROS2_Workspace/rover_ws/install/rover_control_msgs/include/rover_control_msgs/rover_control_msgs/srv/detail/set_operational_mode__functions.h\n'}
[4.324883] (rover_control_msgs) StdoutLine: {'line': b'-- Up-to-date: /workspaces/IRS_Rover_ROS2_Workspace/rover_ws/install/rover_control_msgs/include/rover_control_msgs/rover_control_msgs/srv/detail/set_operational_mode__type_support.h\n'}
[4.327002] (rover_control_msgs) StdoutLine: {'line': b'-- Up-to-date: /workspaces/IRS_Rover_ROS2_Workspace/rover_ws/install/rover_control_msgs/include/rover_control_msgs/rover_control_msgs/srv/detail/set_operational_mode__functions.c\n'}
[4.328473] (rover_control_msgs) StdoutLine: {'line': b'-- Up-to-date: /workspaces/IRS_Rover_ROS2_Workspace/rover_ws/install/rover_control_msgs/share/rover_control_msgs/environment/library_path.sh\n'}
[4.330419] (rover_control_msgs) StdoutLine: {'line': b'-- Up-to-date: /workspaces/IRS_Rover_ROS2_Workspace/rover_ws/install/rover_control_msgs/share/rover_control_msgs/environment/library_path.dsv\n'}
[4.332138] (rover_control_msgs) StdoutLine: {'line': b'-- Up-to-date: /workspaces/IRS_Rover_ROS2_Workspace/rover_ws/install/rover_control_msgs/lib/librover_control_msgs__rosidl_generator_c.so\n'}
[4.333957] (rover_control_msgs) StdoutLine: {'line': b'-- Up-to-date: /workspaces/IRS_Rover_ROS2_Workspace/rover_ws/install/rover_control_msgs/include/rover_control_msgs/rover_control_msgs\n'}
[4.336744] (rover_control_msgs) StdoutLine: {'line': b'-- Up-to-date: /workspaces/IRS_Rover_ROS2_Workspace/rover_ws/install/rover_control_msgs/include/rover_control_msgs/rover_control_msgs/msg\n'}
[4.339293] (rover_control_msgs) StdoutLine: {'line': b'-- Up-to-date: /workspaces/IRS_Rover_ROS2_Workspace/rover_ws/install/rover_control_msgs/include/rover_control_msgs/rover_control_msgs/msg/detail\n'}
[4.340588] (rover_control_msgs) StdoutLine: {'line': b'-- Up-to-date: /workspaces/IRS_Rover_ROS2_Workspace/rover_ws/install/rover_control_msgs/include/rover_control_msgs/rover_control_msgs/msg/detail/operational_mode_settings__rosidl_typesupport_fastrtps_c.h\n'}
[4.343647] (rover_control_msgs) StdoutLine: {'line': b'-- Up-to-date: /workspaces/IRS_Rover_ROS2_Workspace/rover_ws/install/rover_control_msgs/include/rover_control_msgs/rover_control_msgs/msg/detail/set_operational_mode__rosidl_typesupport_fastrtps_c.h\n'}
[4.347147] (rover_control_msgs) StdoutLine: {'line': b'-- Up-to-date: /workspaces/IRS_Rover_ROS2_Workspace/rover_ws/install/rover_control_msgs/include/rover_control_msgs/rover_control_msgs/msg/detail/current_operational_mode__rosidl_typesupport_fastrtps_c.h\n'}
[4.348426] (rover_control_msgs) StdoutLine: {'line': b'-- Up-to-date: /workspaces/IRS_Rover_ROS2_Workspace/rover_ws/install/rover_control_msgs/include/rover_control_msgs/rover_control_msgs/msg/rosidl_typesupport_fastrtps_c__visibility_control.h\n'}
[4.351133] (rover_control_msgs) StdoutLine: {'line': b'-- Up-to-date: /workspaces/IRS_Rover_ROS2_Workspace/rover_ws/install/rover_control_msgs/include/rover_control_msgs/rover_control_msgs/srv\n'}
[4.353933] (rover_control_msgs) StdoutLine: {'line': b'-- Up-to-date: /workspaces/IRS_Rover_ROS2_Workspace/rover_ws/install/rover_control_msgs/include/rover_control_msgs/rover_control_msgs/srv/detail\n'}
[4.356418] (rover_control_msgs) StdoutLine: {'line': b'-- Up-to-date: /workspaces/IRS_Rover_ROS2_Workspace/rover_ws/install/rover_control_msgs/include/rover_control_msgs/rover_control_msgs/srv/detail/set_operational_mode__rosidl_typesupport_fastrtps_c.h\n'}
[4.357681] (rover_control_msgs) StdoutLine: {'line': b'-- Up-to-date: /workspaces/IRS_Rover_ROS2_Workspace/rover_ws/install/rover_control_msgs/lib/librover_control_msgs__rosidl_typesupport_fastrtps_c.so\n'}
[4.359373] (rover_control_msgs) StdoutLine: {'line': b'-- Up-to-date: /workspaces/IRS_Rover_ROS2_Workspace/rover_ws/install/rover_control_msgs/include/rover_control_msgs/rover_control_msgs\n'}
[4.360980] (rover_control_msgs) StdoutLine: {'line': b'-- Up-to-date: /workspaces/IRS_Rover_ROS2_Workspace/rover_ws/install/rover_control_msgs/include/rover_control_msgs/rover_control_msgs/msg\n'}
[4.366299] (rover_control_msgs) StdoutLine: {'line': b'-- Up-to-date: /workspaces/IRS_Rover_ROS2_Workspace/rover_ws/install/rover_control_msgs/include/rover_control_msgs/rover_control_msgs/msg/detail\n'}
[4.368499] (rover_control_msgs) StdoutLine: {'line': b'-- Up-to-date: /workspaces/IRS_Rover_ROS2_Workspace/rover_ws/install/rover_control_msgs/include/rover_control_msgs/rover_control_msgs/msg/detail/current_operational_mode__rosidl_typesupport_introspection_c.h\n'}
[4.370330] (rover_control_msgs) StdoutLine: {'line': b'-- Up-to-date: /workspaces/IRS_Rover_ROS2_Workspace/rover_ws/install/rover_control_msgs/include/rover_control_msgs/rover_control_msgs/msg/detail/set_operational_mode__rosidl_typesupport_introspection_c.h\n'}
[4.371542] (rover_control_msgs) StdoutLine: {'line': b'-- Up-to-date: /workspaces/IRS_Rover_ROS2_Workspace/rover_ws/install/rover_control_msgs/include/rover_control_msgs/rover_control_msgs/msg/detail/set_operational_mode__type_support.c\n'}
[4.373141] (rover_control_msgs) StdoutLine: {'line': b'-- Up-to-date: /workspaces/IRS_Rover_ROS2_Workspace/rover_ws/install/rover_control_msgs/include/rover_control_msgs/rover_control_msgs/msg/detail/operational_mode_settings__rosidl_typesupport_introspection_c.h\n'}
[4.374871] (rover_control_msgs) StdoutLine: {'line': b'-- Up-to-date: /workspaces/IRS_Rover_ROS2_Workspace/rover_ws/install/rover_control_msgs/include/rover_control_msgs/rover_control_msgs/msg/detail/current_operational_mode__type_support.c\n'}
[4.376986] (rover_control_msgs) StdoutLine: {'line': b'-- Up-to-date: /workspaces/IRS_Rover_ROS2_Workspace/rover_ws/install/rover_control_msgs/include/rover_control_msgs/rover_control_msgs/msg/detail/operational_mode_settings__type_support.c\n'}
[4.378382] (rover_control_msgs) StdoutLine: {'line': b'-- Up-to-date: /workspaces/IRS_Rover_ROS2_Workspace/rover_ws/install/rover_control_msgs/include/rover_control_msgs/rover_control_msgs/msg/rosidl_typesupport_introspection_c__visibility_control.h\n'}
[4.379793] (rover_control_msgs) StdoutLine: {'line': b'-- Up-to-date: /workspaces/IRS_Rover_ROS2_Workspace/rover_ws/install/rover_control_msgs/include/rover_control_msgs/rover_control_msgs/srv\n'}
[4.381676] (rover_control_msgs) StdoutLine: {'line': b'-- Up-to-date: /workspaces/IRS_Rover_ROS2_Workspace/rover_ws/install/rover_control_msgs/include/rover_control_msgs/rover_control_msgs/srv/detail\n'}
[4.383953] (rover_control_msgs) StdoutLine: {'line': b'-- Up-to-date: /workspaces/IRS_Rover_ROS2_Workspace/rover_ws/install/rover_control_msgs/include/rover_control_msgs/rover_control_msgs/srv/detail/set_operational_mode__rosidl_typesupport_introspection_c.h\n'}
[4.385653] (rover_control_msgs) StdoutLine: {'line': b'-- Up-to-date: /workspaces/IRS_Rover_ROS2_Workspace/rover_ws/install/rover_control_msgs/include/rover_control_msgs/rover_control_msgs/srv/detail/set_operational_mode__type_support.c\n'}
[4.387569] (rover_control_msgs) StdoutLine: {'line': b'-- Up-to-date: /workspaces/IRS_Rover_ROS2_Workspace/rover_ws/install/rover_control_msgs/lib/librover_control_msgs__rosidl_typesupport_introspection_c.so\n'}
[4.389196] (-) TimerEvent: {}
[4.389937] (rover_control_msgs) StdoutLine: {'line': b'-- Up-to-date: /workspaces/IRS_Rover_ROS2_Workspace/rover_ws/install/rover_control_msgs/lib/librover_control_msgs__rosidl_typesupport_c.so\n'}
[4.391963] (rover_control_msgs) StdoutLine: {'line': b'-- Up-to-date: /workspaces/IRS_Rover_ROS2_Workspace/rover_ws/install/rover_control_msgs/include/rover_control_msgs/rover_control_msgs\n'}
[4.393412] (rover_control_msgs) StdoutLine: {'line': b'-- Up-to-date: /workspaces/IRS_Rover_ROS2_Workspace/rover_ws/install/rover_control_msgs/include/rover_control_msgs/rover_control_msgs/msg\n'}
[4.394519] (rover_control_msgs) StdoutLine: {'line': b'-- Up-to-date: /workspaces/IRS_Rover_ROS2_Workspace/rover_ws/install/rover_control_msgs/include/rover_control_msgs/rover_control_msgs/msg/current_operational_mode.hpp\n'}
[4.395847] (rover_control_msgs) StdoutLine: {'line': b'-- Up-to-date: /workspaces/IRS_Rover_ROS2_Workspace/rover_ws/install/rover_control_msgs/include/rover_control_msgs/rover_control_msgs/msg/set_operational_mode.hpp\n'}
[4.397419] (rover_control_msgs) StdoutLine: {'line': b'-- Up-to-date: /workspaces/IRS_Rover_ROS2_Workspace/rover_ws/install/rover_control_msgs/include/rover_control_msgs/rover_control_msgs/msg/detail\n'}
[4.399265] (rover_control_msgs) StdoutLine: {'line': b'-- Up-to-date: /workspaces/IRS_Rover_ROS2_Workspace/rover_ws/install/rover_control_msgs/include/rover_control_msgs/rover_control_msgs/msg/detail/operational_mode_settings__traits.hpp\n'}
[4.402012] (rover_control_msgs) StdoutLine: {'line': b'-- Up-to-date: /workspaces/IRS_Rover_ROS2_Workspace/rover_ws/install/rover_control_msgs/include/rover_control_msgs/rover_control_msgs/msg/detail/current_operational_mode__type_support.hpp\n'}
[4.405198] (rover_control_msgs) StdoutLine: {'line': b'-- Up-to-date: /workspaces/IRS_Rover_ROS2_Workspace/rover_ws/install/rover_control_msgs/include/rover_control_msgs/rover_control_msgs/msg/detail/set_operational_mode__type_support.hpp\n'}
[4.408684] (rover_control_msgs) StdoutLine: {'line': b'-- Up-to-date: /workspaces/IRS_Rover_ROS2_Workspace/rover_ws/install/rover_control_msgs/include/rover_control_msgs/rover_control_msgs/msg/detail/current_operational_mode__traits.hpp\n'}
[4.410445] (rover_control_msgs) StdoutLine: {'line': b'-- Up-to-date: /workspaces/IRS_Rover_ROS2_Workspace/rover_ws/install/rover_control_msgs/include/rover_control_msgs/rover_control_msgs/msg/detail/set_operational_mode__struct.hpp\n'}
[4.411852] (rover_control_msgs) StdoutLine: {'line': b'-- Up-to-date: /workspaces/IRS_Rover_ROS2_Workspace/rover_ws/install/rover_control_msgs/include/rover_control_msgs/rover_control_msgs/msg/detail/operational_mode_settings__builder.hpp\n'}
[4.413456] (rover_control_msgs) StdoutLine: {'line': b'-- Up-to-date: /workspaces/IRS_Rover_ROS2_Workspace/rover_ws/install/rover_control_msgs/include/rover_control_msgs/rover_control_msgs/msg/detail/operational_mode_settings__struct.hpp\n'}
[4.414735] (rover_control_msgs) StdoutLine: {'line': b'-- Up-to-date: /workspaces/IRS_Rover_ROS2_Workspace/rover_ws/install/rover_control_msgs/include/rover_control_msgs/rover_control_msgs/msg/detail/set_operational_mode__builder.hpp\n'}
[4.416066] (rover_control_msgs) StdoutLine: {'line': b'-- Up-to-date: /workspaces/IRS_Rover_ROS2_Workspace/rover_ws/install/rover_control_msgs/include/rover_control_msgs/rover_control_msgs/msg/detail/current_operational_mode__struct.hpp\n'}
[4.417487] (rover_control_msgs) StdoutLine: {'line': b'-- Up-to-date: /workspaces/IRS_Rover_ROS2_Workspace/rover_ws/install/rover_control_msgs/include/rover_control_msgs/rover_control_msgs/msg/detail/current_operational_mode__builder.hpp\n'}
[4.419169] (rover_control_msgs) StdoutLine: {'line': b'-- Up-to-date: /workspaces/IRS_Rover_ROS2_Workspace/rover_ws/install/rover_control_msgs/include/rover_control_msgs/rover_control_msgs/msg/detail/set_operational_mode__traits.hpp\n'}
[4.420554] (rover_control_msgs) StdoutLine: {'line': b'-- Up-to-date: /workspaces/IRS_Rover_ROS2_Workspace/rover_ws/install/rover_control_msgs/include/rover_control_msgs/rover_control_msgs/msg/detail/operational_mode_settings__type_support.hpp\n'}
[4.423582] (rover_control_msgs) StdoutLine: {'line': b'-- Up-to-date: /workspaces/IRS_Rover_ROS2_Workspace/rover_ws/install/rover_control_msgs/include/rover_control_msgs/rover_control_msgs/msg/rosidl_generator_cpp__visibility_control.hpp\n'}
[4.425165] (rover_control_msgs) StdoutLine: {'line': b'-- Up-to-date: /workspaces/IRS_Rover_ROS2_Workspace/rover_ws/install/rover_control_msgs/include/rover_control_msgs/rover_control_msgs/msg/operational_mode_settings.hpp\n'}
[4.427472] (rover_control_msgs) StdoutLine: {'line': b'-- Up-to-date: /workspaces/IRS_Rover_ROS2_Workspace/rover_ws/install/rover_control_msgs/include/rover_control_msgs/rover_control_msgs/srv\n'}
[4.430523] (rover_control_msgs) StdoutLine: {'line': b'-- Up-to-date: /workspaces/IRS_Rover_ROS2_Workspace/rover_ws/install/rover_control_msgs/include/rover_control_msgs/rover_control_msgs/srv/set_operational_mode.hpp\n'}
[4.432551] (rover_control_msgs) StdoutLine: {'line': b'-- Up-to-date: /workspaces/IRS_Rover_ROS2_Workspace/rover_ws/install/rover_control_msgs/include/rover_control_msgs/rover_control_msgs/srv/detail\n'}
[4.435247] (rover_control_msgs) StdoutLine: {'line': b'-- Up-to-date: /workspaces/IRS_Rover_ROS2_Workspace/rover_ws/install/rover_control_msgs/include/rover_control_msgs/rover_control_msgs/srv/detail/set_operational_mode__type_support.hpp\n'}
[4.436612] (rover_control_msgs) StdoutLine: {'line': b'-- Up-to-date: /workspaces/IRS_Rover_ROS2_Workspace/rover_ws/install/rover_control_msgs/include/rover_control_msgs/rover_control_msgs/srv/detail/set_operational_mode__struct.hpp\n'}
[4.438980] (rover_control_msgs) StdoutLine: {'line': b'-- Up-to-date: /workspaces/IRS_Rover_ROS2_Workspace/rover_ws/install/rover_control_msgs/include/rover_control_msgs/rover_control_msgs/srv/detail/set_operational_mode__builder.hpp\n'}
[4.440421] (rover_control_msgs) StdoutLine: {'line': b'-- Up-to-date: /workspaces/IRS_Rover_ROS2_Workspace/rover_ws/install/rover_control_msgs/include/rover_control_msgs/rover_control_msgs/srv/detail/set_operational_mode__traits.hpp\n'}
[4.444217] (rover_control_msgs) StdoutLine: {'line': b'-- Up-to-date: /workspaces/IRS_Rover_ROS2_Workspace/rover_ws/install/rover_control_msgs/include/rover_control_msgs/rover_control_msgs\n'}
[4.447136] (rover_control_msgs) StdoutLine: {'line': b'-- Up-to-date: /workspaces/IRS_Rover_ROS2_Workspace/rover_ws/install/rover_control_msgs/include/rover_control_msgs/rover_control_msgs/msg\n'}
[4.452311] (rover_control_msgs) StdoutLine: {'line': b'-- Up-to-date: /workspaces/IRS_Rover_ROS2_Workspace/rover_ws/install/rover_control_msgs/include/rover_control_msgs/rover_control_msgs/msg/rosidl_typesupport_fastrtps_cpp__visibility_control.h\n'}
[4.457327] (rover_control_msgs) StdoutLine: {'line': b'-- Up-to-date: /workspaces/IRS_Rover_ROS2_Workspace/rover_ws/install/rover_control_msgs/include/rover_control_msgs/rover_control_msgs/msg/detail\n'}
[4.462067] (rover_control_msgs) StdoutLine: {'line': b'-- Up-to-date: /workspaces/IRS_Rover_ROS2_Workspace/rover_ws/install/rover_control_msgs/include/rover_control_msgs/rover_control_msgs/msg/detail/operational_mode_settings__rosidl_typesupport_fastrtps_cpp.hpp\n'}
[4.463684] (rover_control_msgs) StdoutLine: {'line': b'-- Up-to-date: /workspaces/IRS_Rover_ROS2_Workspace/rover_ws/install/rover_control_msgs/include/rover_control_msgs/rover_control_msgs/msg/detail/current_operational_mode__rosidl_typesupport_fastrtps_cpp.hpp\n'}
[4.466170] (rover_control_msgs) StdoutLine: {'line': b'-- Up-to-date: /workspaces/IRS_Rover_ROS2_Workspace/rover_ws/install/rover_control_msgs/include/rover_control_msgs/rover_control_msgs/msg/detail/set_operational_mode__rosidl_typesupport_fastrtps_cpp.hpp\n'}
[4.468528] (rover_control_msgs) StdoutLine: {'line': b'-- Up-to-date: /workspaces/IRS_Rover_ROS2_Workspace/rover_ws/install/rover_control_msgs/include/rover_control_msgs/rover_control_msgs/msg/detail/dds_fastrtps\n'}
[4.471118] (rover_control_msgs) StdoutLine: {'line': b'-- Up-to-date: /workspaces/IRS_Rover_ROS2_Workspace/rover_ws/install/rover_control_msgs/include/rover_control_msgs/rover_control_msgs/srv\n'}
[4.474937] (rover_control_msgs) StdoutLine: {'line': b'-- Up-to-date: /workspaces/IRS_Rover_ROS2_Workspace/rover_ws/install/rover_control_msgs/include/rover_control_msgs/rover_control_msgs/srv/detail\n'}
[4.477613] (rover_control_msgs) StdoutLine: {'line': b'-- Up-to-date: /workspaces/IRS_Rover_ROS2_Workspace/rover_ws/install/rover_control_msgs/include/rover_control_msgs/rover_control_msgs/srv/detail/set_operational_mode__rosidl_typesupport_fastrtps_cpp.hpp\n'}
[4.479225] (rover_control_msgs) StdoutLine: {'line': b'-- Up-to-date: /workspaces/IRS_Rover_ROS2_Workspace/rover_ws/install/rover_control_msgs/include/rover_control_msgs/rover_control_msgs/srv/detail/dds_fastrtps\n'}
[4.480977] (rover_control_msgs) StdoutLine: {'line': b'-- Up-to-date: /workspaces/IRS_Rover_ROS2_Workspace/rover_ws/install/rover_control_msgs/lib/librover_control_msgs__rosidl_typesupport_fastrtps_cpp.so\n'}
[4.484773] (rover_control_msgs) StdoutLine: {'line': b'-- Up-to-date: /workspaces/IRS_Rover_ROS2_Workspace/rover_ws/install/rover_control_msgs/include/rover_control_msgs/rover_control_msgs\n'}
[4.487641] (rover_control_msgs) StdoutLine: {'line': b'-- Up-to-date: /workspaces/IRS_Rover_ROS2_Workspace/rover_ws/install/rover_control_msgs/include/rover_control_msgs/rover_control_msgs/msg\n'}
[4.489232] (-) TimerEvent: {}
[4.489765] (rover_control_msgs) StdoutLine: {'line': b'-- Up-to-date: /workspaces/IRS_Rover_ROS2_Workspace/rover_ws/install/rover_control_msgs/include/rover_control_msgs/rover_control_msgs/msg/detail\n'}
[4.491473] (rover_control_msgs) StdoutLine: {'line': b'-- Up-to-date: /workspaces/IRS_Rover_ROS2_Workspace/rover_ws/install/rover_control_msgs/include/rover_control_msgs/rover_control_msgs/msg/detail/operational_mode_settings__type_support.cpp\n'}
[4.493702] (rover_control_msgs) StdoutLine: {'line': b'-- Up-to-date: /workspaces/IRS_Rover_ROS2_Workspace/rover_ws/install/rover_control_msgs/include/rover_control_msgs/rover_control_msgs/msg/detail/operational_mode_settings__rosidl_typesupport_introspection_cpp.hpp\n'}
[4.495535] (rover_control_msgs) StdoutLine: {'line': b'-- Up-to-date: /workspaces/IRS_Rover_ROS2_Workspace/rover_ws/install/rover_control_msgs/include/rover_control_msgs/rover_control_msgs/msg/detail/current_operational_mode__rosidl_typesupport_introspection_cpp.hpp\n'}
[4.498262] (rover_control_msgs) StdoutLine: {'line': b'-- Up-to-date: /workspaces/IRS_Rover_ROS2_Workspace/rover_ws/install/rover_control_msgs/include/rover_control_msgs/rover_control_msgs/msg/detail/set_operational_mode__rosidl_typesupport_introspection_cpp.hpp\n'}
[4.501003] (rover_control_msgs) StdoutLine: {'line': b'-- Up-to-date: /workspaces/IRS_Rover_ROS2_Workspace/rover_ws/install/rover_control_msgs/include/rover_control_msgs/rover_control_msgs/msg/detail/current_operational_mode__type_support.cpp\n'}
[4.503802] (rover_control_msgs) StdoutLine: {'line': b'-- Up-to-date: /workspaces/IRS_Rover_ROS2_Workspace/rover_ws/install/rover_control_msgs/include/rover_control_msgs/rover_control_msgs/msg/detail/set_operational_mode__type_support.cpp\n'}
[4.506109] (rover_perception_msgs) JobEnded: {'identifier': 'rover_perception_msgs', 'rc': 0}
[4.515643] (rover_perception) JobStarted: {'identifier': 'rover_perception'}
[4.516253] (rover_control_msgs) StdoutLine: {'line': b'-- Up-to-date: /workspaces/IRS_Rover_ROS2_Workspace/rover_ws/install/rover_control_msgs/include/rover_control_msgs/rover_control_msgs/srv\n'}
[4.518108] (rover_control_msgs) StdoutLine: {'line': b'-- Up-to-date: /workspaces/IRS_Rover_ROS2_Workspace/rover_ws/install/rover_control_msgs/include/rover_control_msgs/rover_control_msgs/srv/detail\n'}
[4.520326] (rover_control_msgs) StdoutLine: {'line': b'-- Up-to-date: /workspaces/IRS_Rover_ROS2_Workspace/rover_ws/install/rover_control_msgs/include/rover_control_msgs/rover_control_msgs/srv/detail/set_operational_mode__rosidl_typesupport_introspection_cpp.hpp\n'}
[4.524374] (rover_control_msgs) StdoutLine: {'line': b'-- Up-to-date: /workspaces/IRS_Rover_ROS2_Workspace/rover_ws/install/rover_control_msgs/include/rover_control_msgs/rover_control_msgs/srv/detail/set_operational_mode__type_support.cpp\n'}
[4.529504] (rover_control_msgs) StdoutLine: {'line': b'-- Up-to-date: /workspaces/IRS_Rover_ROS2_Workspace/rover_ws/install/rover_control_msgs/lib/librover_control_msgs__rosidl_typesupport_introspection_cpp.so\n'}
[4.536752] (rover_control_msgs) StdoutLine: {'line': b'-- Up-to-date: /workspaces/IRS_Rover_ROS2_Workspace/rover_ws/install/rover_control_msgs/lib/librover_control_msgs__rosidl_typesupport_cpp.so\n'}
[4.542708] (rover_control_msgs) StdoutLine: {'line': b'-- Up-to-date: /workspaces/IRS_Rover_ROS2_Workspace/rover_ws/install/rover_control_msgs/share/rover_control_msgs/environment/pythonpath.sh\n'}
[4.550138] (rover_control_msgs) StdoutLine: {'line': b'-- Up-to-date: /workspaces/IRS_Rover_ROS2_Workspace/rover_ws/install/rover_control_msgs/share/rover_control_msgs/environment/pythonpath.dsv\n'}
[4.553398] (rover_control_msgs) StdoutLine: {'line': b'-- Up-to-date: /workspaces/IRS_Rover_ROS2_Workspace/rover_ws/install/rover_control_msgs/local/lib/python3.10/dist-packages/rover_control_msgs-0.0.0-py3.10.egg-info\n'}
[4.555976] (rover_control_msgs) StdoutLine: {'line': b'-- Installing: /workspaces/IRS_Rover_ROS2_Workspace/rover_ws/install/rover_control_msgs/local/lib/python3.10/dist-packages/rover_control_msgs-0.0.0-py3.10.egg-info/PKG-INFO\n'}
[4.557689] (rover_control_msgs) StdoutLine: {'line': b'-- Installing: /workspaces/IRS_Rover_ROS2_Workspace/rover_ws/install/rover_control_msgs/local/lib/python3.10/dist-packages/rover_control_msgs-0.0.0-py3.10.egg-info/SOURCES.txt\n'}
[4.559636] (rover_control_msgs) StdoutLine: {'line': b'-- Installing: /workspaces/IRS_Rover_ROS2_Workspace/rover_ws/install/rover_control_msgs/local/lib/python3.10/dist-packages/rover_control_msgs-0.0.0-py3.10.egg-info/top_level.txt\n'}
[4.561138] (rover_control_msgs) StdoutLine: {'line': b'-- Installing: /workspaces/IRS_Rover_ROS2_Workspace/rover_ws/install/rover_control_msgs/local/lib/python3.10/dist-packages/rover_control_msgs-0.0.0-py3.10.egg-info/dependency_links.txt\n'}
[4.570998] (rover_control_msgs) StdoutLine: {'line': b'-- Up-to-date: /workspaces/IRS_Rover_ROS2_Workspace/rover_ws/install/rover_control_msgs/local/lib/python3.10/dist-packages/rover_control_msgs\n'}
[4.574361] (rover_control_msgs) StdoutLine: {'line': b'-- Up-to-date: /workspaces/IRS_Rover_ROS2_Workspace/rover_ws/install/rover_control_msgs/local/lib/python3.10/dist-packages/rover_control_msgs/rover_control_msgs_s__rosidl_typesupport_introspection_c.cpython-310-x86_64-linux-gnu.so\n'}
[4.577310] (rover_control_msgs) StdoutLine: {'line': b'-- Up-to-date: /workspaces/IRS_Rover_ROS2_Workspace/rover_ws/install/rover_control_msgs/local/lib/python3.10/dist-packages/rover_control_msgs/_rover_control_msgs_s.ep.rosidl_typesupport_introspection_c.c\n'}
[4.579749] (rover_control_msgs) StdoutLine: {'line': b'-- Up-to-date: /workspaces/IRS_Rover_ROS2_Workspace/rover_ws/install/rover_control_msgs/local/lib/python3.10/dist-packages/rover_control_msgs/msg\n'}
[4.582120] (rover_control_msgs) StdoutLine: {'line': b'-- Up-to-date: /workspaces/IRS_Rover_ROS2_Workspace/rover_ws/install/rover_control_msgs/local/lib/python3.10/dist-packages/rover_control_msgs/msg/_operational_mode_settings_s.c\n'}
[4.583980] (rover_control_msgs) StdoutLine: {'line': b'-- Up-to-date: /workspaces/IRS_Rover_ROS2_Workspace/rover_ws/install/rover_control_msgs/local/lib/python3.10/dist-packages/rover_control_msgs/msg/_current_operational_mode.py\n'}
[4.587481] (rover_control_msgs) StdoutLine: {'line': b'-- Up-to-date: /workspaces/IRS_Rover_ROS2_Workspace/rover_ws/install/rover_control_msgs/local/lib/python3.10/dist-packages/rover_control_msgs/msg/_set_operational_mode_s.c\n'}
[4.590371] (-) TimerEvent: {}
[4.591050] (rover_control_msgs) StdoutLine: {'line': b'-- Up-to-date: /workspaces/IRS_Rover_ROS2_Workspace/rover_ws/install/rover_control_msgs/local/lib/python3.10/dist-packages/rover_control_msgs/msg/_set_operational_mode.py\n'}
[4.594058] (rover_control_msgs) StdoutLine: {'line': b'-- Up-to-date: /workspaces/IRS_Rover_ROS2_Workspace/rover_ws/install/rover_control_msgs/local/lib/python3.10/dist-packages/rover_control_msgs/msg/__init__.py\n'}
[4.595981] (rover_control_msgs) StdoutLine: {'line': b'-- Up-to-date: /workspaces/IRS_Rover_ROS2_Workspace/rover_ws/install/rover_control_msgs/local/lib/python3.10/dist-packages/rover_control_msgs/msg/_current_operational_mode_s.c\n'}
[4.599978] (rover_control_msgs) StdoutLine: {'line': b'-- Up-to-date: /workspaces/IRS_Rover_ROS2_Workspace/rover_ws/install/rover_control_msgs/local/lib/python3.10/dist-packages/rover_control_msgs/msg/_operational_mode_settings.py\n'}
[4.606099] (rover_control_msgs) StdoutLine: {'line': b'-- Up-to-date: /workspaces/IRS_Rover_ROS2_Workspace/rover_ws/install/rover_control_msgs/local/lib/python3.10/dist-packages/rover_control_msgs/_rover_control_msgs_s.ep.rosidl_typesupport_c.c\n'}
[4.614826] (rover_control_msgs) StdoutLine: {'line': b'-- Up-to-date: /workspaces/IRS_Rover_ROS2_Workspace/rover_ws/install/rover_control_msgs/local/lib/python3.10/dist-packages/rover_control_msgs/_rover_control_msgs_s.ep.rosidl_typesupport_fastrtps_c.c\n'}
[4.618456] (rover_control_msgs) StdoutLine: {'line': b'-- Up-to-date: /workspaces/IRS_Rover_ROS2_Workspace/rover_ws/install/rover_control_msgs/local/lib/python3.10/dist-packages/rover_control_msgs/__init__.py\n'}
[4.623086] (rover_control_msgs) StdoutLine: {'line': b'-- Up-to-date: /workspaces/IRS_Rover_ROS2_Workspace/rover_ws/install/rover_control_msgs/local/lib/python3.10/dist-packages/rover_control_msgs/rover_control_msgs_s__rosidl_typesupport_c.cpython-310-x86_64-linux-gnu.so\n'}
[4.629235] (rover_control_msgs) StdoutLine: {'line': b'-- Up-to-date: /workspaces/IRS_Rover_ROS2_Workspace/rover_ws/install/rover_control_msgs/local/lib/python3.10/dist-packages/rover_control_msgs/rover_control_msgs_s__rosidl_typesupport_fastrtps_c.cpython-310-x86_64-linux-gnu.so\n'}
[4.632844] (rover_control_msgs) StdoutLine: {'line': b'-- Up-to-date: /workspaces/IRS_Rover_ROS2_Workspace/rover_ws/install/rover_control_msgs/local/lib/python3.10/dist-packages/rover_control_msgs/librover_control_msgs__rosidl_generator_py.so\n'}
[4.636701] (rover_control_msgs) StdoutLine: {'line': b'-- Up-to-date: /workspaces/IRS_Rover_ROS2_Workspace/rover_ws/install/rover_control_msgs/local/lib/python3.10/dist-packages/rover_control_msgs/srv\n'}
[4.641163] (rover_control_msgs) StdoutLine: {'line': b'-- Up-to-date: /workspaces/IRS_Rover_ROS2_Workspace/rover_ws/install/rover_control_msgs/local/lib/python3.10/dist-packages/rover_control_msgs/srv/_set_operational_mode_s.c\n'}
[4.645076] (rover_control_msgs) StdoutLine: {'line': b'-- Up-to-date: /workspaces/IRS_Rover_ROS2_Workspace/rover_ws/install/rover_control_msgs/local/lib/python3.10/dist-packages/rover_control_msgs/srv/_set_operational_mode.py\n'}
[4.650346] (rover_control_msgs) StdoutLine: {'line': b'-- Up-to-date: /workspaces/IRS_Rover_ROS2_Workspace/rover_ws/install/rover_control_msgs/local/lib/python3.10/dist-packages/rover_control_msgs/srv/__init__.py\n'}
[4.690599] (-) TimerEvent: {}
[4.771273] (rover_control_msgs) StdoutLine: {'line': b"Listing '/workspaces/IRS_Rover_ROS2_Workspace/rover_ws/install/rover_control_msgs/local/lib/python3.10/dist-packages/rover_control_msgs'...\n"}
[4.773242] (rover_control_msgs) StdoutLine: {'line': b"Listing '/workspaces/IRS_Rover_ROS2_Workspace/rover_ws/install/rover_control_msgs/local/lib/python3.10/dist-packages/rover_control_msgs/msg'...\n"}
[4.775037] (rover_control_msgs) StdoutLine: {'line': b"Listing '/workspaces/IRS_Rover_ROS2_Workspace/rover_ws/install/rover_control_msgs/local/lib/python3.10/dist-packages/rover_control_msgs/srv'...\n"}
[4.789497] (rover_control_msgs) StdoutLine: {'line': b'-- Up-to-date: /workspaces/IRS_Rover_ROS2_Workspace/rover_ws/install/rover_control_msgs/local/lib/python3.10/dist-packages/rover_control_msgs/rover_control_msgs_s__rosidl_typesupport_fastrtps_c.cpython-310-x86_64-linux-gnu.so\n'}
[4.792896] (-) TimerEvent: {}
[4.797760] (rover_control_msgs) StdoutLine: {'line': b'-- Up-to-date: /workspaces/IRS_Rover_ROS2_Workspace/rover_ws/install/rover_control_msgs/local/lib/python3.10/dist-packages/rover_control_msgs/rover_control_msgs_s__rosidl_typesupport_introspection_c.cpython-310-x86_64-linux-gnu.so\n'}
[4.806212] (rover_control_msgs) StdoutLine: {'line': b'-- Up-to-date: /workspaces/IRS_Rover_ROS2_Workspace/rover_ws/install/rover_control_msgs/local/lib/python3.10/dist-packages/rover_control_msgs/rover_control_msgs_s__rosidl_typesupport_c.cpython-310-x86_64-linux-gnu.so\n'}
[4.812330] (rover_control_msgs) StdoutLine: {'line': b'-- Up-to-date: /workspaces/IRS_Rover_ROS2_Workspace/rover_ws/install/rover_control_msgs/lib/librover_control_msgs__rosidl_generator_py.so\n'}
[4.815582] (rover_control_msgs) StdoutLine: {'line': b'-- Up-to-date: /workspaces/IRS_Rover_ROS2_Workspace/rover_ws/install/rover_control_msgs/share/ament_index/resource_index/rust_packages/rover_control_msgs\n'}
[4.817761] (rover_control_msgs) StdoutLine: {'line': b'-- Up-to-date: /workspaces/IRS_Rover_ROS2_Workspace/rover_ws/install/rover_control_msgs/share/rover_control_msgs/rust\n'}
[4.819550] (rover_control_msgs) StdoutLine: {'line': b'-- Up-to-date: /workspaces/IRS_Rover_ROS2_Workspace/rover_ws/install/rover_control_msgs/share/rover_control_msgs/rust/Cargo.toml\n'}
[4.821456] (rover_control_msgs) StdoutLine: {'line': b'-- Up-to-date: /workspaces/IRS_Rover_ROS2_Workspace/rover_ws/install/rover_control_msgs/share/rover_control_msgs/rust/build.rs\n'}
[4.822909] (rover_control_msgs) StdoutLine: {'line': b'-- Up-to-date: /workspaces/IRS_Rover_ROS2_Workspace/rover_ws/install/rover_control_msgs/share/rover_control_msgs/rust/src\n'}
[4.826045] (rover_control_msgs) StdoutLine: {'line': b'-- Up-to-date: /workspaces/IRS_Rover_ROS2_Workspace/rover_ws/install/rover_control_msgs/share/rover_control_msgs/rust/src/msg\n'}
[4.828072] (rover_control_msgs) StdoutLine: {'line': b'-- Up-to-date: /workspaces/IRS_Rover_ROS2_Workspace/rover_ws/install/rover_control_msgs/share/rover_control_msgs/rust/src/msg/rmw.rs\n'}
[4.830095] (rover_control_msgs) StdoutLine: {'line': b'-- Up-to-date: /workspaces/IRS_Rover_ROS2_Workspace/rover_ws/install/rover_control_msgs/share/rover_control_msgs/rust/src/lib.rs\n'}
[4.833683] (rover_control_msgs) StdoutLine: {'line': b'-- Up-to-date: /workspaces/IRS_Rover_ROS2_Workspace/rover_ws/install/rover_control_msgs/share/rover_control_msgs/rust/src/srv.rs\n'}
[4.835708] (rover_control_msgs) StdoutLine: {'line': b'-- Up-to-date: /workspaces/IRS_Rover_ROS2_Workspace/rover_ws/install/rover_control_msgs/share/rover_control_msgs/rust/src/msg.rs\n'}
[4.837397] (rover_control_msgs) StdoutLine: {'line': b'-- Up-to-date: /workspaces/IRS_Rover_ROS2_Workspace/rover_ws/install/rover_control_msgs/share/rover_control_msgs/rust/src/srv\n'}
[4.839372] (rover_control_msgs) StdoutLine: {'line': b'-- Up-to-date: /workspaces/IRS_Rover_ROS2_Workspace/rover_ws/install/rover_control_msgs/share/rover_control_msgs/rust/src/srv/rmw.rs\n'}
[4.841104] (rover_control_msgs) StdoutLine: {'line': b'-- Up-to-date: /workspaces/IRS_Rover_ROS2_Workspace/rover_ws/install/rover_control_msgs/share/rover_control_msgs/srv/SetOperationalMode.idl\n'}
[4.844026] (rover_control_msgs) StdoutLine: {'line': b'-- Up-to-date: /workspaces/IRS_Rover_ROS2_Workspace/rover_ws/install/rover_control_msgs/share/rover_control_msgs/msg/SetOperationalMode.idl\n'}
[4.845880] (rover_control_msgs) StdoutLine: {'line': b'-- Up-to-date: /workspaces/IRS_Rover_ROS2_Workspace/rover_ws/install/rover_control_msgs/share/rover_control_msgs/msg/OperationalModeSettings.idl\n'}
[4.849686] (rover_control_msgs) StdoutLine: {'line': b'-- Up-to-date: /workspaces/IRS_Rover_ROS2_Workspace/rover_ws/install/rover_control_msgs/share/rover_control_msgs/msg/CurrentOperationalMode.idl\n'}
[4.853291] (rover_control_msgs) StdoutLine: {'line': b'-- Up-to-date: /workspaces/IRS_Rover_ROS2_Workspace/rover_ws/install/rover_control_msgs/share/rover_control_msgs/srv/SetOperationalMode.srv\n'}
[4.855462] (rover_control_msgs) StdoutLine: {'line': b'-- Up-to-date: /workspaces/IRS_Rover_ROS2_Workspace/rover_ws/install/rover_control_msgs/share/rover_control_msgs/srv/SetOperationalMode_Request.msg\n'}
[4.858880] (rover_control_msgs) StdoutLine: {'line': b'-- Up-to-date: /workspaces/IRS_Rover_ROS2_Workspace/rover_ws/install/rover_control_msgs/share/rover_control_msgs/srv/SetOperationalMode_Response.msg\n'}
[4.862153] (rover_control_msgs) StdoutLine: {'line': b'-- Up-to-date: /workspaces/IRS_Rover_ROS2_Workspace/rover_ws/install/rover_control_msgs/share/rover_control_msgs/msg/SetOperationalMode.msg\n'}
[4.864009] (rover_control_msgs) StdoutLine: {'line': b'-- Up-to-date: /workspaces/IRS_Rover_ROS2_Workspace/rover_ws/install/rover_control_msgs/share/rover_control_msgs/msg/OperationalModeSettings.msg\n'}
[4.866149] (rover_control_msgs) StdoutLine: {'line': b'-- Up-to-date: /workspaces/IRS_Rover_ROS2_Workspace/rover_ws/install/rover_control_msgs/share/rover_control_msgs/msg/CurrentOperationalMode.msg\n'}
[4.868081] (rover_control_msgs) StdoutLine: {'line': b'-- Up-to-date: /workspaces/IRS_Rover_ROS2_Workspace/rover_ws/install/rover_control_msgs/share/ament_index/resource_index/package_run_dependencies/rover_control_msgs\n'}
[4.871768] (rover_control_msgs) StdoutLine: {'line': b'-- Up-to-date: /workspaces/IRS_Rover_ROS2_Workspace/rover_ws/install/rover_control_msgs/share/ament_index/resource_index/parent_prefix_path/rover_control_msgs\n'}
[4.873515] (rover_control_msgs) StdoutLine: {'line': b'-- Up-to-date: /workspaces/IRS_Rover_ROS2_Workspace/rover_ws/install/rover_control_msgs/share/rover_control_msgs/environment/ament_prefix_path.sh\n'}
[4.876125] (rover_control_msgs) StdoutLine: {'line': b'-- Up-to-date: /workspaces/IRS_Rover_ROS2_Workspace/rover_ws/install/rover_control_msgs/share/rover_control_msgs/environment/ament_prefix_path.dsv\n'}
[4.879052] (rover_control_msgs) StdoutLine: {'line': b'-- Up-to-date: /workspaces/IRS_Rover_ROS2_Workspace/rover_ws/install/rover_control_msgs/share/rover_control_msgs/environment/path.sh\n'}
[4.880801] (rover_control_msgs) StdoutLine: {'line': b'-- Up-to-date: /workspaces/IRS_Rover_ROS2_Workspace/rover_ws/install/rover_control_msgs/share/rover_control_msgs/environment/path.dsv\n'}
[4.882332] (rover_control_msgs) StdoutLine: {'line': b'-- Up-to-date: /workspaces/IRS_Rover_ROS2_Workspace/rover_ws/install/rover_control_msgs/share/rover_control_msgs/local_setup.bash\n'}
[4.883505] (rover_control_msgs) StdoutLine: {'line': b'-- Up-to-date: /workspaces/IRS_Rover_ROS2_Workspace/rover_ws/install/rover_control_msgs/share/rover_control_msgs/local_setup.sh\n'}
[4.884583] (rover_control_msgs) StdoutLine: {'line': b'-- Up-to-date: /workspaces/IRS_Rover_ROS2_Workspace/rover_ws/install/rover_control_msgs/share/rover_control_msgs/local_setup.zsh\n'}
[4.886156] (rover_control_msgs) StdoutLine: {'line': b'-- Up-to-date: /workspaces/IRS_Rover_ROS2_Workspace/rover_ws/install/rover_control_msgs/share/rover_control_msgs/local_setup.dsv\n'}
[4.887459] (rover_control_msgs) StdoutLine: {'line': b'-- Installing: /workspaces/IRS_Rover_ROS2_Workspace/rover_ws/install/rover_control_msgs/share/rover_control_msgs/package.dsv\n'}
[4.889259] (rover_control_msgs) StdoutLine: {'line': b'-- Up-to-date: /workspaces/IRS_Rover_ROS2_Workspace/rover_ws/install/rover_control_msgs/share/ament_index/resource_index/packages/rover_control_msgs\n'}
[4.890489] (rover_control_msgs) StdoutLine: {'line': b'-- Up-to-date: /workspaces/IRS_Rover_ROS2_Workspace/rover_ws/install/rover_control_msgs/share/rover_control_msgs/cmake/export_rover_control_msgs__rosidl_generator_cExport.cmake\n'}
[4.893059] (-) TimerEvent: {}
[4.893612] (rover_control_msgs) StdoutLine: {'line': b'-- Up-to-date: /workspaces/IRS_Rover_ROS2_Workspace/rover_ws/install/rover_control_msgs/share/rover_control_msgs/cmake/export_rover_control_msgs__rosidl_generator_cExport-noconfig.cmake\n'}
[4.896099] (rover_control_msgs) StdoutLine: {'line': b'-- Up-to-date: /workspaces/IRS_Rover_ROS2_Workspace/rover_ws/install/rover_control_msgs/share/rover_control_msgs/cmake/export_rover_control_msgs__rosidl_typesupport_fastrtps_cExport.cmake\n'}
[4.897336] (rover_control_msgs) StdoutLine: {'line': b'-- Up-to-date: /workspaces/IRS_Rover_ROS2_Workspace/rover_ws/install/rover_control_msgs/share/rover_control_msgs/cmake/export_rover_control_msgs__rosidl_typesupport_fastrtps_cExport-noconfig.cmake\n'}
[4.898707] (rover_control_msgs) StdoutLine: {'line': b'-- Up-to-date: /workspaces/IRS_Rover_ROS2_Workspace/rover_ws/install/rover_control_msgs/share/rover_control_msgs/cmake/rover_control_msgs__rosidl_typesupport_introspection_cExport.cmake\n'}
[4.900763] (rover_control_msgs) StdoutLine: {'line': b'-- Up-to-date: /workspaces/IRS_Rover_ROS2_Workspace/rover_ws/install/rover_control_msgs/share/rover_control_msgs/cmake/rover_control_msgs__rosidl_typesupport_introspection_cExport-noconfig.cmake\n'}
[4.902751] (rover_control_msgs) StdoutLine: {'line': b'-- Up-to-date: /workspaces/IRS_Rover_ROS2_Workspace/rover_ws/install/rover_control_msgs/share/rover_control_msgs/cmake/rover_control_msgs__rosidl_typesupport_cExport.cmake\n'}
[4.905240] (rover_control_msgs) StdoutLine: {'line': b'-- Up-to-date: /workspaces/IRS_Rover_ROS2_Workspace/rover_ws/install/rover_control_msgs/share/rover_control_msgs/cmake/rover_control_msgs__rosidl_typesupport_cExport-noconfig.cmake\n'}
[4.907166] (rover_control_msgs) StdoutLine: {'line': b'-- Up-to-date: /workspaces/IRS_Rover_ROS2_Workspace/rover_ws/install/rover_control_msgs/share/rover_control_msgs/cmake/export_rover_control_msgs__rosidl_generator_cppExport.cmake\n'}
[4.910490] (rover_control_msgs) StdoutLine: {'line': b'-- Up-to-date: /workspaces/IRS_Rover_ROS2_Workspace/rover_ws/install/rover_control_msgs/share/rover_control_msgs/cmake/export_rover_control_msgs__rosidl_typesupport_fastrtps_cppExport.cmake\n'}
[4.913155] (rover_control_msgs) StdoutLine: {'line': b'-- Up-to-date: /workspaces/IRS_Rover_ROS2_Workspace/rover_ws/install/rover_control_msgs/share/rover_control_msgs/cmake/export_rover_control_msgs__rosidl_typesupport_fastrtps_cppExport-noconfig.cmake\n'}
[4.915807] (rover_control_msgs) StdoutLine: {'line': b'-- Up-to-date: /workspaces/IRS_Rover_ROS2_Workspace/rover_ws/install/rover_control_msgs/share/rover_control_msgs/cmake/rover_control_msgs__rosidl_typesupport_introspection_cppExport.cmake\n'}
[4.917760] (rover_control_msgs) StdoutLine: {'line': b'-- Up-to-date: /workspaces/IRS_Rover_ROS2_Workspace/rover_ws/install/rover_control_msgs/share/rover_control_msgs/cmake/rover_control_msgs__rosidl_typesupport_introspection_cppExport-noconfig.cmake\n'}
[4.920593] (rover_control_msgs) StdoutLine: {'line': b'-- Up-to-date: /workspaces/IRS_Rover_ROS2_Workspace/rover_ws/install/rover_control_msgs/share/rover_control_msgs/cmake/rover_control_msgs__rosidl_typesupport_cppExport.cmake\n'}
[4.923812] (rover_control_msgs) StdoutLine: {'line': b'-- Up-to-date: /workspaces/IRS_Rover_ROS2_Workspace/rover_ws/install/rover_control_msgs/share/rover_control_msgs/cmake/rover_control_msgs__rosidl_typesupport_cppExport-noconfig.cmake\n'}
[4.928420] (rover_control_msgs) StdoutLine: {'line': b'-- Up-to-date: /workspaces/IRS_Rover_ROS2_Workspace/rover_ws/install/rover_control_msgs/share/rover_control_msgs/cmake/export_rover_control_msgs__rosidl_generator_pyExport.cmake\n'}
[4.930717] (rover_control_msgs) StdoutLine: {'line': b'-- Up-to-date: /workspaces/IRS_Rover_ROS2_Workspace/rover_ws/install/rover_control_msgs/share/rover_control_msgs/cmake/export_rover_control_msgs__rosidl_generator_pyExport-noconfig.cmake\n'}
[4.933174] (rover_control_msgs) StdoutLine: {'line': b'-- Up-to-date: /workspaces/IRS_Rover_ROS2_Workspace/rover_ws/install/rover_control_msgs/share/rover_control_msgs/cmake/rosidl_cmake-extras.cmake\n'}
[4.934692] (rover_control_msgs) StdoutLine: {'line': b'-- Up-to-date: /workspaces/IRS_Rover_ROS2_Workspace/rover_ws/install/rover_control_msgs/share/rover_control_msgs/cmake/ament_cmake_export_include_directories-extras.cmake\n'}
[4.935841] (rover_control_msgs) StdoutLine: {'line': b'-- Up-to-date: /workspaces/IRS_Rover_ROS2_Workspace/rover_ws/install/rover_control_msgs/share/rover_control_msgs/cmake/ament_cmake_export_libraries-extras.cmake\n'}
[4.937422] (rover_control_msgs) StdoutLine: {'line': b'-- Up-to-date: /workspaces/IRS_Rover_ROS2_Workspace/rover_ws/install/rover_control_msgs/share/rover_control_msgs/cmake/ament_cmake_export_targets-extras.cmake\n'}
[4.939382] (rover_control_msgs) StdoutLine: {'line': b'-- Up-to-date: /workspaces/IRS_Rover_ROS2_Workspace/rover_ws/install/rover_control_msgs/share/rover_control_msgs/cmake/rosidl_cmake_export_typesupport_targets-extras.cmake\n'}
[4.941484] (rover_control_msgs) StdoutLine: {'line': b'-- Up-to-date: /workspaces/IRS_Rover_ROS2_Workspace/rover_ws/install/rover_control_msgs/share/rover_control_msgs/cmake/ament_cmake_export_dependencies-extras.cmake\n'}
[4.944226] (rover_control_msgs) StdoutLine: {'line': b'-- Up-to-date: /workspaces/IRS_Rover_ROS2_Workspace/rover_ws/install/rover_control_msgs/share/rover_control_msgs/cmake/rosidl_cmake_export_typesupport_libraries-extras.cmake\n'}
[4.946701] (rover_control_msgs) StdoutLine: {'line': b'-- Up-to-date: /workspaces/IRS_Rover_ROS2_Workspace/rover_ws/install/rover_control_msgs/share/rover_control_msgs/cmake/rover_control_msgsConfig.cmake\n'}
[4.950404] (rover_control_msgs) StdoutLine: {'line': b'-- Up-to-date: /workspaces/IRS_Rover_ROS2_Workspace/rover_ws/install/rover_control_msgs/share/rover_control_msgs/cmake/rover_control_msgsConfig-version.cmake\n'}
[4.954928] (rover_control_msgs) StdoutLine: {'line': b'-- Up-to-date: /workspaces/IRS_Rover_ROS2_Workspace/rover_ws/install/rover_control_msgs/share/rover_control_msgs/package.xml\n'}
[4.993894] (-) TimerEvent: {}
[5.095921] (-) TimerEvent: {}
[5.196960] (-) TimerEvent: {}
[5.298234] (-) TimerEvent: {}
[5.401402] (-) TimerEvent: {}
[5.437951] (rover_control_msgs) CommandEnded: {'returncode': 0}
[5.501885] (-) TimerEvent: {}
[5.602934] (-) TimerEvent: {}
[5.683046] (rover_control_msgs) JobEnded: {'identifier': 'rover_control_msgs', 'rc': 0}
[5.703995] (-) TimerEvent: {}
[5.806919] (-) TimerEvent: {}
[5.907921] (-) TimerEvent: {}
[6.009000] (-) TimerEvent: {}
[6.113100] (-) TimerEvent: {}
[6.213837] (-) TimerEvent: {}
[6.317095] (-) TimerEvent: {}
[6.417944] (-) TimerEvent: {}
[6.496155] (rover_perception) Command: {'cmd': ['/usr/bin/python3', '-W', 'ignore:setup.py install is deprecated', '-W', 'ignore:easy_install command is deprecated', 'setup.py', 'egg_info', '--egg-base', '../../build/rover_perception', 'build', '--build-base', '/workspaces/IRS_Rover_ROS2_Workspace/rover_ws/build/rover_perception/build', 'install', '--record', '/workspaces/IRS_Rover_ROS2_Workspace/rover_ws/build/rover_perception/install.log', '--single-version-externally-managed', 'install_data'], 'cwd': '/workspaces/IRS_Rover_ROS2_Workspace/rover_ws/src/rover_perception', 'env': {'PYTHON_BASIC_REPL': '1', 'HOSTNAME': '06335fee11bd', 'GIT_ASKPASS': '/vscode/vscode-server/bin/linux-x64/4fe60c8b1cdac1c4c174f2fb180d0d758272d713/extensions/git/dist/askpass.sh', 'SHLVL': '2', 'LD_LIBRARY_PATH': '/workspaces/IRS_Rover_ROS2_Workspace/rover_ws/install/rover_perception_msgs/lib:/workspaces/IRS_Rover_ROS2_Workspace/rover_ws/install/rover_control_msgs/lib:/opt/ros/humble/opt/rviz_ogre_vendor/lib:/opt/ros/humble/lib/x86_64-linux-gnu:/opt/ros/humble/lib', 'BROWSER': '/vscode/vscode-server/bin/linux-x64/4fe60c8b1cdac1c4c174f2fb180d0d758272d713/bin/helpers/browser.sh', 'HOME': '/root', 'OLDPWD': '/workspaces/IRS_Rover_ROS2_Workspace', 'TERM_PROGRAM_VERSION': '1.127.0', 'VSCODE_IPC_HOOK_CLI': '/tmp/vscode-ipc-3e6332f7-9fde-4cf4-86c7-54ac10099b1e.sock', 'ROS_PYTHON_VERSION': '3', 'VSCODE_GIT_ASKPASS_MAIN': '/vscode/vscode-server/bin/linux-x64/4fe60c8b1cdac1c4c174f2fb180d0d758272d713/extensions/git/dist/askpass-main.js', 'VSCODE_GIT_ASKPASS_NODE': '/vscode/vscode-server/bin/linux-x64/4fe60c8b1cdac1c4c174f2fb180d0d758272d713/node', 'PYDEVD_DISABLE_FILE_VALIDATION': '1', 'BUNDLED_DEBUGPY_PATH': '/root/.vscode-server/extensions/ms-python.debugpy-2026.6.0-linux-x64/bundled/libs/debugpy', 'VSCODE_PYTHON_AUTOACTIVATE_GUARD': '1', 'COLORTERM': 'truecolor', 'REMOTE_CONTAINERS': 'true', 'COLCON_PREFIX_PATH': '/workspaces/IRS_Rover_ROS2_Workspace/rover_ws/install', 'ROS_DISTRO': 'humble', 'REMOTE_CONTAINERS_IPC': '/tmp/vscode-remote-containers-ipc-8556e27b-e216-450b-b0cc-1f8365397382.sock', '_': '/usr/bin/colcon', 'ROS_VERSION': '2', 'TERM': 'xterm-256color', 'ROS_LOCALHOST_ONLY': '0', 'PATH': '/root/.vscode-server/data/User/globalStorage/github.copilot-chat/debugCommand:/root/.vscode-server/data/User/globalStorage/github.copilot-chat/copilotCli:/vscode/vscode-server/bin/linux-x64/4fe60c8b1cdac1c4c174f2fb180d0d758272d713/bin/remote-cli:/opt/ros/humble/bin:/usr/local/sbin:/usr/local/bin:/usr/sbin:/usr/bin:/sbin:/bin:/root/.vscode-server/extensions/ms-python.debugpy-2026.6.0-linux-x64/bundled/scripts/noConfigScripts', 'REMOTE_CONTAINERS_SOCKETS': '["/tmp/vscode-ssh-auth-8556e27b-e216-450b-b0cc-1f8365397382.sock"]', 'VSCODE_DEBUGPY_ADAPTER_ENDPOINTS': '/root/.vscode-server/extensions/ms-python.debugpy-2026.6.0-linux-x64/.noConfigDebugAdapterEndpoints/endpoint-1e3a0fbd7d538503.txt', 'LANG': 'C.UTF-8', 'PYTHONSTARTUP': '/root/.vscode-server/data/User/workspaceStorage/7242e97d3df64538730a6ed5a855f433/ms-python.python/pythonrc.py', 'LS_COLORS': 'rs=0:di=01;34:ln=01;36:mh=00:pi=40;33:so=01;35:do=01;35:bd=40;33;01:cd=40;33;01:or=40;31;01:mi=00:su=37;41:sg=30;43:ca=30;41:tw=30;42:ow=34;42:st=37;44:ex=01;32:*.tar=01;31:*.tgz=01;31:*.arc=01;31:*.arj=01;31:*.taz=01;31:*.lha=01;31:*.lz4=01;31:*.lzh=01;31:*.lzma=01;31:*.tlz=01;31:*.txz=01;31:*.tzo=01;31:*.t7z=01;31:*.zip=01;31:*.z=01;31:*.dz=01;31:*.gz=01;31:*.lrz=01;31:*.lz=01;31:*.lzo=01;31:*.xz=01;31:*.zst=01;31:*.tzst=01;31:*.bz2=01;31:*.bz=01;31:*.tbz=01;31:*.tbz2=01;31:*.tz=01;31:*.deb=01;31:*.rpm=01;31:*.jar=01;31:*.war=01;31:*.ear=01;31:*.sar=01;31:*.rar=01;31:*.alz=01;31:*.ace=01;31:*.zoo=01;31:*.cpio=01;31:*.7z=01;31:*.rz=01;31:*.cab=01;31:*.wim=01;31:*.swm=01;31:*.dwm=01;31:*.esd=01;31:*.jpg=01;35:*.jpeg=01;35:*.mjpg=01;35:*.mjpeg=01;35:*.gif=01;35:*.bmp=01;35:*.pbm=01;35:*.pgm=01;35:*.ppm=01;35:*.tga=01;35:*.xbm=01;35:*.xpm=01;35:*.tif=01;35:*.tiff=01;35:*.png=01;35:*.svg=01;35:*.svgz=01;35:*.mng=01;35:*.pcx=01;35:*.mov=01;35:*.mpg=01;35:*.mpeg=01;35:*.m2v=01;35:*.mkv=01;35:*.webm=01;35:*.webp=01;35:*.ogm=01;35:*.mp4=01;35:*.m4v=01;35:*.mp4v=01;35:*.vob=01;35:*.qt=01;35:*.nuv=01;35:*.wmv=01;35:*.asf=01;35:*.rm=01;35:*.rmvb=01;35:*.flc=01;35:*.avi=01;35:*.fli=01;35:*.flv=01;35:*.gl=01;35:*.dl=01;35:*.xcf=01;35:*.xwd=01;35:*.yuv=01;35:*.cgm=01;35:*.emf=01;35:*.ogv=01;35:*.ogx=01;35:*.aac=00;36:*.au=00;36:*.flac=00;36:*.m4a=00;36:*.mid=00;36:*.midi=00;36:*.mka=00;36:*.mp3=00;36:*.mpc=00;36:*.ogg=00;36:*.ra=00;36:*.wav=00;36:*.oga=00;36:*.opus=00;36:*.spx=00;36:*.xspf=00;36:', 'VSCODE_GIT_IPC_HANDLE': '/tmp/vscode-git-bb8c1a7c35.sock', 'TERM_PROGRAM': 'vscode', 'SSH_AUTH_SOCK': '/tmp/vscode-ssh-auth-8556e27b-e216-450b-b0cc-1f8365397382.sock', 'AMENT_PREFIX_PATH': '/workspaces/IRS_Rover_ROS2_Workspace/rover_ws/install/rover_lidar:/workspaces/IRS_Rover_ROS2_Workspace/rover_ws/install/rover_perception_msgs:/workspaces/IRS_Rover_ROS2_Workspace/rover_ws/install/rover_stereocam:/workspaces/IRS_Rover_ROS2_Workspace/rover_ws/install/rover_perception:/workspaces/IRS_Rover_ROS2_Workspace/rover_ws/install/rover_control_msgs:/workspaces/IRS_Rover_ROS2_Workspace/rover_ws/install/rover_control:/opt/ros/humble', 'SHELL': '/bin/bash', 'VSCODE_GIT_ASKPASS_EXTRA_ARGS': '', 'PWD': '/workspaces/IRS_Rover_ROS2_Workspace/rover_ws/build/rover_perception', 'LC_ALL': 'C.UTF-8', 'COPILOT_DEBUG_NONCE': 'ebb28b2f47a55d9f123b03f75e673fb9', 'PYTHONPATH': '/workspaces/IRS_Rover_ROS2_Workspace/rover_ws/build/rover_perception/prefix_override:/usr/lib/python3/dist-packages/colcon_core/task/python/colcon_distutils_commands:/workspaces/IRS_Rover_ROS2_Workspace/rover_ws/install/rover_perception/lib/python3.10/site-packages:/workspaces/IRS_Rover_ROS2_Workspace/rover_ws/install/rover_lidar/lib/python3.10/site-packages:/workspaces/IRS_Rover_ROS2_Workspace/rover_ws/install/rover_perception_msgs/local/lib/python3.10/dist-packages:/workspaces/IRS_Rover_ROS2_Workspace/rover_ws/install/rover_stereocam/lib/python3.10/site-packages:/workspaces/IRS_Rover_ROS2_Workspace/rover_ws/install/rover_perception/lib/python3.10/site-packages:/workspaces/IRS_Rover_ROS2_Workspace/rover_ws/install/rover_control_msgs/local/lib/python3.10/dist-packages:/workspaces/IRS_Rover_ROS2_Workspace/rover_ws/install/rover_control/lib/python3.10/site-packages:/opt/ros/humble/lib/python3.10/site-packages:/opt/ros/humble/local/lib/python3.10/dist-packages', 'COLCON': '1', 'CMAKE_PREFIX_PATH': '/workspaces/IRS_Rover_ROS2_Workspace/rover_ws/install/rover_perception_msgs:/workspaces/IRS_Rover_ROS2_Workspace/rover_ws/install/rover_control_msgs'}, 'shell': False}
[6.519068] (-) TimerEvent: {}
[6.619927] (-) TimerEvent: {}
[6.722026] (-) TimerEvent: {}
[6.824396] (-) TimerEvent: {}
[6.926034] (-) TimerEvent: {}
[7.026872] (-) TimerEvent: {}
[7.127873] (-) TimerEvent: {}
[7.167428] (rover_perception) StdoutLine: {'line': b'running egg_info\n'}
[7.168801] (rover_perception) StdoutLine: {'line': b'writing ../../build/rover_perception/rover_perception.egg-info/PKG-INFO\n'}
[7.172671] (rover_perception) StdoutLine: {'line': b'writing dependency_links to ../../build/rover_perception/rover_perception.egg-info/dependency_links.txt\n'}
[7.177440] (rover_perception) StdoutLine: {'line': b'writing entry points to ../../build/rover_perception/rover_perception.egg-info/entry_points.txt\n'}
[7.179074] (rover_perception) StdoutLine: {'line': b'writing requirements to ../../build/rover_perception/rover_perception.egg-info/requires.txt\n'}
[7.180992] (rover_perception) StdoutLine: {'line': b'writing top-level names to ../../build/rover_perception/rover_perception.egg-info/top_level.txt\n'}
[7.192674] (rover_perception) StdoutLine: {'line': b"reading manifest file '../../build/rover_perception/rover_perception.egg-info/SOURCES.txt'\n"}
[7.198815] (rover_perception) StdoutLine: {'line': b"writing manifest file '../../build/rover_perception/rover_perception.egg-info/SOURCES.txt'\n"}
[7.200831] (rover_perception) StdoutLine: {'line': b'running build\n'}
[7.204360] (rover_perception) StdoutLine: {'line': b'running build_py\n'}
[7.208085] (rover_perception) StdoutLine: {'line': b'running install\n'}
[7.211998] (rover_perception) StdoutLine: {'line': b'running install_lib\n'}
[7.214005] (rover_perception) StdoutLine: {'line': b'running install_data\n'}
[7.214967] (rover_perception) StdoutLine: {'line': b'running install_egg_info\n'}
[7.216884] (rover_perception) StdoutLine: {'line': b"removing '/workspaces/IRS_Rover_ROS2_Workspace/rover_ws/install/rover_perception/lib/python3.10/site-packages/rover_perception-0.0.0-py3.10.egg-info' (and everything under it)\n"}
[7.222989] (rover_perception) StdoutLine: {'line': b'Copying ../../build/rover_perception/rover_perception.egg-info to /workspaces/IRS_Rover_ROS2_Workspace/rover_ws/install/rover_perception/lib/python3.10/site-packages/rover_perception-0.0.0-py3.10.egg-info\n'}
[7.228921] (-) TimerEvent: {}
[7.271401] (rover_perception) StdoutLine: {'line': b'running install_scripts\n'}
[7.319937] (rover_perception) StdoutLine: {'line': b'Installing fake_mast_hw_node script to /workspaces/IRS_Rover_ROS2_Workspace/rover_ws/install/rover_perception/lib/rover_perception\n'}
[7.324530] (rover_perception) StdoutLine: {'line': b'Installing fake_mono_camera_node script to /workspaces/IRS_Rover_ROS2_Workspace/rover_ws/install/rover_perception/lib/rover_perception\n'}
[7.327395] (rover_perception) StdoutLine: {'line': b'Installing fake_stereo_camera_node script to /workspaces/IRS_Rover_ROS2_Workspace/rover_ws/install/rover_perception/lib/rover_perception\n'}
[7.331104] (-) TimerEvent: {}
[7.333071] (rover_perception) StdoutLine: {'line': b'Installing frame_transform_node script to /workspaces/IRS_Rover_ROS2_Workspace/rover_ws/install/rover_perception/lib/rover_perception\n'}
[7.338254] (rover_perception) StdoutLine: {'line': b'Installing global_pointcloud_fusion_node script to /workspaces/IRS_Rover_ROS2_Workspace/rover_ws/install/rover_perception/lib/rover_perception\n'}
[7.342076] (rover_perception) StdoutLine: {'line': b'Installing led_detector_node script to /workspaces/IRS_Rover_ROS2_Workspace/rover_ws/install/rover_perception/lib/rover_perception\n'}
[7.346627] (rover_perception) StdoutLine: {'line': b'Installing mast_pose_node script to /workspaces/IRS_Rover_ROS2_Workspace/rover_ws/install/rover_perception/lib/rover_perception\n'}
[7.350883] (rover_perception) StdoutLine: {'line': b'Installing obstacle_grid_node script to /workspaces/IRS_Rover_ROS2_Workspace/rover_ws/install/rover_perception/lib/rover_perception\n'}
[7.354407] (rover_perception) StdoutLine: {'line': b'Installing pointcloud_preprocessing_node script to /workspaces/IRS_Rover_ROS2_Workspace/rover_ws/install/rover_perception/lib/rover_perception\n'}
[7.358274] (rover_perception) StdoutLine: {'line': b'Installing position_rover_node script to /workspaces/IRS_Rover_ROS2_Workspace/rover_ws/install/rover_perception/lib/rover_perception\n'}
[7.361803] (rover_perception) StdoutLine: {'line': b'Installing stereo_pointcloud_node script to /workspaces/IRS_Rover_ROS2_Workspace/rover_ws/install/rover_perception/lib/rover_perception\n'}
[7.367905] (rover_perception) StdoutLine: {'line': b'Installing terrain_visualization_node script to /workspaces/IRS_Rover_ROS2_Workspace/rover_ws/install/rover_perception/lib/rover_perception\n'}
[7.374676] (rover_perception) StdoutLine: {'line': b"writing list of installed files to '/workspaces/IRS_Rover_ROS2_Workspace/rover_ws/build/rover_perception/install.log'\n"}
[7.425972] (rover_perception) CommandEnded: {'returncode': 0}
[7.431914] (-) TimerEvent: {}
[7.524051] (rover_perception) JobEnded: {'identifier': 'rover_perception', 'rc': 0}
[7.530138] (-) EventReactorShutdown: {}
