[0.000000] (-) TimerEvent: {}
[0.001486] (rover_control) JobQueued: {'identifier': 'rover_control', 'dependencies': OrderedDict()}
[0.002361] (rover_control_msgs) JobQueued: {'identifier': 'rover_control_msgs', 'dependencies': OrderedDict()}
[0.003502] (rover_lidar) JobQueued: {'identifier': 'rover_lidar', 'dependencies': OrderedDict()}
[0.004788] (rover_perception_msgs) JobQueued: {'identifier': 'rover_perception_msgs', 'dependencies': OrderedDict()}
[0.006175] (rover_perception) JobQueued: {'identifier': 'rover_perception', 'dependencies': OrderedDict([('rover_lidar', '/workspaces/IRS_Rover_ROS2_Workspace/rover_ws/install/rover_lidar'), ('rover_perception_msgs', '/workspaces/IRS_Rover_ROS2_Workspace/rover_ws/install/rover_perception_msgs')])}
[0.007905] (rover_lidar) JobStarted: {'identifier': 'rover_lidar'}
[0.087562] (rover_perception_msgs) JobStarted: {'identifier': 'rover_perception_msgs'}
[0.096290] (-) TimerEvent: {}
[0.139729] (rover_control) JobStarted: {'identifier': 'rover_control'}
[0.197645] (-) TimerEvent: {}
[0.203505] (rover_control_msgs) JobStarted: {'identifier': 'rover_control_msgs'}
[0.298342] (-) TimerEvent: {}
[0.399304] (-) TimerEvent: {}
[0.500322] (-) TimerEvent: {}
[0.603463] (-) TimerEvent: {}
[0.705556] (-) TimerEvent: {}
[0.807526] (-) TimerEvent: {}
[0.909343] (-) TimerEvent: {}
[1.011292] (-) TimerEvent: {}
[1.113884] (-) TimerEvent: {}
[1.142619] (rover_perception_msgs) JobProgress: {'identifier': 'rover_perception_msgs', 'progress': 'cmake'}
[1.148613] (rover_perception_msgs) JobProgress: {'identifier': 'rover_perception_msgs', 'progress': 'build'}
[1.152473] (rover_perception_msgs) Command: {'cmd': ['/usr/bin/cmake', '--build', '/workspaces/IRS_Rover_ROS2_Workspace/rover_ws/build/rover_perception_msgs', '--', '-j12', '-l12'], 'cwd': '/workspaces/IRS_Rover_ROS2_Workspace/rover_ws/build/rover_perception_msgs', 'env': OrderedDict([('PYTHON_BASIC_REPL', '1'), ('HOSTNAME', '06335fee11bd'), ('GIT_ASKPASS', '/vscode/vscode-server/bin/linux-x64/8a7abeba6e03ea3af87bfbce9a1b7e48fed567b8/extensions/git/dist/askpass.sh'), ('SHLVL', '2'), ('LD_LIBRARY_PATH', '/workspaces/IRS_Rover_ROS2_Workspace/install/rover_perception_msgs/lib:/workspaces/IRS_Rover_ROS2_Workspace/install/rover_control_msgs/lib:/opt/ros/humble/opt/rviz_ogre_vendor/lib:/opt/ros/humble/lib/x86_64-linux-gnu:/opt/ros/humble/lib'), ('BROWSER', '/vscode/vscode-server/bin/linux-x64/8a7abeba6e03ea3af87bfbce9a1b7e48fed567b8/bin/helpers/browser.sh'), ('HOME', '/root'), ('OLDPWD', '/workspaces/IRS_Rover_ROS2_Workspace/rover_ws/src'), ('TERM_PROGRAM_VERSION', '1.129.1'), ('VSCODE_IPC_HOOK_CLI', '/tmp/vscode-ipc-daf8f1b7-4987-4bf5-821a-71531a0ddf8f.sock'), ('ROS_PYTHON_VERSION', '3'), ('VSCODE_GIT_ASKPASS_MAIN', '/vscode/vscode-server/bin/linux-x64/8a7abeba6e03ea3af87bfbce9a1b7e48fed567b8/extensions/git/dist/askpass-main.js'), ('VSCODE_GIT_ASKPASS_NODE', '/vscode/vscode-server/bin/linux-x64/8a7abeba6e03ea3af87bfbce9a1b7e48fed567b8/node'), ('PYDEVD_DISABLE_FILE_VALIDATION', '1'), ('BUNDLED_DEBUGPY_PATH', '/root/.vscode-server/extensions/ms-python.debugpy-2026.6.0-linux-x64/bundled/libs/debugpy'), ('VSCODE_PYTHON_AUTOACTIVATE_GUARD', '1'), ('COLORTERM', 'truecolor'), ('REMOTE_CONTAINERS', 'true'), ('COLCON_PREFIX_PATH', '/workspaces/IRS_Rover_ROS2_Workspace/install'), ('ROS_DISTRO', 'humble'), ('REMOTE_CONTAINERS_IPC', '/tmp/vscode-remote-containers-ipc-7dbc6586-1c9e-40b8-aea9-2e78412744cd.sock'), ('_', '/usr/bin/colcon'), ('ROS_VERSION', '2'), ('TERM', 'xterm-256color'), ('ROS_LOCALHOST_ONLY', '0'), ('PATH', '/root/.vscode-server/data/User/globalStorage/github.copilot-chat/debugCommand:/root/.vscode-server/data/User/globalStorage/github.copilot-chat/copilotCli:/vscode/vscode-server/bin/linux-x64/8a7abeba6e03ea3af87bfbce9a1b7e48fed567b8/bin/remote-cli:/opt/ros/humble/bin:/usr/local/sbin:/usr/local/bin:/usr/sbin:/usr/bin:/sbin:/bin:/root/.vscode-server/extensions/ms-python.debugpy-2026.6.0-linux-x64/bundled/scripts/noConfigScripts'), ('REMOTE_CONTAINERS_SOCKETS', '["/tmp/vscode-ssh-auth-7dbc6586-1c9e-40b8-aea9-2e78412744cd.sock"]'), ('VSCODE_DEBUGPY_ADAPTER_ENDPOINTS', '/root/.vscode-server/extensions/ms-python.debugpy-2026.6.0-linux-x64/.noConfigDebugAdapterEndpoints/endpoint-976d438db84070d5.txt'), ('LANG', 'C.UTF-8'), ('PYTHONSTARTUP', '/root/.vscode-server/data/User/workspaceStorage/5e37fdcefc6880e31fa1ec46b67abd32/ms-python.python/pythonrc.py'), ('LS_COLORS', 'rs=0:di=01;34:ln=01;36:mh=00:pi=40;33:so=01;35:do=01;35:bd=40;33;01:cd=40;33;01:or=40;31;01:mi=00:su=37;41:sg=30;43:ca=30;41:tw=30;42:ow=34;42:st=37;44:ex=01;32:*.tar=01;31:*.tgz=01;31:*.arc=01;31:*.arj=01;31:*.taz=01;31:*.lha=01;31:*.lz4=01;31:*.lzh=01;31:*.lzma=01;31:*.tlz=01;31:*.txz=01;31:*.tzo=01;31:*.t7z=01;31:*.zip=01;31:*.z=01;31:*.dz=01;31:*.gz=01;31:*.lrz=01;31:*.lz=01;31:*.lzo=01;31:*.xz=01;31:*.zst=01;31:*.tzst=01;31:*.bz2=01;31:*.bz=01;31:*.tbz=01;31:*.tbz2=01;31:*.tz=01;31:*.deb=01;31:*.rpm=01;31:*.jar=01;31:*.war=01;31:*.ear=01;31:*.sar=01;31:*.rar=01;31:*.alz=01;31:*.ace=01;31:*.zoo=01;31:*.cpio=01;31:*.7z=01;31:*.rz=01;31:*.cab=01;31:*.wim=01;31:*.swm=01;31:*.dwm=01;31:*.esd=01;31:*.jpg=01;35:*.jpeg=01;35:*.mjpg=01;35:*.mjpeg=01;35:*.gif=01;35:*.bmp=01;35:*.pbm=01;35:*.pgm=01;35:*.ppm=01;35:*.tga=01;35:*.xbm=01;35:*.xpm=01;35:*.tif=01;35:*.tiff=01;35:*.png=01;35:*.svg=01;35:*.svgz=01;35:*.mng=01;35:*.pcx=01;35:*.mov=01;35:*.mpg=01;35:*.mpeg=01;35:*.m2v=01;35:*.mkv=01;35:*.webm=01;35:*.webp=01;35:*.ogm=01;35:*.mp4=01;35:*.m4v=01;35:*.mp4v=01;35:*.vob=01;35:*.qt=01;35:*.nuv=01;35:*.wmv=01;35:*.asf=01;35:*.rm=01;35:*.rmvb=01;35:*.flc=01;35:*.avi=01;35:*.fli=01;35:*.flv=01;35:*.gl=01;35:*.dl=01;35:*.xcf=01;35:*.xwd=01;35:*.yuv=01;35:*.cgm=01;35:*.emf=01;35:*.ogv=01;35:*.ogx=01;35:*.aac=00;36:*.au=00;36:*.flac=00;36:*.m4a=00;36:*.mid=00;36:*.midi=00;36:*.mka=00;36:*.mp3=00;36:*.mpc=00;36:*.ogg=00;36:*.ra=00;36:*.wav=00;36:*.oga=00;36:*.opus=00;36:*.spx=00;36:*.xspf=00;36:'), ('VSCODE_GIT_IPC_HANDLE', '/tmp/vscode-git-1d369721e2.sock'), ('TERM_PROGRAM', 'vscode'), ('SSH_AUTH_SOCK', '/tmp/vscode-ssh-auth-7dbc6586-1c9e-40b8-aea9-2e78412744cd.sock'), ('AMENT_PREFIX_PATH', '/workspaces/IRS_Rover_ROS2_Workspace/install/rover_perception:/workspaces/IRS_Rover_ROS2_Workspace/install/rover_perception_msgs:/workspaces/IRS_Rover_ROS2_Workspace/install/rover_lidar:/workspaces/IRS_Rover_ROS2_Workspace/install/rover_control_msgs:/workspaces/IRS_Rover_ROS2_Workspace/install/rover_control:/opt/ros/humble'), ('SHELL', '/bin/bash'), ('VSCODE_GIT_ASKPASS_EXTRA_ARGS', ''), ('PWD', '/workspaces/IRS_Rover_ROS2_Workspace/rover_ws/build/rover_perception_msgs'), ('LC_ALL', 'C.UTF-8'), ('COPILOT_DEBUG_NONCE', '1cdb0b5f05ffc1490ce1ece06c83ace2'), ('PYTHONPATH', '/workspaces/IRS_Rover_ROS2_Workspace/install/rover_perception/lib/python3.10/site-packages:/workspaces/IRS_Rover_ROS2_Workspace/install/rover_perception_msgs/local/lib/python3.10/dist-packages:/workspaces/IRS_Rover_ROS2_Workspace/install/rover_lidar/lib/python3.10/site-packages:/workspaces/IRS_Rover_ROS2_Workspace/install/rover_control_msgs/local/lib/python3.10/dist-packages:/workspaces/IRS_Rover_ROS2_Workspace/install/rover_control/lib/python3.10/site-packages:/opt/ros/humble/lib/python3.10/site-packages:/opt/ros/humble/local/lib/python3.10/dist-packages'), ('COLCON', '1'), ('CMAKE_PREFIX_PATH', '/workspaces/IRS_Rover_ROS2_Workspace/install/rover_perception_msgs:/workspaces/IRS_Rover_ROS2_Workspace/install/rover_control_msgs:/workspaces/IRS_Rover_ROS2_Workspace/install/rover_perception:/workspaces/IRS_Rover_ROS2_Workspace/install/rover_lidar:/workspaces/IRS_Rover_ROS2_Workspace/install/rover_control:/opt/ros/humble')]), 'shell': False}
[1.214251] (-) TimerEvent: {}
[1.316313] (-) TimerEvent: {}
[1.428192] (-) TimerEvent: {}
[1.529246] (-) TimerEvent: {}
[1.630751] (-) TimerEvent: {}
[1.732475] (-) TimerEvent: {}
[1.835354] (-) TimerEvent: {}
[1.937890] (-) TimerEvent: {}
[2.040212] (-) TimerEvent: {}
[2.124492] (rover_perception_msgs) StdoutLine: {'line': b'[  2%] Built target rover_perception_msgs__rs\n'}
[2.132592] (rover_perception_msgs) StdoutLine: {'line': b'[ 12%] Built target rover_perception_msgs__rosidl_generator_c\n'}
[2.136254] (rover_perception_msgs) StdoutLine: {'line': b'[ 14%] Built target rover_perception_msgs__cpp\n'}
[2.138230] (rover_control_msgs) JobProgress: {'identifier': 'rover_control_msgs', 'progress': 'cmake'}
[2.143349] (rover_control_msgs) JobProgress: {'identifier': 'rover_control_msgs', 'progress': 'build'}
[2.144256] (-) TimerEvent: {}
[2.149775] (rover_control_msgs) Command: {'cmd': ['/usr/bin/cmake', '--build', '/workspaces/IRS_Rover_ROS2_Workspace/rover_ws/build/rover_control_msgs', '--', '-j12', '-l12'], 'cwd': '/workspaces/IRS_Rover_ROS2_Workspace/rover_ws/build/rover_control_msgs', 'env': OrderedDict([('PYTHON_BASIC_REPL', '1'), ('HOSTNAME', '06335fee11bd'), ('GIT_ASKPASS', '/vscode/vscode-server/bin/linux-x64/8a7abeba6e03ea3af87bfbce9a1b7e48fed567b8/extensions/git/dist/askpass.sh'), ('SHLVL', '2'), ('LD_LIBRARY_PATH', '/workspaces/IRS_Rover_ROS2_Workspace/install/rover_perception_msgs/lib:/workspaces/IRS_Rover_ROS2_Workspace/install/rover_control_msgs/lib:/opt/ros/humble/opt/rviz_ogre_vendor/lib:/opt/ros/humble/lib/x86_64-linux-gnu:/opt/ros/humble/lib'), ('BROWSER', '/vscode/vscode-server/bin/linux-x64/8a7abeba6e03ea3af87bfbce9a1b7e48fed567b8/bin/helpers/browser.sh'), ('HOME', '/root'), ('OLDPWD', '/workspaces/IRS_Rover_ROS2_Workspace/rover_ws/src'), ('TERM_PROGRAM_VERSION', '1.129.1'), ('VSCODE_IPC_HOOK_CLI', '/tmp/vscode-ipc-daf8f1b7-4987-4bf5-821a-71531a0ddf8f.sock'), ('ROS_PYTHON_VERSION', '3'), ('VSCODE_GIT_ASKPASS_MAIN', '/vscode/vscode-server/bin/linux-x64/8a7abeba6e03ea3af87bfbce9a1b7e48fed567b8/extensions/git/dist/askpass-main.js'), ('VSCODE_GIT_ASKPASS_NODE', '/vscode/vscode-server/bin/linux-x64/8a7abeba6e03ea3af87bfbce9a1b7e48fed567b8/node'), ('PYDEVD_DISABLE_FILE_VALIDATION', '1'), ('BUNDLED_DEBUGPY_PATH', '/root/.vscode-server/extensions/ms-python.debugpy-2026.6.0-linux-x64/bundled/libs/debugpy'), ('VSCODE_PYTHON_AUTOACTIVATE_GUARD', '1'), ('COLORTERM', 'truecolor'), ('REMOTE_CONTAINERS', 'true'), ('COLCON_PREFIX_PATH', '/workspaces/IRS_Rover_ROS2_Workspace/install'), ('ROS_DISTRO', 'humble'), ('REMOTE_CONTAINERS_IPC', '/tmp/vscode-remote-containers-ipc-7dbc6586-1c9e-40b8-aea9-2e78412744cd.sock'), ('_', '/usr/bin/colcon'), ('ROS_VERSION', '2'), ('TERM', 'xterm-256color'), ('ROS_LOCALHOST_ONLY', '0'), ('PATH', '/root/.vscode-server/data/User/globalStorage/github.copilot-chat/debugCommand:/root/.vscode-server/data/User/globalStorage/github.copilot-chat/copilotCli:/vscode/vscode-server/bin/linux-x64/8a7abeba6e03ea3af87bfbce9a1b7e48fed567b8/bin/remote-cli:/opt/ros/humble/bin:/usr/local/sbin:/usr/local/bin:/usr/sbin:/usr/bin:/sbin:/bin:/root/.vscode-server/extensions/ms-python.debugpy-2026.6.0-linux-x64/bundled/scripts/noConfigScripts'), ('REMOTE_CONTAINERS_SOCKETS', '["/tmp/vscode-ssh-auth-7dbc6586-1c9e-40b8-aea9-2e78412744cd.sock"]'), ('VSCODE_DEBUGPY_ADAPTER_ENDPOINTS', '/root/.vscode-server/extensions/ms-python.debugpy-2026.6.0-linux-x64/.noConfigDebugAdapterEndpoints/endpoint-976d438db84070d5.txt'), ('LANG', 'C.UTF-8'), ('PYTHONSTARTUP', '/root/.vscode-server/data/User/workspaceStorage/5e37fdcefc6880e31fa1ec46b67abd32/ms-python.python/pythonrc.py'), ('LS_COLORS', 'rs=0:di=01;34:ln=01;36:mh=00:pi=40;33:so=01;35:do=01;35:bd=40;33;01:cd=40;33;01:or=40;31;01:mi=00:su=37;41:sg=30;43:ca=30;41:tw=30;42:ow=34;42:st=37;44:ex=01;32:*.tar=01;31:*.tgz=01;31:*.arc=01;31:*.arj=01;31:*.taz=01;31:*.lha=01;31:*.lz4=01;31:*.lzh=01;31:*.lzma=01;31:*.tlz=01;31:*.txz=01;31:*.tzo=01;31:*.t7z=01;31:*.zip=01;31:*.z=01;31:*.dz=01;31:*.gz=01;31:*.lrz=01;31:*.lz=01;31:*.lzo=01;31:*.xz=01;31:*.zst=01;31:*.tzst=01;31:*.bz2=01;31:*.bz=01;31:*.tbz=01;31:*.tbz2=01;31:*.tz=01;31:*.deb=01;31:*.rpm=01;31:*.jar=01;31:*.war=01;31:*.ear=01;31:*.sar=01;31:*.rar=01;31:*.alz=01;31:*.ace=01;31:*.zoo=01;31:*.cpio=01;31:*.7z=01;31:*.rz=01;31:*.cab=01;31:*.wim=01;31:*.swm=01;31:*.dwm=01;31:*.esd=01;31:*.jpg=01;35:*.jpeg=01;35:*.mjpg=01;35:*.mjpeg=01;35:*.gif=01;35:*.bmp=01;35:*.pbm=01;35:*.pgm=01;35:*.ppm=01;35:*.tga=01;35:*.xbm=01;35:*.xpm=01;35:*.tif=01;35:*.tiff=01;35:*.png=01;35:*.svg=01;35:*.svgz=01;35:*.mng=01;35:*.pcx=01;35:*.mov=01;35:*.mpg=01;35:*.mpeg=01;35:*.m2v=01;35:*.mkv=01;35:*.webm=01;35:*.webp=01;35:*.ogm=01;35:*.mp4=01;35:*.m4v=01;35:*.mp4v=01;35:*.vob=01;35:*.qt=01;35:*.nuv=01;35:*.wmv=01;35:*.asf=01;35:*.rm=01;35:*.rmvb=01;35:*.flc=01;35:*.avi=01;35:*.fli=01;35:*.flv=01;35:*.gl=01;35:*.dl=01;35:*.xcf=01;35:*.xwd=01;35:*.yuv=01;35:*.cgm=01;35:*.emf=01;35:*.ogv=01;35:*.ogx=01;35:*.aac=00;36:*.au=00;36:*.flac=00;36:*.m4a=00;36:*.mid=00;36:*.midi=00;36:*.mka=00;36:*.mp3=00;36:*.mpc=00;36:*.ogg=00;36:*.ra=00;36:*.wav=00;36:*.oga=00;36:*.opus=00;36:*.spx=00;36:*.xspf=00;36:'), ('VSCODE_GIT_IPC_HANDLE', '/tmp/vscode-git-1d369721e2.sock'), ('TERM_PROGRAM', 'vscode'), ('SSH_AUTH_SOCK', '/tmp/vscode-ssh-auth-7dbc6586-1c9e-40b8-aea9-2e78412744cd.sock'), ('AMENT_PREFIX_PATH', '/workspaces/IRS_Rover_ROS2_Workspace/install/rover_perception:/workspaces/IRS_Rover_ROS2_Workspace/install/rover_perception_msgs:/workspaces/IRS_Rover_ROS2_Workspace/install/rover_lidar:/workspaces/IRS_Rover_ROS2_Workspace/install/rover_control_msgs:/workspaces/IRS_Rover_ROS2_Workspace/install/rover_control:/opt/ros/humble'), ('SHELL', '/bin/bash'), ('VSCODE_GIT_ASKPASS_EXTRA_ARGS', ''), ('PWD', '/workspaces/IRS_Rover_ROS2_Workspace/rover_ws/build/rover_control_msgs'), ('LC_ALL', 'C.UTF-8'), ('COPILOT_DEBUG_NONCE', '1cdb0b5f05ffc1490ce1ece06c83ace2'), ('PYTHONPATH', '/workspaces/IRS_Rover_ROS2_Workspace/install/rover_perception/lib/python3.10/site-packages:/workspaces/IRS_Rover_ROS2_Workspace/install/rover_perception_msgs/local/lib/python3.10/dist-packages:/workspaces/IRS_Rover_ROS2_Workspace/install/rover_lidar/lib/python3.10/site-packages:/workspaces/IRS_Rover_ROS2_Workspace/install/rover_control_msgs/local/lib/python3.10/dist-packages:/workspaces/IRS_Rover_ROS2_Workspace/install/rover_control/lib/python3.10/site-packages:/opt/ros/humble/lib/python3.10/site-packages:/opt/ros/humble/local/lib/python3.10/dist-packages'), ('COLCON', '1'), ('CMAKE_PREFIX_PATH', '/workspaces/IRS_Rover_ROS2_Workspace/install/rover_perception_msgs:/workspaces/IRS_Rover_ROS2_Workspace/install/rover_control_msgs:/workspaces/IRS_Rover_ROS2_Workspace/install/rover_perception:/workspaces/IRS_Rover_ROS2_Workspace/install/rover_lidar:/workspaces/IRS_Rover_ROS2_Workspace/install/rover_control:/opt/ros/humble')]), 'shell': False}
[2.245259] (-) TimerEvent: {}
[2.346326] (-) TimerEvent: {}
[2.360294] (rover_perception_msgs) StdoutLine: {'line': b'[ 14%] Built target ament_cmake_python_copy_rover_perception_msgs\n'}
[2.447300] (-) TimerEvent: {}
[2.557352] (-) TimerEvent: {}
[2.632606] (rover_perception_msgs) StdoutLine: {'line': b'[ 25%] Built target rover_perception_msgs__rosidl_typesupport_introspection_cpp\n'}
[2.654054] (rover_perception_msgs) StdoutLine: {'line': b'[ 35%] Built target rover_perception_msgs__rosidl_typesupport_fastrtps_c\n'}
[2.658272] (-) TimerEvent: {}
[2.692609] (rover_perception_msgs) StdoutLine: {'line': b'[ 45%] Built target rover_perception_msgs__rosidl_typesupport_c\n'}
[2.721755] (rover_perception_msgs) StdoutLine: {'line': b'[ 66%] Built target rover_perception_msgs__rosidl_typesupport_cpp\n'}
[2.725096] (rover_perception_msgs) StdoutLine: {'line': b'[ 66%] Built target rover_perception_msgs__rosidl_typesupport_introspection_c\n'}
[2.752504] (rover_perception_msgs) StdoutLine: {'line': b'[ 77%] Built target rover_perception_msgs__rosidl_typesupport_fastrtps_cpp\n'}
[2.759269] (-) TimerEvent: {}
[2.862305] (-) TimerEvent: {}
[2.966417] (-) TimerEvent: {}
[3.070729] (-) TimerEvent: {}
[3.174242] (-) TimerEvent: {}
[3.211039] (rover_perception_msgs) StdoutLine: {'line': b'[ 77%] Built target rover_perception_msgs\n'}
[3.242458] (rover_control_msgs) StdoutLine: {'line': b'[  1%] Built target rover_control_msgs__cpp\n'}
[3.252647] (rover_control_msgs) StdoutLine: {'line': b'[  3%] Built target rover_control_msgs__rs\n'}
[3.276735] (-) TimerEvent: {}
[3.287693] (rover_lidar) Command: {'cmd': ['/usr/bin/python3', '-W', 'ignore:setup.py install is deprecated', '-W', 'ignore:easy_install command is deprecated', 'setup.py', 'egg_info', '--egg-base', '../../build/rover_lidar', 'build', '--build-base', '/workspaces/IRS_Rover_ROS2_Workspace/rover_ws/build/rover_lidar/build', 'install', '--record', '/workspaces/IRS_Rover_ROS2_Workspace/rover_ws/build/rover_lidar/install.log', '--single-version-externally-managed', 'install_data'], 'cwd': '/workspaces/IRS_Rover_ROS2_Workspace/rover_ws/src/rover_lidar', 'env': {'PYTHON_BASIC_REPL': '1', 'HOSTNAME': '06335fee11bd', 'GIT_ASKPASS': '/vscode/vscode-server/bin/linux-x64/8a7abeba6e03ea3af87bfbce9a1b7e48fed567b8/extensions/git/dist/askpass.sh', 'SHLVL': '2', 'LD_LIBRARY_PATH': '/workspaces/IRS_Rover_ROS2_Workspace/install/rover_perception_msgs/lib:/workspaces/IRS_Rover_ROS2_Workspace/install/rover_control_msgs/lib:/opt/ros/humble/opt/rviz_ogre_vendor/lib:/opt/ros/humble/lib/x86_64-linux-gnu:/opt/ros/humble/lib', 'BROWSER': '/vscode/vscode-server/bin/linux-x64/8a7abeba6e03ea3af87bfbce9a1b7e48fed567b8/bin/helpers/browser.sh', 'HOME': '/root', 'OLDPWD': '/workspaces/IRS_Rover_ROS2_Workspace/rover_ws/src', 'TERM_PROGRAM_VERSION': '1.129.1', 'VSCODE_IPC_HOOK_CLI': '/tmp/vscode-ipc-daf8f1b7-4987-4bf5-821a-71531a0ddf8f.sock', 'ROS_PYTHON_VERSION': '3', 'VSCODE_GIT_ASKPASS_MAIN': '/vscode/vscode-server/bin/linux-x64/8a7abeba6e03ea3af87bfbce9a1b7e48fed567b8/extensions/git/dist/askpass-main.js', 'VSCODE_GIT_ASKPASS_NODE': '/vscode/vscode-server/bin/linux-x64/8a7abeba6e03ea3af87bfbce9a1b7e48fed567b8/node', 'PYDEVD_DISABLE_FILE_VALIDATION': '1', 'BUNDLED_DEBUGPY_PATH': '/root/.vscode-server/extensions/ms-python.debugpy-2026.6.0-linux-x64/bundled/libs/debugpy', 'VSCODE_PYTHON_AUTOACTIVATE_GUARD': '1', 'COLORTERM': 'truecolor', 'REMOTE_CONTAINERS': 'true', 'COLCON_PREFIX_PATH': '/workspaces/IRS_Rover_ROS2_Workspace/install', 'ROS_DISTRO': 'humble', 'REMOTE_CONTAINERS_IPC': '/tmp/vscode-remote-containers-ipc-7dbc6586-1c9e-40b8-aea9-2e78412744cd.sock', '_': '/usr/bin/colcon', 'ROS_VERSION': '2', 'TERM': 'xterm-256color', 'ROS_LOCALHOST_ONLY': '0', 'PATH': '/root/.vscode-server/data/User/globalStorage/github.copilot-chat/debugCommand:/root/.vscode-server/data/User/globalStorage/github.copilot-chat/copilotCli:/vscode/vscode-server/bin/linux-x64/8a7abeba6e03ea3af87bfbce9a1b7e48fed567b8/bin/remote-cli:/opt/ros/humble/bin:/usr/local/sbin:/usr/local/bin:/usr/sbin:/usr/bin:/sbin:/bin:/root/.vscode-server/extensions/ms-python.debugpy-2026.6.0-linux-x64/bundled/scripts/noConfigScripts', 'REMOTE_CONTAINERS_SOCKETS': '["/tmp/vscode-ssh-auth-7dbc6586-1c9e-40b8-aea9-2e78412744cd.sock"]', 'VSCODE_DEBUGPY_ADAPTER_ENDPOINTS': '/root/.vscode-server/extensions/ms-python.debugpy-2026.6.0-linux-x64/.noConfigDebugAdapterEndpoints/endpoint-976d438db84070d5.txt', 'LANG': 'C.UTF-8', 'PYTHONSTARTUP': '/root/.vscode-server/data/User/workspaceStorage/5e37fdcefc6880e31fa1ec46b67abd32/ms-python.python/pythonrc.py', 'LS_COLORS': 'rs=0:di=01;34:ln=01;36:mh=00:pi=40;33:so=01;35:do=01;35:bd=40;33;01:cd=40;33;01:or=40;31;01:mi=00:su=37;41:sg=30;43:ca=30;41:tw=30;42:ow=34;42:st=37;44:ex=01;32:*.tar=01;31:*.tgz=01;31:*.arc=01;31:*.arj=01;31:*.taz=01;31:*.lha=01;31:*.lz4=01;31:*.lzh=01;31:*.lzma=01;31:*.tlz=01;31:*.txz=01;31:*.tzo=01;31:*.t7z=01;31:*.zip=01;31:*.z=01;31:*.dz=01;31:*.gz=01;31:*.lrz=01;31:*.lz=01;31:*.lzo=01;31:*.xz=01;31:*.zst=01;31:*.tzst=01;31:*.bz2=01;31:*.bz=01;31:*.tbz=01;31:*.tbz2=01;31:*.tz=01;31:*.deb=01;31:*.rpm=01;31:*.jar=01;31:*.war=01;31:*.ear=01;31:*.sar=01;31:*.rar=01;31:*.alz=01;31:*.ace=01;31:*.zoo=01;31:*.cpio=01;31:*.7z=01;31:*.rz=01;31:*.cab=01;31:*.wim=01;31:*.swm=01;31:*.dwm=01;31:*.esd=01;31:*.jpg=01;35:*.jpeg=01;35:*.mjpg=01;35:*.mjpeg=01;35:*.gif=01;35:*.bmp=01;35:*.pbm=01;35:*.pgm=01;35:*.ppm=01;35:*.tga=01;35:*.xbm=01;35:*.xpm=01;35:*.tif=01;35:*.tiff=01;35:*.png=01;35:*.svg=01;35:*.svgz=01;35:*.mng=01;35:*.pcx=01;35:*.mov=01;35:*.mpg=01;35:*.mpeg=01;35:*.m2v=01;35:*.mkv=01;35:*.webm=01;35:*.webp=01;35:*.ogm=01;35:*.mp4=01;35:*.m4v=01;35:*.mp4v=01;35:*.vob=01;35:*.qt=01;35:*.nuv=01;35:*.wmv=01;35:*.asf=01;35:*.rm=01;35:*.rmvb=01;35:*.flc=01;35:*.avi=01;35:*.fli=01;35:*.flv=01;35:*.gl=01;35:*.dl=01;35:*.xcf=01;35:*.xwd=01;35:*.yuv=01;35:*.cgm=01;35:*.emf=01;35:*.ogv=01;35:*.ogx=01;35:*.aac=00;36:*.au=00;36:*.flac=00;36:*.m4a=00;36:*.mid=00;36:*.midi=00;36:*.mka=00;36:*.mp3=00;36:*.mpc=00;36:*.ogg=00;36:*.ra=00;36:*.wav=00;36:*.oga=00;36:*.opus=00;36:*.spx=00;36:*.xspf=00;36:', 'VSCODE_GIT_IPC_HANDLE': '/tmp/vscode-git-1d369721e2.sock', 'TERM_PROGRAM': 'vscode', 'SSH_AUTH_SOCK': '/tmp/vscode-ssh-auth-7dbc6586-1c9e-40b8-aea9-2e78412744cd.sock', 'AMENT_PREFIX_PATH': '/workspaces/IRS_Rover_ROS2_Workspace/install/rover_perception:/workspaces/IRS_Rover_ROS2_Workspace/install/rover_perception_msgs:/workspaces/IRS_Rover_ROS2_Workspace/install/rover_lidar:/workspaces/IRS_Rover_ROS2_Workspace/install/rover_control_msgs:/workspaces/IRS_Rover_ROS2_Workspace/install/rover_control:/opt/ros/humble', 'SHELL': '/bin/bash', 'VSCODE_GIT_ASKPASS_EXTRA_ARGS': '', 'PWD': '/workspaces/IRS_Rover_ROS2_Workspace/rover_ws/build/rover_lidar', 'LC_ALL': 'C.UTF-8', 'COPILOT_DEBUG_NONCE': '1cdb0b5f05ffc1490ce1ece06c83ace2', 'PYTHONPATH': '/workspaces/IRS_Rover_ROS2_Workspace/rover_ws/build/rover_lidar/prefix_override:/usr/lib/python3/dist-packages/colcon_core/task/python/colcon_distutils_commands:/workspaces/IRS_Rover_ROS2_Workspace/rover_ws/install/rover_lidar/lib/python3.10/site-packages:/workspaces/IRS_Rover_ROS2_Workspace/install/rover_perception/lib/python3.10/site-packages:/workspaces/IRS_Rover_ROS2_Workspace/install/rover_perception_msgs/local/lib/python3.10/dist-packages:/workspaces/IRS_Rover_ROS2_Workspace/install/rover_lidar/lib/python3.10/site-packages:/workspaces/IRS_Rover_ROS2_Workspace/install/rover_control_msgs/local/lib/python3.10/dist-packages:/workspaces/IRS_Rover_ROS2_Workspace/install/rover_control/lib/python3.10/site-packages:/opt/ros/humble/lib/python3.10/site-packages:/opt/ros/humble/local/lib/python3.10/dist-packages', 'COLCON': '1', 'CMAKE_PREFIX_PATH': '/workspaces/IRS_Rover_ROS2_Workspace/install/rover_perception_msgs:/workspaces/IRS_Rover_ROS2_Workspace/install/rover_control_msgs'}, 'shell': False}
[3.367965] (rover_control) Command: {'cmd': ['/usr/bin/python3', '-W', 'ignore:setup.py install is deprecated', '-W', 'ignore:easy_install command is deprecated', 'setup.py', 'egg_info', '--egg-base', '../../build/rover_control', 'build', '--build-base', '/workspaces/IRS_Rover_ROS2_Workspace/rover_ws/build/rover_control/build', 'install', '--record', '/workspaces/IRS_Rover_ROS2_Workspace/rover_ws/build/rover_control/install.log', '--single-version-externally-managed', 'install_data'], 'cwd': '/workspaces/IRS_Rover_ROS2_Workspace/rover_ws/src/rover_control', 'env': {'PYTHON_BASIC_REPL': '1', 'HOSTNAME': '06335fee11bd', 'GIT_ASKPASS': '/vscode/vscode-server/bin/linux-x64/8a7abeba6e03ea3af87bfbce9a1b7e48fed567b8/extensions/git/dist/askpass.sh', 'SHLVL': '2', 'LD_LIBRARY_PATH': '/workspaces/IRS_Rover_ROS2_Workspace/install/rover_perception_msgs/lib:/workspaces/IRS_Rover_ROS2_Workspace/install/rover_control_msgs/lib:/opt/ros/humble/opt/rviz_ogre_vendor/lib:/opt/ros/humble/lib/x86_64-linux-gnu:/opt/ros/humble/lib', 'BROWSER': '/vscode/vscode-server/bin/linux-x64/8a7abeba6e03ea3af87bfbce9a1b7e48fed567b8/bin/helpers/browser.sh', 'HOME': '/root', 'OLDPWD': '/workspaces/IRS_Rover_ROS2_Workspace/rover_ws/src', 'TERM_PROGRAM_VERSION': '1.129.1', 'VSCODE_IPC_HOOK_CLI': '/tmp/vscode-ipc-daf8f1b7-4987-4bf5-821a-71531a0ddf8f.sock', 'ROS_PYTHON_VERSION': '3', 'VSCODE_GIT_ASKPASS_MAIN': '/vscode/vscode-server/bin/linux-x64/8a7abeba6e03ea3af87bfbce9a1b7e48fed567b8/extensions/git/dist/askpass-main.js', 'VSCODE_GIT_ASKPASS_NODE': '/vscode/vscode-server/bin/linux-x64/8a7abeba6e03ea3af87bfbce9a1b7e48fed567b8/node', 'PYDEVD_DISABLE_FILE_VALIDATION': '1', 'BUNDLED_DEBUGPY_PATH': '/root/.vscode-server/extensions/ms-python.debugpy-2026.6.0-linux-x64/bundled/libs/debugpy', 'VSCODE_PYTHON_AUTOACTIVATE_GUARD': '1', 'COLORTERM': 'truecolor', 'REMOTE_CONTAINERS': 'true', 'COLCON_PREFIX_PATH': '/workspaces/IRS_Rover_ROS2_Workspace/install', 'ROS_DISTRO': 'humble', 'REMOTE_CONTAINERS_IPC': '/tmp/vscode-remote-containers-ipc-7dbc6586-1c9e-40b8-aea9-2e78412744cd.sock', '_': '/usr/bin/colcon', 'ROS_VERSION': '2', 'TERM': 'xterm-256color', 'ROS_LOCALHOST_ONLY': '0', 'PATH': '/root/.vscode-server/data/User/globalStorage/github.copilot-chat/debugCommand:/root/.vscode-server/data/User/globalStorage/github.copilot-chat/copilotCli:/vscode/vscode-server/bin/linux-x64/8a7abeba6e03ea3af87bfbce9a1b7e48fed567b8/bin/remote-cli:/opt/ros/humble/bin:/usr/local/sbin:/usr/local/bin:/usr/sbin:/usr/bin:/sbin:/bin:/root/.vscode-server/extensions/ms-python.debugpy-2026.6.0-linux-x64/bundled/scripts/noConfigScripts', 'REMOTE_CONTAINERS_SOCKETS': '["/tmp/vscode-ssh-auth-7dbc6586-1c9e-40b8-aea9-2e78412744cd.sock"]', 'VSCODE_DEBUGPY_ADAPTER_ENDPOINTS': '/root/.vscode-server/extensions/ms-python.debugpy-2026.6.0-linux-x64/.noConfigDebugAdapterEndpoints/endpoint-976d438db84070d5.txt', 'LANG': 'C.UTF-8', 'PYTHONSTARTUP': '/root/.vscode-server/data/User/workspaceStorage/5e37fdcefc6880e31fa1ec46b67abd32/ms-python.python/pythonrc.py', 'LS_COLORS': 'rs=0:di=01;34:ln=01;36:mh=00:pi=40;33:so=01;35:do=01;35:bd=40;33;01:cd=40;33;01:or=40;31;01:mi=00:su=37;41:sg=30;43:ca=30;41:tw=30;42:ow=34;42:st=37;44:ex=01;32:*.tar=01;31:*.tgz=01;31:*.arc=01;31:*.arj=01;31:*.taz=01;31:*.lha=01;31:*.lz4=01;31:*.lzh=01;31:*.lzma=01;31:*.tlz=01;31:*.txz=01;31:*.tzo=01;31:*.t7z=01;31:*.zip=01;31:*.z=01;31:*.dz=01;31:*.gz=01;31:*.lrz=01;31:*.lz=01;31:*.lzo=01;31:*.xz=01;31:*.zst=01;31:*.tzst=01;31:*.bz2=01;31:*.bz=01;31:*.tbz=01;31:*.tbz2=01;31:*.tz=01;31:*.deb=01;31:*.rpm=01;31:*.jar=01;31:*.war=01;31:*.ear=01;31:*.sar=01;31:*.rar=01;31:*.alz=01;31:*.ace=01;31:*.zoo=01;31:*.cpio=01;31:*.7z=01;31:*.rz=01;31:*.cab=01;31:*.wim=01;31:*.swm=01;31:*.dwm=01;31:*.esd=01;31:*.jpg=01;35:*.jpeg=01;35:*.mjpg=01;35:*.mjpeg=01;35:*.gif=01;35:*.bmp=01;35:*.pbm=01;35:*.pgm=01;35:*.ppm=01;35:*.tga=01;35:*.xbm=01;35:*.xpm=01;35:*.tif=01;35:*.tiff=01;35:*.png=01;35:*.svg=01;35:*.svgz=01;35:*.mng=01;35:*.pcx=01;35:*.mov=01;35:*.mpg=01;35:*.mpeg=01;35:*.m2v=01;35:*.mkv=01;35:*.webm=01;35:*.webp=01;35:*.ogm=01;35:*.mp4=01;35:*.m4v=01;35:*.mp4v=01;35:*.vob=01;35:*.qt=01;35:*.nuv=01;35:*.wmv=01;35:*.asf=01;35:*.rm=01;35:*.rmvb=01;35:*.flc=01;35:*.avi=01;35:*.fli=01;35:*.flv=01;35:*.gl=01;35:*.dl=01;35:*.xcf=01;35:*.xwd=01;35:*.yuv=01;35:*.cgm=01;35:*.emf=01;35:*.ogv=01;35:*.ogx=01;35:*.aac=00;36:*.au=00;36:*.flac=00;36:*.m4a=00;36:*.mid=00;36:*.midi=00;36:*.mka=00;36:*.mp3=00;36:*.mpc=00;36:*.ogg=00;36:*.ra=00;36:*.wav=00;36:*.oga=00;36:*.opus=00;36:*.spx=00;36:*.xspf=00;36:', 'VSCODE_GIT_IPC_HANDLE': '/tmp/vscode-git-1d369721e2.sock', 'TERM_PROGRAM': 'vscode', 'SSH_AUTH_SOCK': '/tmp/vscode-ssh-auth-7dbc6586-1c9e-40b8-aea9-2e78412744cd.sock', 'AMENT_PREFIX_PATH': '/workspaces/IRS_Rover_ROS2_Workspace/install/rover_perception:/workspaces/IRS_Rover_ROS2_Workspace/install/rover_perception_msgs:/workspaces/IRS_Rover_ROS2_Workspace/install/rover_lidar:/workspaces/IRS_Rover_ROS2_Workspace/install/rover_control_msgs:/workspaces/IRS_Rover_ROS2_Workspace/install/rover_control:/opt/ros/humble', 'SHELL': '/bin/bash', 'VSCODE_GIT_ASKPASS_EXTRA_ARGS': '', 'PWD': '/workspaces/IRS_Rover_ROS2_Workspace/rover_ws/build/rover_control', 'LC_ALL': 'C.UTF-8', 'COPILOT_DEBUG_NONCE': '1cdb0b5f05ffc1490ce1ece06c83ace2', 'PYTHONPATH': '/workspaces/IRS_Rover_ROS2_Workspace/rover_ws/build/rover_control/prefix_override:/usr/lib/python3/dist-packages/colcon_core/task/python/colcon_distutils_commands:/workspaces/IRS_Rover_ROS2_Workspace/rover_ws/install/rover_control/lib/python3.10/site-packages:/workspaces/IRS_Rover_ROS2_Workspace/install/rover_perception/lib/python3.10/site-packages:/workspaces/IRS_Rover_ROS2_Workspace/install/rover_perception_msgs/local/lib/python3.10/dist-packages:/workspaces/IRS_Rover_ROS2_Workspace/install/rover_lidar/lib/python3.10/site-packages:/workspaces/IRS_Rover_ROS2_Workspace/install/rover_control_msgs/local/lib/python3.10/dist-packages:/workspaces/IRS_Rover_ROS2_Workspace/install/rover_control/lib/python3.10/site-packages:/opt/ros/humble/lib/python3.10/site-packages:/opt/ros/humble/local/lib/python3.10/dist-packages', 'COLCON': '1', 'CMAKE_PREFIX_PATH': '/workspaces/IRS_Rover_ROS2_Workspace/install/rover_perception_msgs:/workspaces/IRS_Rover_ROS2_Workspace/install/rover_control_msgs'}, 'shell': False}
[3.386281] (-) TimerEvent: {}
[3.387649] (rover_control_msgs) StdoutLine: {'line': b'[ 14%] Built target rover_control_msgs__rosidl_generator_c\n'}
[3.488023] (-) TimerEvent: {}
[3.571022] (rover_perception_msgs) StdoutLine: {'line': b'running egg_info\n'}
[3.574450] (rover_perception_msgs) StdoutLine: {'line': b'writing rover_perception_msgs.egg-info/PKG-INFO\n'}
[3.576879] (rover_perception_msgs) StdoutLine: {'line': b'writing dependency_links to rover_perception_msgs.egg-info/dependency_links.txt\n'}
[3.581198] (rover_perception_msgs) StdoutLine: {'line': b'writing top-level names to rover_perception_msgs.egg-info/top_level.txt\n'}
[3.592260] (-) TimerEvent: {}
[3.602327] (rover_perception_msgs) StdoutLine: {'line': b"reading manifest file 'rover_perception_msgs.egg-info/SOURCES.txt'\n"}
[3.615470] (rover_perception_msgs) StdoutLine: {'line': b"writing manifest file 'rover_perception_msgs.egg-info/SOURCES.txt'\n"}
[3.693221] (-) TimerEvent: {}
[3.795412] (-) TimerEvent: {}
[3.874366] (rover_control_msgs) StdoutLine: {'line': b'[ 14%] Built target ament_cmake_python_copy_rover_control_msgs\n'}
[3.896380] (-) TimerEvent: {}
[4.006402] (-) TimerEvent: {}
[4.048265] (rover_perception_msgs) StdoutLine: {'line': b'[ 79%] Built target rover_perception_msgs__py\n'}
[4.086636] (rover_perception_msgs) StdoutLine: {'line': b'[ 79%] Built target ament_cmake_python_build_rover_perception_msgs_egg\n'}
[4.108655] (-) TimerEvent: {}
[4.130486] (rover_control_msgs) StdoutLine: {'line': b'[ 25%] Built target rover_control_msgs__rosidl_typesupport_fastrtps_cpp\n'}
[4.180857] (rover_lidar) StdoutLine: {'line': b'running egg_info\n'}
[4.183350] (rover_control_msgs) StdoutLine: {'line': b'[ 35%] Built target rover_control_msgs__rosidl_typesupport_cpp\n'}
[4.184798] (rover_lidar) StdoutLine: {'line': b'writing ../../build/rover_lidar/rover_lidar.egg-info/PKG-INFO\n'}
[4.190265] (rover_lidar) StdoutLine: {'line': b'writing dependency_links to ../../build/rover_lidar/rover_lidar.egg-info/dependency_links.txt\n'}
[4.195395] (rover_lidar) StdoutLine: {'line': b'writing entry points to ../../build/rover_lidar/rover_lidar.egg-info/entry_points.txt\n'}
[4.199389] (rover_lidar) StdoutLine: {'line': b'writing requirements to ../../build/rover_lidar/rover_lidar.egg-info/requires.txt\n'}
[4.202123] (rover_lidar) StdoutLine: {'line': b'writing top-level names to ../../build/rover_lidar/rover_lidar.egg-info/top_level.txt\n'}
[4.211991] (rover_control_msgs) StdoutLine: {'line': b'[ 57%] Built target rover_control_msgs__rosidl_typesupport_introspection_c\n'}
[4.223104] (-) TimerEvent: {}
[4.224235] (rover_control_msgs) StdoutLine: {'line': b'[ 57%] Built target rover_control_msgs__rosidl_typesupport_introspection_cpp\n'}
[4.226194] (rover_lidar) StdoutLine: {'line': b"reading manifest file '../../build/rover_lidar/rover_lidar.egg-info/SOURCES.txt'\n"}
[4.232297] (rover_lidar) StdoutLine: {'line': b"writing manifest file '../../build/rover_lidar/rover_lidar.egg-info/SOURCES.txt'\n"}
[4.235384] (rover_lidar) StdoutLine: {'line': b'running build\n'}
[4.239805] (rover_lidar) StdoutLine: {'line': b'running build_py\n'}
[4.241585] (rover_lidar) StdoutLine: {'line': b'copying rover_lidar/lidar_processing_node.py -> /workspaces/IRS_Rover_ROS2_Workspace/rover_ws/build/rover_lidar/build/lib/rover_lidar\n'}
[4.243049] (rover_control_msgs) StdoutLine: {'line': b'[ 67%] Built target rover_control_msgs__rosidl_typesupport_fastrtps_c\n'}
[4.245023] (rover_lidar) StdoutLine: {'line': b'running install\n'}
[4.248061] (rover_lidar) StdoutLine: {'line': b'running install_lib\n'}
[4.250284] (rover_lidar) StdoutLine: {'line': b'copying /workspaces/IRS_Rover_ROS2_Workspace/rover_ws/build/rover_lidar/build/lib/rover_lidar/lidar_processing_node.py -> /workspaces/IRS_Rover_ROS2_Workspace/rover_ws/install/rover_lidar/lib/python3.10/site-packages/rover_lidar\n'}
[4.257016] (rover_lidar) StdoutLine: {'line': b'byte-compiling /workspaces/IRS_Rover_ROS2_Workspace/rover_ws/install/rover_lidar/lib/python3.10/site-packages/rover_lidar/lidar_processing_node.py to lidar_processing_node.cpython-310.pyc\n'}
[4.262405] (rover_control) StdoutLine: {'line': b'running egg_info\n'}
[4.264211] (rover_control) StdoutLine: {'line': b'writing ../../build/rover_control/rover_control.egg-info/PKG-INFO\n'}
[4.267303] (rover_control) StdoutLine: {'line': b'writing dependency_links to ../../build/rover_control/rover_control.egg-info/dependency_links.txt\n'}
[4.270405] (rover_control_msgs) StdoutLine: {'line': b'[ 78%] Built target rover_control_msgs__rosidl_typesupport_c\n'}
[4.273383] (rover_control) StdoutLine: {'line': b'writing entry points to ../../build/rover_control/rover_control.egg-info/entry_points.txt\n'}
[4.275379] (rover_lidar) StdoutLine: {'line': b'running install_data\n'}
[4.278404] (rover_lidar) StdoutLine: {'line': b'running install_egg_info\n'}
[4.282275] (rover_control) StdoutLine: {'line': b'writing requirements to ../../build/rover_control/rover_control.egg-info/requires.txt\n'}
[4.286578] (rover_control) StdoutLine: {'line': b'writing top-level names to ../../build/rover_control/rover_control.egg-info/top_level.txt\n'}
[4.290049] (rover_lidar) StdoutLine: {'line': b"removing '/workspaces/IRS_Rover_ROS2_Workspace/rover_ws/install/rover_lidar/lib/python3.10/site-packages/rover_lidar-0.0.0-py3.10.egg-info' (and everything under it)\n"}
[4.292610] (rover_lidar) StdoutLine: {'line': b'Copying ../../build/rover_lidar/rover_lidar.egg-info to /workspaces/IRS_Rover_ROS2_Workspace/rover_ws/install/rover_lidar/lib/python3.10/site-packages/rover_lidar-0.0.0-py3.10.egg-info\n'}
[4.294489] (rover_control) StdoutLine: {'line': b"reading manifest file '../../build/rover_control/rover_control.egg-info/SOURCES.txt'\n"}
[4.299778] (rover_control) StdoutLine: {'line': b"writing manifest file '../../build/rover_control/rover_control.egg-info/SOURCES.txt'\n"}
[4.302161] (rover_control) StdoutLine: {'line': b'running build\n'}
[4.306347] (rover_control) StdoutLine: {'line': b'running build_py\n'}
[4.307953] (rover_control) StdoutLine: {'line': b'running install\n'}
[4.314878] (rover_control) StdoutLine: {'line': b'running install_lib\n'}
[4.319555] (rover_control) StdoutLine: {'line': b'running install_data\n'}
[4.321597] (rover_control) StdoutLine: {'line': b'running install_egg_info\n'}
[4.325562] (-) TimerEvent: {}
[4.326520] (rover_control) StdoutLine: {'line': b"removing '/workspaces/IRS_Rover_ROS2_Workspace/rover_ws/install/rover_control/lib/python3.10/site-packages/rover_control-0.0.0-py3.10.egg-info' (and everything under it)\n"}
[4.329375] (rover_control) StdoutLine: {'line': b'Copying ../../build/rover_control/rover_control.egg-info to /workspaces/IRS_Rover_ROS2_Workspace/rover_ws/install/rover_control/lib/python3.10/site-packages/rover_control-0.0.0-py3.10.egg-info\n'}
[4.338226] (rover_lidar) StdoutLine: {'line': b'running install_scripts\n'}
[4.392382] (rover_control) StdoutLine: {'line': b'running install_scripts\n'}
[4.403336] (rover_lidar) StdoutLine: {'line': b'Installing fake_lidar_node script to /workspaces/IRS_Rover_ROS2_Workspace/rover_ws/install/rover_lidar/lib/rover_lidar\n'}
[4.406830] (rover_lidar) StdoutLine: {'line': b'Installing lidar_processing_node script to /workspaces/IRS_Rover_ROS2_Workspace/rover_ws/install/rover_lidar/lib/rover_lidar\n'}
[4.411388] (rover_lidar) StdoutLine: {'line': b"writing list of installed files to '/workspaces/IRS_Rover_ROS2_Workspace/rover_ws/build/rover_lidar/install.log'\n"}
[4.427512] (-) TimerEvent: {}
[4.445663] (rover_perception_msgs) StdoutLine: {'line': b'[ 87%] Built target rover_perception_msgs__rosidl_generator_py\n'}
[4.449633] (rover_control) StdoutLine: {'line': b'Installing command_node script to /workspaces/IRS_Rover_ROS2_Workspace/rover_ws/install/rover_control/lib/rover_control\n'}
[4.451920] (rover_control) StdoutLine: {'line': b'Installing fake_stm32_bridge_node script to /workspaces/IRS_Rover_ROS2_Workspace/rover_ws/install/rover_control/lib/rover_control\n'}
[4.455969] (rover_control) StdoutLine: {'line': b'Installing rover_pose_node script to /workspaces/IRS_Rover_ROS2_Workspace/rover_ws/install/rover_control/lib/rover_control\n'}
[4.459804] (rover_control) StdoutLine: {'line': b'Installing set_mode_node script to /workspaces/IRS_Rover_ROS2_Workspace/rover_ws/install/rover_control/lib/rover_control\n'}
[4.464304] (rover_control) StdoutLine: {'line': b'Installing stm_bridge_node script to /workspaces/IRS_Rover_ROS2_Workspace/rover_ws/install/rover_control/lib/rover_control\n'}
[4.467981] (rover_control) StdoutLine: {'line': b'Installing wifi_node script to /workspaces/IRS_Rover_ROS2_Workspace/rover_ws/install/rover_control/lib/rover_control\n'}
[4.475705] (rover_control) StdoutLine: {'line': b"writing list of installed files to '/workspaces/IRS_Rover_ROS2_Workspace/rover_ws/build/rover_control/install.log'\n"}
[4.480098] (rover_lidar) CommandEnded: {'returncode': 0}
[4.528939] (-) TimerEvent: {}
[4.632058] (-) TimerEvent: {}
[4.639067] (rover_lidar) JobEnded: {'identifier': 'rover_lidar', 'rc': 0}
[4.659666] (rover_control) CommandEnded: {'returncode': 0}
[4.683130] (rover_control_msgs) StdoutLine: {'line': b'[ 78%] Built target rover_control_msgs\n'}
[4.732438] (-) TimerEvent: {}
[4.762303] (rover_control) JobEnded: {'identifier': 'rover_control', 'rc': 0}
[4.833343] (-) TimerEvent: {}
[4.908723] (rover_perception_msgs) StdoutLine: {'line': b'[ 95%] Built target rover_perception_msgs__rosidl_typesupport_fastrtps_c__pyext\n'}
[4.912188] (rover_perception_msgs) StdoutLine: {'line': b'[ 95%] Built target rover_perception_msgs__rosidl_typesupport_c__pyext\n'}
[4.930780] (rover_perception_msgs) StdoutLine: {'line': b'[100%] Built target rover_perception_msgs__rosidl_typesupport_introspection_c__pyext\n'}
[4.934149] (-) TimerEvent: {}
[4.984278] (rover_control_msgs) StdoutLine: {'line': b'[ 80%] Built target rover_control_msgs__py\n'}
[5.021615] (rover_perception_msgs) CommandEnded: {'returncode': 0}
[5.037053] (-) TimerEvent: {}
[5.044837] (rover_perception_msgs) JobProgress: {'identifier': 'rover_perception_msgs', 'progress': 'install'}
[5.091574] (rover_control_msgs) StdoutLine: {'line': b'running egg_info\n'}
[5.095212] (rover_control_msgs) StdoutLine: {'line': b'writing rover_control_msgs.egg-info/PKG-INFO\n'}
[5.096616] (rover_control_msgs) StdoutLine: {'line': b'writing dependency_links to rover_control_msgs.egg-info/dependency_links.txt\n'}
[5.099335] (rover_control_msgs) StdoutLine: {'line': b'writing top-level names to rover_control_msgs.egg-info/top_level.txt\n'}
[5.116757] (rover_perception_msgs) Command: {'cmd': ['/usr/bin/cmake', '--install', '/workspaces/IRS_Rover_ROS2_Workspace/rover_ws/build/rover_perception_msgs'], 'cwd': '/workspaces/IRS_Rover_ROS2_Workspace/rover_ws/build/rover_perception_msgs', 'env': OrderedDict([('PYTHON_BASIC_REPL', '1'), ('HOSTNAME', '06335fee11bd'), ('GIT_ASKPASS', '/vscode/vscode-server/bin/linux-x64/8a7abeba6e03ea3af87bfbce9a1b7e48fed567b8/extensions/git/dist/askpass.sh'), ('SHLVL', '2'), ('LD_LIBRARY_PATH', '/workspaces/IRS_Rover_ROS2_Workspace/install/rover_perception_msgs/lib:/workspaces/IRS_Rover_ROS2_Workspace/install/rover_control_msgs/lib:/opt/ros/humble/opt/rviz_ogre_vendor/lib:/opt/ros/humble/lib/x86_64-linux-gnu:/opt/ros/humble/lib'), ('BROWSER', '/vscode/vscode-server/bin/linux-x64/8a7abeba6e03ea3af87bfbce9a1b7e48fed567b8/bin/helpers/browser.sh'), ('HOME', '/root'), ('OLDPWD', '/workspaces/IRS_Rover_ROS2_Workspace/rover_ws/src'), ('TERM_PROGRAM_VERSION', '1.129.1'), ('VSCODE_IPC_HOOK_CLI', '/tmp/vscode-ipc-daf8f1b7-4987-4bf5-821a-71531a0ddf8f.sock'), ('ROS_PYTHON_VERSION', '3'), ('VSCODE_GIT_ASKPASS_MAIN', '/vscode/vscode-server/bin/linux-x64/8a7abeba6e03ea3af87bfbce9a1b7e48fed567b8/extensions/git/dist/askpass-main.js'), ('VSCODE_GIT_ASKPASS_NODE', '/vscode/vscode-server/bin/linux-x64/8a7abeba6e03ea3af87bfbce9a1b7e48fed567b8/node'), ('PYDEVD_DISABLE_FILE_VALIDATION', '1'), ('BUNDLED_DEBUGPY_PATH', '/root/.vscode-server/extensions/ms-python.debugpy-2026.6.0-linux-x64/bundled/libs/debugpy'), ('VSCODE_PYTHON_AUTOACTIVATE_GUARD', '1'), ('COLORTERM', 'truecolor'), ('REMOTE_CONTAINERS', 'true'), ('COLCON_PREFIX_PATH', '/workspaces/IRS_Rover_ROS2_Workspace/install'), ('ROS_DISTRO', 'humble'), ('REMOTE_CONTAINERS_IPC', '/tmp/vscode-remote-containers-ipc-7dbc6586-1c9e-40b8-aea9-2e78412744cd.sock'), ('_', '/usr/bin/colcon'), ('ROS_VERSION', '2'), ('TERM', 'xterm-256color'), ('ROS_LOCALHOST_ONLY', '0'), ('PATH', '/root/.vscode-server/data/User/globalStorage/github.copilot-chat/debugCommand:/root/.vscode-server/data/User/globalStorage/github.copilot-chat/copilotCli:/vscode/vscode-server/bin/linux-x64/8a7abeba6e03ea3af87bfbce9a1b7e48fed567b8/bin/remote-cli:/opt/ros/humble/bin:/usr/local/sbin:/usr/local/bin:/usr/sbin:/usr/bin:/sbin:/bin:/root/.vscode-server/extensions/ms-python.debugpy-2026.6.0-linux-x64/bundled/scripts/noConfigScripts'), ('REMOTE_CONTAINERS_SOCKETS', '["/tmp/vscode-ssh-auth-7dbc6586-1c9e-40b8-aea9-2e78412744cd.sock"]'), ('VSCODE_DEBUGPY_ADAPTER_ENDPOINTS', '/root/.vscode-server/extensions/ms-python.debugpy-2026.6.0-linux-x64/.noConfigDebugAdapterEndpoints/endpoint-976d438db84070d5.txt'), ('LANG', 'C.UTF-8'), ('PYTHONSTARTUP', '/root/.vscode-server/data/User/workspaceStorage/5e37fdcefc6880e31fa1ec46b67abd32/ms-python.python/pythonrc.py'), ('LS_COLORS', 'rs=0:di=01;34:ln=01;36:mh=00:pi=40;33:so=01;35:do=01;35:bd=40;33;01:cd=40;33;01:or=40;31;01:mi=00:su=37;41:sg=30;43:ca=30;41:tw=30;42:ow=34;42:st=37;44:ex=01;32:*.tar=01;31:*.tgz=01;31:*.arc=01;31:*.arj=01;31:*.taz=01;31:*.lha=01;31:*.lz4=01;31:*.lzh=01;31:*.lzma=01;31:*.tlz=01;31:*.txz=01;31:*.tzo=01;31:*.t7z=01;31:*.zip=01;31:*.z=01;31:*.dz=01;31:*.gz=01;31:*.lrz=01;31:*.lz=01;31:*.lzo=01;31:*.xz=01;31:*.zst=01;31:*.tzst=01;31:*.bz2=01;31:*.bz=01;31:*.tbz=01;31:*.tbz2=01;31:*.tz=01;31:*.deb=01;31:*.rpm=01;31:*.jar=01;31:*.war=01;31:*.ear=01;31:*.sar=01;31:*.rar=01;31:*.alz=01;31:*.ace=01;31:*.zoo=01;31:*.cpio=01;31:*.7z=01;31:*.rz=01;31:*.cab=01;31:*.wim=01;31:*.swm=01;31:*.dwm=01;31:*.esd=01;31:*.jpg=01;35:*.jpeg=01;35:*.mjpg=01;35:*.mjpeg=01;35:*.gif=01;35:*.bmp=01;35:*.pbm=01;35:*.pgm=01;35:*.ppm=01;35:*.tga=01;35:*.xbm=01;35:*.xpm=01;35:*.tif=01;35:*.tiff=01;35:*.png=01;35:*.svg=01;35:*.svgz=01;35:*.mng=01;35:*.pcx=01;35:*.mov=01;35:*.mpg=01;35:*.mpeg=01;35:*.m2v=01;35:*.mkv=01;35:*.webm=01;35:*.webp=01;35:*.ogm=01;35:*.mp4=01;35:*.m4v=01;35:*.mp4v=01;35:*.vob=01;35:*.qt=01;35:*.nuv=01;35:*.wmv=01;35:*.asf=01;35:*.rm=01;35:*.rmvb=01;35:*.flc=01;35:*.avi=01;35:*.fli=01;35:*.flv=01;35:*.gl=01;35:*.dl=01;35:*.xcf=01;35:*.xwd=01;35:*.yuv=01;35:*.cgm=01;35:*.emf=01;35:*.ogv=01;35:*.ogx=01;35:*.aac=00;36:*.au=00;36:*.flac=00;36:*.m4a=00;36:*.mid=00;36:*.midi=00;36:*.mka=00;36:*.mp3=00;36:*.mpc=00;36:*.ogg=00;36:*.ra=00;36:*.wav=00;36:*.oga=00;36:*.opus=00;36:*.spx=00;36:*.xspf=00;36:'), ('VSCODE_GIT_IPC_HANDLE', '/tmp/vscode-git-1d369721e2.sock'), ('TERM_PROGRAM', 'vscode'), ('SSH_AUTH_SOCK', '/tmp/vscode-ssh-auth-7dbc6586-1c9e-40b8-aea9-2e78412744cd.sock'), ('AMENT_PREFIX_PATH', '/workspaces/IRS_Rover_ROS2_Workspace/install/rover_perception:/workspaces/IRS_Rover_ROS2_Workspace/install/rover_perception_msgs:/workspaces/IRS_Rover_ROS2_Workspace/install/rover_lidar:/workspaces/IRS_Rover_ROS2_Workspace/install/rover_control_msgs:/workspaces/IRS_Rover_ROS2_Workspace/install/rover_control:/opt/ros/humble'), ('SHELL', '/bin/bash'), ('VSCODE_GIT_ASKPASS_EXTRA_ARGS', ''), ('PWD', '/workspaces/IRS_Rover_ROS2_Workspace/rover_ws/build/rover_perception_msgs'), ('LC_ALL', 'C.UTF-8'), ('COPILOT_DEBUG_NONCE', '1cdb0b5f05ffc1490ce1ece06c83ace2'), ('PYTHONPATH', '/workspaces/IRS_Rover_ROS2_Workspace/install/rover_perception/lib/python3.10/site-packages:/workspaces/IRS_Rover_ROS2_Workspace/install/rover_perception_msgs/local/lib/python3.10/dist-packages:/workspaces/IRS_Rover_ROS2_Workspace/install/rover_lidar/lib/python3.10/site-packages:/workspaces/IRS_Rover_ROS2_Workspace/install/rover_control_msgs/local/lib/python3.10/dist-packages:/workspaces/IRS_Rover_ROS2_Workspace/install/rover_control/lib/python3.10/site-packages:/opt/ros/humble/lib/python3.10/site-packages:/opt/ros/humble/local/lib/python3.10/dist-packages'), ('COLCON', '1'), ('CMAKE_PREFIX_PATH', '/workspaces/IRS_Rover_ROS2_Workspace/install/rover_perception_msgs:/workspaces/IRS_Rover_ROS2_Workspace/install/rover_control_msgs:/workspaces/IRS_Rover_ROS2_Workspace/install/rover_perception:/workspaces/IRS_Rover_ROS2_Workspace/install/rover_lidar:/workspaces/IRS_Rover_ROS2_Workspace/install/rover_control:/opt/ros/humble')]), 'shell': False}
[5.120390] (rover_control_msgs) StdoutLine: {'line': b"reading manifest file 'rover_control_msgs.egg-info/SOURCES.txt'\n"}
[5.124566] (rover_control_msgs) StdoutLine: {'line': b"writing manifest file 'rover_control_msgs.egg-info/SOURCES.txt'\n"}
[5.137675] (-) TimerEvent: {}
[5.215430] (rover_perception_msgs) StdoutLine: {'line': b'-- Install configuration: ""\n'}
[5.216605] (rover_perception_msgs) StdoutLine: {'line': b'-- Up-to-date: /workspaces/IRS_Rover_ROS2_Workspace/rover_ws/install/rover_perception_msgs/share/ament_index/resource_index/rosidl_interfaces/rover_perception_msgs\n'}
[5.217921] (rover_perception_msgs) StdoutLine: {'line': b'-- Up-to-date: /workspaces/IRS_Rover_ROS2_Workspace/rover_ws/install/rover_perception_msgs/include/rover_perception_msgs/rover_perception_msgs\n'}
[5.220023] (rover_perception_msgs) StdoutLine: {'line': b'-- Up-to-date: /workspaces/IRS_Rover_ROS2_Workspace/rover_ws/install/rover_perception_msgs/include/rover_perception_msgs/rover_perception_msgs/msg\n'}
[5.222623] (rover_perception_msgs) StdoutLine: {'line': b'-- Up-to-date: /workspaces/IRS_Rover_ROS2_Workspace/rover_ws/install/rover_perception_msgs/include/rover_perception_msgs/rover_perception_msgs/msg/rosidl_generator_c__visibility_control.h\n'}
[5.226834] (rover_perception_msgs) StdoutLine: {'line': b'-- Up-to-date: /workspaces/IRS_Rover_ROS2_Workspace/rover_ws/install/rover_perception_msgs/include/rover_perception_msgs/rover_perception_msgs/msg/terrain_grid.h\n'}
[5.228776] (rover_perception_msgs) StdoutLine: {'line': b'-- Up-to-date: /workspaces/IRS_Rover_ROS2_Workspace/rover_ws/install/rover_perception_msgs/include/rover_perception_msgs/rover_perception_msgs/msg/led_detection_array.h\n'}
[5.229975] (rover_perception_msgs) StdoutLine: {'line': b'-- Up-to-date: /workspaces/IRS_Rover_ROS2_Workspace/rover_ws/install/rover_perception_msgs/include/rover_perception_msgs/rover_perception_msgs/msg/detail\n'}
[5.232397] (rover_perception_msgs) StdoutLine: {'line': b'-- Up-to-date: /workspaces/IRS_Rover_ROS2_Workspace/rover_ws/install/rover_perception_msgs/include/rover_perception_msgs/rover_perception_msgs/msg/detail/terrain_grid__functions.c\n'}
[5.235009] (rover_perception_msgs) StdoutLine: {'line': b'-- Up-to-date: /workspaces/IRS_Rover_ROS2_Workspace/rover_ws/install/rover_perception_msgs/include/rover_perception_msgs/rover_perception_msgs/msg/detail/led_detection_array__struct.h\n'}
[5.240527] (-) TimerEvent: {}
[5.244695] (rover_perception_msgs) StdoutLine: {'line': b'-- Up-to-date: /workspaces/IRS_Rover_ROS2_Workspace/rover_ws/install/rover_perception_msgs/include/rover_perception_msgs/rover_perception_msgs/msg/detail/terrain_grid__type_support.h\n'}
[5.246344] (rover_perception_msgs) StdoutLine: {'line': b'-- Up-to-date: /workspaces/IRS_Rover_ROS2_Workspace/rover_ws/install/rover_perception_msgs/include/rover_perception_msgs/rover_perception_msgs/msg/detail/led_detection__struct.h\n'}
[5.249451] (rover_perception_msgs) StdoutLine: {'line': b'-- Up-to-date: /workspaces/IRS_Rover_ROS2_Workspace/rover_ws/install/rover_perception_msgs/include/rover_perception_msgs/rover_perception_msgs/msg/detail/led_detection_array__functions.h\n'}
[5.250724] (rover_perception_msgs) StdoutLine: {'line': b'-- Up-to-date: /workspaces/IRS_Rover_ROS2_Workspace/rover_ws/install/rover_perception_msgs/include/rover_perception_msgs/rover_perception_msgs/msg/detail/led_detection__functions.h\n'}
[5.252615] (rover_perception_msgs) StdoutLine: {'line': b'-- Up-to-date: /workspaces/IRS_Rover_ROS2_Workspace/rover_ws/install/rover_perception_msgs/include/rover_perception_msgs/rover_perception_msgs/msg/detail/led_detection__type_support.h\n'}
[5.255502] (rover_perception_msgs) StdoutLine: {'line': b'-- Up-to-date: /workspaces/IRS_Rover_ROS2_Workspace/rover_ws/install/rover_perception_msgs/include/rover_perception_msgs/rover_perception_msgs/msg/detail/terrain_grid__struct.h\n'}
[5.256883] (rover_perception_msgs) StdoutLine: {'line': b'-- Up-to-date: /workspaces/IRS_Rover_ROS2_Workspace/rover_ws/install/rover_perception_msgs/include/rover_perception_msgs/rover_perception_msgs/msg/detail/terrain_grid__functions.h\n'}
[5.262046] (rover_perception_msgs) StdoutLine: {'line': b'-- Up-to-date: /workspaces/IRS_Rover_ROS2_Workspace/rover_ws/install/rover_perception_msgs/include/rover_perception_msgs/rover_perception_msgs/msg/detail/led_detection_array__type_support.h\n'}
[5.263429] (rover_perception_msgs) StdoutLine: {'line': b'-- Up-to-date: /workspaces/IRS_Rover_ROS2_Workspace/rover_ws/install/rover_perception_msgs/include/rover_perception_msgs/rover_perception_msgs/msg/detail/led_detection_array__functions.c\n'}
[5.265661] (rover_perception_msgs) StdoutLine: {'line': b'-- Up-to-date: /workspaces/IRS_Rover_ROS2_Workspace/rover_ws/install/rover_perception_msgs/include/rover_perception_msgs/rover_perception_msgs/msg/detail/led_detection__functions.c\n'}
[5.269824] (rover_perception_msgs) StdoutLine: {'line': b'-- Up-to-date: /workspaces/IRS_Rover_ROS2_Workspace/rover_ws/install/rover_perception_msgs/include/rover_perception_msgs/rover_perception_msgs/msg/led_detection.h\n'}
[5.275603] (rover_perception_msgs) StdoutLine: {'line': b'-- Up-to-date: /workspaces/IRS_Rover_ROS2_Workspace/rover_ws/install/rover_perception_msgs/share/rover_perception_msgs/environment/library_path.sh\n'}
[5.276956] (rover_perception_msgs) StdoutLine: {'line': b'-- Up-to-date: /workspaces/IRS_Rover_ROS2_Workspace/rover_ws/install/rover_perception_msgs/share/rover_perception_msgs/environment/library_path.dsv\n'}
[5.278454] (rover_perception_msgs) StdoutLine: {'line': b'-- Up-to-date: /workspaces/IRS_Rover_ROS2_Workspace/rover_ws/install/rover_perception_msgs/lib/librover_perception_msgs__rosidl_generator_c.so\n'}
[5.279922] (rover_perception_msgs) StdoutLine: {'line': b'-- Up-to-date: /workspaces/IRS_Rover_ROS2_Workspace/rover_ws/install/rover_perception_msgs/include/rover_perception_msgs/rover_perception_msgs\n'}
[5.281344] (rover_perception_msgs) StdoutLine: {'line': b'-- Up-to-date: /workspaces/IRS_Rover_ROS2_Workspace/rover_ws/install/rover_perception_msgs/include/rover_perception_msgs/rover_perception_msgs/msg\n'}
[5.282945] (rover_perception_msgs) StdoutLine: {'line': b'-- Up-to-date: /workspaces/IRS_Rover_ROS2_Workspace/rover_ws/install/rover_perception_msgs/include/rover_perception_msgs/rover_perception_msgs/msg/detail\n'}
[5.287982] (rover_control_msgs) StdoutLine: {'line': b'[ 89%] Built target ament_cmake_python_build_rover_control_msgs_egg\n'}
[5.289359] (rover_perception_msgs) StdoutLine: {'line': b'-- Up-to-date: /workspaces/IRS_Rover_ROS2_Workspace/rover_ws/install/rover_perception_msgs/include/rover_perception_msgs/rover_perception_msgs/msg/detail/led_detection__rosidl_typesupport_fastrtps_c.h\n'}
[5.290790] (rover_perception_msgs) StdoutLine: {'line': b'-- Up-to-date: /workspaces/IRS_Rover_ROS2_Workspace/rover_ws/install/rover_perception_msgs/include/rover_perception_msgs/rover_perception_msgs/msg/detail/led_detection_array__rosidl_typesupport_fastrtps_c.h\n'}
[5.294903] (rover_perception_msgs) StdoutLine: {'line': b'-- Up-to-date: /workspaces/IRS_Rover_ROS2_Workspace/rover_ws/install/rover_perception_msgs/include/rover_perception_msgs/rover_perception_msgs/msg/detail/terrain_grid__rosidl_typesupport_fastrtps_c.h\n'}
[5.297609] (rover_control_msgs) StdoutLine: {'line': b'[ 89%] Built target rover_control_msgs__rosidl_generator_py\n'}
[5.299994] (rover_perception_msgs) StdoutLine: {'line': b'-- Up-to-date: /workspaces/IRS_Rover_ROS2_Workspace/rover_ws/install/rover_perception_msgs/include/rover_perception_msgs/rover_perception_msgs/msg/rosidl_typesupport_fastrtps_c__visibility_control.h\n'}
[5.302241] (rover_perception_msgs) StdoutLine: {'line': b'-- Up-to-date: /workspaces/IRS_Rover_ROS2_Workspace/rover_ws/install/rover_perception_msgs/lib/librover_perception_msgs__rosidl_typesupport_fastrtps_c.so\n'}
[5.304425] (rover_perception_msgs) StdoutLine: {'line': b'-- Up-to-date: /workspaces/IRS_Rover_ROS2_Workspace/rover_ws/install/rover_perception_msgs/include/rover_perception_msgs/rover_perception_msgs\n'}
[5.312734] (rover_perception_msgs) StdoutLine: {'line': b'-- Up-to-date: /workspaces/IRS_Rover_ROS2_Workspace/rover_ws/install/rover_perception_msgs/include/rover_perception_msgs/rover_perception_msgs/msg\n'}
[5.315579] (rover_perception_msgs) StdoutLine: {'line': b'-- Up-to-date: /workspaces/IRS_Rover_ROS2_Workspace/rover_ws/install/rover_perception_msgs/include/rover_perception_msgs/rover_perception_msgs/msg/detail\n'}
[5.320472] (rover_perception_msgs) StdoutLine: {'line': b'-- Up-to-date: /workspaces/IRS_Rover_ROS2_Workspace/rover_ws/install/rover_perception_msgs/include/rover_perception_msgs/rover_perception_msgs/msg/detail/led_detection__type_support.c\n'}
[5.322056] (rover_perception_msgs) StdoutLine: {'line': b'-- Up-to-date: /workspaces/IRS_Rover_ROS2_Workspace/rover_ws/install/rover_perception_msgs/include/rover_perception_msgs/rover_perception_msgs/msg/detail/terrain_grid__rosidl_typesupport_introspection_c.h\n'}
[5.323760] (rover_perception_msgs) StdoutLine: {'line': b'-- Up-to-date: /workspaces/IRS_Rover_ROS2_Workspace/rover_ws/install/rover_perception_msgs/include/rover_perception_msgs/rover_perception_msgs/msg/detail/led_detection_array__type_support.c\n'}
[5.325554] (rover_perception_msgs) StdoutLine: {'line': b'-- Up-to-date: /workspaces/IRS_Rover_ROS2_Workspace/rover_ws/install/rover_perception_msgs/include/rover_perception_msgs/rover_perception_msgs/msg/detail/led_detection__rosidl_typesupport_introspection_c.h\n'}
[5.329770] (rover_perception_msgs) StdoutLine: {'line': b'-- Up-to-date: /workspaces/IRS_Rover_ROS2_Workspace/rover_ws/install/rover_perception_msgs/include/rover_perception_msgs/rover_perception_msgs/msg/detail/terrain_grid__type_support.c\n'}
[5.335604] (rover_perception_msgs) StdoutLine: {'line': b'-- Up-to-date: /workspaces/IRS_Rover_ROS2_Workspace/rover_ws/install/rover_perception_msgs/include/rover_perception_msgs/rover_perception_msgs/msg/detail/led_detection_array__rosidl_typesupport_introspection_c.h\n'}
[5.339466] (rover_perception_msgs) StdoutLine: {'line': b'-- Up-to-date: /workspaces/IRS_Rover_ROS2_Workspace/rover_ws/install/rover_perception_msgs/include/rover_perception_msgs/rover_perception_msgs/msg/rosidl_typesupport_introspection_c__visibility_control.h\n'}
[5.343988] (-) TimerEvent: {}
[5.346018] (rover_perception_msgs) StdoutLine: {'line': b'-- Up-to-date: /workspaces/IRS_Rover_ROS2_Workspace/rover_ws/install/rover_perception_msgs/lib/librover_perception_msgs__rosidl_typesupport_introspection_c.so\n'}
[5.351988] (rover_perception_msgs) StdoutLine: {'line': b'-- Up-to-date: /workspaces/IRS_Rover_ROS2_Workspace/rover_ws/install/rover_perception_msgs/lib/librover_perception_msgs__rosidl_typesupport_c.so\n'}
[5.353535] (rover_perception_msgs) StdoutLine: {'line': b'-- Up-to-date: /workspaces/IRS_Rover_ROS2_Workspace/rover_ws/install/rover_perception_msgs/include/rover_perception_msgs/rover_perception_msgs\n'}
[5.356223] (rover_perception_msgs) StdoutLine: {'line': b'-- Up-to-date: /workspaces/IRS_Rover_ROS2_Workspace/rover_ws/install/rover_perception_msgs/include/rover_perception_msgs/rover_perception_msgs/msg\n'}
[5.357942] (rover_perception_msgs) StdoutLine: {'line': b'-- Up-to-date: /workspaces/IRS_Rover_ROS2_Workspace/rover_ws/install/rover_perception_msgs/include/rover_perception_msgs/rover_perception_msgs/msg/terrain_grid.hpp\n'}
[5.371480] (rover_perception_msgs) StdoutLine: {'line': b'-- Up-to-date: /workspaces/IRS_Rover_ROS2_Workspace/rover_ws/install/rover_perception_msgs/include/rover_perception_msgs/rover_perception_msgs/msg/led_detection_array.hpp\n'}
[5.379043] (rover_perception_msgs) StdoutLine: {'line': b'-- Up-to-date: /workspaces/IRS_Rover_ROS2_Workspace/rover_ws/install/rover_perception_msgs/include/rover_perception_msgs/rover_perception_msgs/msg/led_detection.hpp\n'}
[5.382456] (rover_perception_msgs) StdoutLine: {'line': b'-- Up-to-date: /workspaces/IRS_Rover_ROS2_Workspace/rover_ws/install/rover_perception_msgs/include/rover_perception_msgs/rover_perception_msgs/msg/detail\n'}
[5.384270] (rover_perception_msgs) StdoutLine: {'line': b'-- Up-to-date: /workspaces/IRS_Rover_ROS2_Workspace/rover_ws/install/rover_perception_msgs/include/rover_perception_msgs/rover_perception_msgs/msg/detail/led_detection_array__traits.hpp\n'}
[5.388807] (rover_perception_msgs) StdoutLine: {'line': b'-- Up-to-date: /workspaces/IRS_Rover_ROS2_Workspace/rover_ws/install/rover_perception_msgs/include/rover_perception_msgs/rover_perception_msgs/msg/detail/terrain_grid__type_support.hpp\n'}
[5.393926] (rover_perception_msgs) StdoutLine: {'line': b'-- Up-to-date: /workspaces/IRS_Rover_ROS2_Workspace/rover_ws/install/rover_perception_msgs/include/rover_perception_msgs/rover_perception_msgs/msg/detail/led_detection__struct.hpp\n'}
[5.396609] (rover_perception_msgs) StdoutLine: {'line': b'-- Up-to-date: /workspaces/IRS_Rover_ROS2_Workspace/rover_ws/install/rover_perception_msgs/include/rover_perception_msgs/rover_perception_msgs/msg/detail/terrain_grid__builder.hpp\n'}
[5.402193] (rover_perception_msgs) StdoutLine: {'line': b'-- Up-to-date: /workspaces/IRS_Rover_ROS2_Workspace/rover_ws/install/rover_perception_msgs/include/rover_perception_msgs/rover_perception_msgs/msg/detail/led_detection_array__type_support.hpp\n'}
[5.403961] (rover_perception_msgs) StdoutLine: {'line': b'-- Up-to-date: /workspaces/IRS_Rover_ROS2_Workspace/rover_ws/install/rover_perception_msgs/include/rover_perception_msgs/rover_perception_msgs/msg/detail/terrain_grid__traits.hpp\n'}
[5.407307] (rover_perception_msgs) StdoutLine: {'line': b'-- Up-to-date: /workspaces/IRS_Rover_ROS2_Workspace/rover_ws/install/rover_perception_msgs/include/rover_perception_msgs/rover_perception_msgs/msg/detail/led_detection__builder.hpp\n'}
[5.413231] (rover_perception_msgs) StdoutLine: {'line': b'-- Up-to-date: /workspaces/IRS_Rover_ROS2_Workspace/rover_ws/install/rover_perception_msgs/include/rover_perception_msgs/rover_perception_msgs/msg/detail/led_detection_array__struct.hpp\n'}
[5.415087] (rover_perception_msgs) StdoutLine: {'line': b'-- Up-to-date: /workspaces/IRS_Rover_ROS2_Workspace/rover_ws/install/rover_perception_msgs/include/rover_perception_msgs/rover_perception_msgs/msg/detail/led_detection_array__builder.hpp\n'}
[5.417049] (rover_perception_msgs) StdoutLine: {'line': b'-- Up-to-date: /workspaces/IRS_Rover_ROS2_Workspace/rover_ws/install/rover_perception_msgs/include/rover_perception_msgs/rover_perception_msgs/msg/detail/led_detection__traits.hpp\n'}
[5.419264] (rover_perception_msgs) StdoutLine: {'line': b'-- Up-to-date: /workspaces/IRS_Rover_ROS2_Workspace/rover_ws/install/rover_perception_msgs/include/rover_perception_msgs/rover_perception_msgs/msg/detail/terrain_grid__struct.hpp\n'}
[5.420719] (rover_perception_msgs) StdoutLine: {'line': b'-- Up-to-date: /workspaces/IRS_Rover_ROS2_Workspace/rover_ws/install/rover_perception_msgs/include/rover_perception_msgs/rover_perception_msgs/msg/detail/led_detection__type_support.hpp\n'}
[5.422191] (rover_perception_msgs) StdoutLine: {'line': b'-- Up-to-date: /workspaces/IRS_Rover_ROS2_Workspace/rover_ws/install/rover_perception_msgs/include/rover_perception_msgs/rover_perception_msgs/msg/rosidl_generator_cpp__visibility_control.hpp\n'}
[5.425258] (rover_perception_msgs) StdoutLine: {'line': b'-- Up-to-date: /workspaces/IRS_Rover_ROS2_Workspace/rover_ws/install/rover_perception_msgs/include/rover_perception_msgs/rover_perception_msgs\n'}
[5.427748] (rover_perception_msgs) StdoutLine: {'line': b'-- Up-to-date: /workspaces/IRS_Rover_ROS2_Workspace/rover_ws/install/rover_perception_msgs/include/rover_perception_msgs/rover_perception_msgs/msg\n'}
[5.430124] (rover_perception_msgs) StdoutLine: {'line': b'-- Up-to-date: /workspaces/IRS_Rover_ROS2_Workspace/rover_ws/install/rover_perception_msgs/include/rover_perception_msgs/rover_perception_msgs/msg/rosidl_typesupport_fastrtps_cpp__visibility_control.h\n'}
[5.431716] (rover_perception_msgs) StdoutLine: {'line': b'-- Up-to-date: /workspaces/IRS_Rover_ROS2_Workspace/rover_ws/install/rover_perception_msgs/include/rover_perception_msgs/rover_perception_msgs/msg/detail\n'}
[5.436404] (rover_perception_msgs) StdoutLine: {'line': b'-- Up-to-date: /workspaces/IRS_Rover_ROS2_Workspace/rover_ws/install/rover_perception_msgs/include/rover_perception_msgs/rover_perception_msgs/msg/detail/terrain_grid__rosidl_typesupport_fastrtps_cpp.hpp\n'}
[5.438765] (rover_perception_msgs) StdoutLine: {'line': b'-- Up-to-date: /workspaces/IRS_Rover_ROS2_Workspace/rover_ws/install/rover_perception_msgs/include/rover_perception_msgs/rover_perception_msgs/msg/detail/led_detection_array__rosidl_typesupport_fastrtps_cpp.hpp\n'}
[5.444278] (-) TimerEvent: {}
[5.444853] (rover_perception_msgs) StdoutLine: {'line': b'-- Up-to-date: /workspaces/IRS_Rover_ROS2_Workspace/rover_ws/install/rover_perception_msgs/include/rover_perception_msgs/rover_perception_msgs/msg/detail/dds_fastrtps\n'}
[5.446309] (rover_perception_msgs) StdoutLine: {'line': b'-- Up-to-date: /workspaces/IRS_Rover_ROS2_Workspace/rover_ws/install/rover_perception_msgs/include/rover_perception_msgs/rover_perception_msgs/msg/detail/led_detection__rosidl_typesupport_fastrtps_cpp.hpp\n'}
[5.449565] (rover_perception_msgs) StdoutLine: {'line': b'-- Up-to-date: /workspaces/IRS_Rover_ROS2_Workspace/rover_ws/install/rover_perception_msgs/lib/librover_perception_msgs__rosidl_typesupport_fastrtps_cpp.so\n'}
[5.451823] (rover_perception_msgs) StdoutLine: {'line': b'-- Up-to-date: /workspaces/IRS_Rover_ROS2_Workspace/rover_ws/install/rover_perception_msgs/include/rover_perception_msgs/rover_perception_msgs\n'}
[5.455908] (rover_perception_msgs) StdoutLine: {'line': b'-- Up-to-date: /workspaces/IRS_Rover_ROS2_Workspace/rover_ws/install/rover_perception_msgs/include/rover_perception_msgs/rover_perception_msgs/msg\n'}
[5.463055] (rover_perception_msgs) StdoutLine: {'line': b'-- Up-to-date: /workspaces/IRS_Rover_ROS2_Workspace/rover_ws/install/rover_perception_msgs/include/rover_perception_msgs/rover_perception_msgs/msg/detail\n'}
[5.466498] (rover_perception_msgs) StdoutLine: {'line': b'-- Up-to-date: /workspaces/IRS_Rover_ROS2_Workspace/rover_ws/install/rover_perception_msgs/include/rover_perception_msgs/rover_perception_msgs/msg/detail/led_detection_array__rosidl_typesupport_introspection_cpp.hpp\n'}
[5.467798] (rover_perception_msgs) StdoutLine: {'line': b'-- Up-to-date: /workspaces/IRS_Rover_ROS2_Workspace/rover_ws/install/rover_perception_msgs/include/rover_perception_msgs/rover_perception_msgs/msg/detail/led_detection__type_support.cpp\n'}
[5.479338] (rover_perception_msgs) StdoutLine: {'line': b'-- Up-to-date: /workspaces/IRS_Rover_ROS2_Workspace/rover_ws/install/rover_perception_msgs/include/rover_perception_msgs/rover_perception_msgs/msg/detail/led_detection__rosidl_typesupport_introspection_cpp.hpp\n'}
[5.482723] (rover_perception_msgs) StdoutLine: {'line': b'-- Up-to-date: /workspaces/IRS_Rover_ROS2_Workspace/rover_ws/install/rover_perception_msgs/include/rover_perception_msgs/rover_perception_msgs/msg/detail/led_detection_array__type_support.cpp\n'}
[5.483983] (rover_perception_msgs) StdoutLine: {'line': b'-- Up-to-date: /workspaces/IRS_Rover_ROS2_Workspace/rover_ws/install/rover_perception_msgs/include/rover_perception_msgs/rover_perception_msgs/msg/detail/terrain_grid__type_support.cpp\n'}
[5.487657] (rover_perception_msgs) StdoutLine: {'line': b'-- Up-to-date: /workspaces/IRS_Rover_ROS2_Workspace/rover_ws/install/rover_perception_msgs/include/rover_perception_msgs/rover_perception_msgs/msg/detail/terrain_grid__rosidl_typesupport_introspection_cpp.hpp\n'}
[5.493023] (rover_perception_msgs) StdoutLine: {'line': b'-- Up-to-date: /workspaces/IRS_Rover_ROS2_Workspace/rover_ws/install/rover_perception_msgs/lib/librover_perception_msgs__rosidl_typesupport_introspection_cpp.so\n'}
[5.494588] (rover_perception_msgs) StdoutLine: {'line': b'-- Up-to-date: /workspaces/IRS_Rover_ROS2_Workspace/rover_ws/install/rover_perception_msgs/lib/librover_perception_msgs__rosidl_typesupport_cpp.so\n'}
[5.497493] (rover_perception_msgs) StdoutLine: {'line': b'-- Up-to-date: /workspaces/IRS_Rover_ROS2_Workspace/rover_ws/install/rover_perception_msgs/share/rover_perception_msgs/environment/pythonpath.sh\n'}
[5.500043] (rover_perception_msgs) StdoutLine: {'line': b'-- Up-to-date: /workspaces/IRS_Rover_ROS2_Workspace/rover_ws/install/rover_perception_msgs/share/rover_perception_msgs/environment/pythonpath.dsv\n'}
[5.502925] (rover_perception_msgs) StdoutLine: {'line': b'-- Up-to-date: /workspaces/IRS_Rover_ROS2_Workspace/rover_ws/install/rover_perception_msgs/local/lib/python3.10/dist-packages/rover_perception_msgs-0.0.0-py3.10.egg-info\n'}
[5.508959] (rover_perception_msgs) StdoutLine: {'line': b'-- Installing: /workspaces/IRS_Rover_ROS2_Workspace/rover_ws/install/rover_perception_msgs/local/lib/python3.10/dist-packages/rover_perception_msgs-0.0.0-py3.10.egg-info/PKG-INFO\n'}
[5.511865] (rover_perception_msgs) StdoutLine: {'line': b'-- Installing: /workspaces/IRS_Rover_ROS2_Workspace/rover_ws/install/rover_perception_msgs/local/lib/python3.10/dist-packages/rover_perception_msgs-0.0.0-py3.10.egg-info/SOURCES.txt\n'}
[5.522038] (rover_perception_msgs) StdoutLine: {'line': b'-- Installing: /workspaces/IRS_Rover_ROS2_Workspace/rover_ws/install/rover_perception_msgs/local/lib/python3.10/dist-packages/rover_perception_msgs-0.0.0-py3.10.egg-info/top_level.txt\n'}
[5.539773] (rover_perception_msgs) StdoutLine: {'line': b'-- Installing: /workspaces/IRS_Rover_ROS2_Workspace/rover_ws/install/rover_perception_msgs/local/lib/python3.10/dist-packages/rover_perception_msgs-0.0.0-py3.10.egg-info/dependency_links.txt\n'}
[5.553457] (-) TimerEvent: {}
[5.559310] (rover_perception_msgs) StdoutLine: {'line': b'-- Up-to-date: /workspaces/IRS_Rover_ROS2_Workspace/rover_ws/install/rover_perception_msgs/local/lib/python3.10/dist-packages/rover_perception_msgs\n'}
[5.566485] (rover_perception_msgs) StdoutLine: {'line': b'-- Up-to-date: /workspaces/IRS_Rover_ROS2_Workspace/rover_ws/install/rover_perception_msgs/local/lib/python3.10/dist-packages/rover_perception_msgs/_rover_perception_msgs_s.ep.rosidl_typesupport_introspection_c.c\n'}
[5.572332] (rover_perception_msgs) StdoutLine: {'line': b'-- Up-to-date: /workspaces/IRS_Rover_ROS2_Workspace/rover_ws/install/rover_perception_msgs/local/lib/python3.10/dist-packages/rover_perception_msgs/msg\n'}
[5.579238] (rover_perception_msgs) StdoutLine: {'line': b'-- Up-to-date: /workspaces/IRS_Rover_ROS2_Workspace/rover_ws/install/rover_perception_msgs/local/lib/python3.10/dist-packages/rover_perception_msgs/msg/_led_detection_array.py\n'}
[5.580690] (rover_perception_msgs) StdoutLine: {'line': b'-- Up-to-date: /workspaces/IRS_Rover_ROS2_Workspace/rover_ws/install/rover_perception_msgs/local/lib/python3.10/dist-packages/rover_perception_msgs/msg/__init__.py\n'}
[5.581967] (rover_perception_msgs) StdoutLine: {'line': b'-- Up-to-date: /workspaces/IRS_Rover_ROS2_Workspace/rover_ws/install/rover_perception_msgs/local/lib/python3.10/dist-packages/rover_perception_msgs/msg/_led_detection_array_s.c\n'}
[5.584645] (rover_perception_msgs) StdoutLine: {'line': b'-- Up-to-date: /workspaces/IRS_Rover_ROS2_Workspace/rover_ws/install/rover_perception_msgs/local/lib/python3.10/dist-packages/rover_perception_msgs/msg/_led_detection_s.c\n'}
[5.587747] (rover_perception_msgs) StdoutLine: {'line': b'-- Up-to-date: /workspaces/IRS_Rover_ROS2_Workspace/rover_ws/install/rover_perception_msgs/local/lib/python3.10/dist-packages/rover_perception_msgs/msg/_terrain_grid.py\n'}
[5.589366] (rover_perception_msgs) StdoutLine: {'line': b'-- Up-to-date: /workspaces/IRS_Rover_ROS2_Workspace/rover_ws/install/rover_perception_msgs/local/lib/python3.10/dist-packages/rover_perception_msgs/msg/_terrain_grid_s.c\n'}
[5.592839] (rover_perception_msgs) StdoutLine: {'line': b'-- Up-to-date: /workspaces/IRS_Rover_ROS2_Workspace/rover_ws/install/rover_perception_msgs/local/lib/python3.10/dist-packages/rover_perception_msgs/msg/_led_detection.py\n'}
[5.595177] (rover_perception_msgs) StdoutLine: {'line': b'-- Up-to-date: /workspaces/IRS_Rover_ROS2_Workspace/rover_ws/install/rover_perception_msgs/local/lib/python3.10/dist-packages/rover_perception_msgs/rover_perception_msgs_s__rosidl_typesupport_c.cpython-310-x86_64-linux-gnu.so\n'}
[5.597186] (rover_perception_msgs) StdoutLine: {'line': b'-- Up-to-date: /workspaces/IRS_Rover_ROS2_Workspace/rover_ws/install/rover_perception_msgs/local/lib/python3.10/dist-packages/rover_perception_msgs/rover_perception_msgs_s__rosidl_typesupport_fastrtps_c.cpython-310-x86_64-linux-gnu.so\n'}
[5.598622] (rover_perception_msgs) StdoutLine: {'line': b'-- Up-to-date: /workspaces/IRS_Rover_ROS2_Workspace/rover_ws/install/rover_perception_msgs/local/lib/python3.10/dist-packages/rover_perception_msgs/__init__.py\n'}
[5.606185] (rover_perception_msgs) StdoutLine: {'line': b'-- Up-to-date: /workspaces/IRS_Rover_ROS2_Workspace/rover_ws/install/rover_perception_msgs/local/lib/python3.10/dist-packages/rover_perception_msgs/rover_perception_msgs_s__rosidl_typesupport_introspection_c.cpython-310-x86_64-linux-gnu.so\n'}
[5.607451] (rover_perception_msgs) StdoutLine: {'line': b'-- Up-to-date: /workspaces/IRS_Rover_ROS2_Workspace/rover_ws/install/rover_perception_msgs/local/lib/python3.10/dist-packages/rover_perception_msgs/_rover_perception_msgs_s.ep.rosidl_typesupport_fastrtps_c.c\n'}
[5.608769] (rover_perception_msgs) StdoutLine: {'line': b'-- Up-to-date: /workspaces/IRS_Rover_ROS2_Workspace/rover_ws/install/rover_perception_msgs/local/lib/python3.10/dist-packages/rover_perception_msgs/_rover_perception_msgs_s.ep.rosidl_typesupport_c.c\n'}
[5.610312] (rover_perception_msgs) StdoutLine: {'line': b'-- Up-to-date: /workspaces/IRS_Rover_ROS2_Workspace/rover_ws/install/rover_perception_msgs/local/lib/python3.10/dist-packages/rover_perception_msgs/librover_perception_msgs__rosidl_generator_py.so\n'}
[5.654463] (-) TimerEvent: {}
[5.744881] (rover_control_msgs) StdoutLine: {'line': b'[ 92%] Built target rover_control_msgs__rosidl_typesupport_fastrtps_c__pyext\n'}
[5.755665] (-) TimerEvent: {}
[5.767016] (rover_control_msgs) StdoutLine: {'line': b'[100%] Built target rover_control_msgs__rosidl_typesupport_introspection_c__pyext\n'}
[5.771895] (rover_control_msgs) StdoutLine: {'line': b'[100%] Built target rover_control_msgs__rosidl_typesupport_c__pyext\n'}
[5.776646] (rover_perception_msgs) StdoutLine: {'line': b"Listing '/workspaces/IRS_Rover_ROS2_Workspace/rover_ws/install/rover_perception_msgs/local/lib/python3.10/dist-packages/rover_perception_msgs'...\n"}
[5.777880] (rover_perception_msgs) StdoutLine: {'line': b"Listing '/workspaces/IRS_Rover_ROS2_Workspace/rover_ws/install/rover_perception_msgs/local/lib/python3.10/dist-packages/rover_perception_msgs/msg'...\n"}
[5.790814] (rover_perception_msgs) StdoutLine: {'line': b'-- Up-to-date: /workspaces/IRS_Rover_ROS2_Workspace/rover_ws/install/rover_perception_msgs/local/lib/python3.10/dist-packages/rover_perception_msgs/rover_perception_msgs_s__rosidl_typesupport_fastrtps_c.cpython-310-x86_64-linux-gnu.so\n'}
[5.794894] (rover_perception_msgs) StdoutLine: {'line': b'-- Up-to-date: /workspaces/IRS_Rover_ROS2_Workspace/rover_ws/install/rover_perception_msgs/local/lib/python3.10/dist-packages/rover_perception_msgs/rover_perception_msgs_s__rosidl_typesupport_introspection_c.cpython-310-x86_64-linux-gnu.so\n'}
[5.798923] (rover_perception_msgs) StdoutLine: {'line': b'-- Up-to-date: /workspaces/IRS_Rover_ROS2_Workspace/rover_ws/install/rover_perception_msgs/local/lib/python3.10/dist-packages/rover_perception_msgs/rover_perception_msgs_s__rosidl_typesupport_c.cpython-310-x86_64-linux-gnu.so\n'}
[5.803692] (rover_perception_msgs) StdoutLine: {'line': b'-- Up-to-date: /workspaces/IRS_Rover_ROS2_Workspace/rover_ws/install/rover_perception_msgs/lib/librover_perception_msgs__rosidl_generator_py.so\n'}
[5.807612] (rover_perception_msgs) StdoutLine: {'line': b'-- Up-to-date: /workspaces/IRS_Rover_ROS2_Workspace/rover_ws/install/rover_perception_msgs/share/ament_index/resource_index/rust_packages/rover_perception_msgs\n'}
[5.809189] (rover_perception_msgs) StdoutLine: {'line': b'-- Up-to-date: /workspaces/IRS_Rover_ROS2_Workspace/rover_ws/install/rover_perception_msgs/share/rover_perception_msgs/rust\n'}
[5.812457] (rover_perception_msgs) StdoutLine: {'line': b'-- Up-to-date: /workspaces/IRS_Rover_ROS2_Workspace/rover_ws/install/rover_perception_msgs/share/rover_perception_msgs/rust/Cargo.toml\n'}
[5.815953] (rover_perception_msgs) StdoutLine: {'line': b'-- Up-to-date: /workspaces/IRS_Rover_ROS2_Workspace/rover_ws/install/rover_perception_msgs/share/rover_perception_msgs/rust/build.rs\n'}
[5.817450] (rover_perception_msgs) StdoutLine: {'line': b'-- Up-to-date: /workspaces/IRS_Rover_ROS2_Workspace/rover_ws/install/rover_perception_msgs/share/rover_perception_msgs/rust/src\n'}
[5.819248] (rover_perception_msgs) StdoutLine: {'line': b'-- Up-to-date: /workspaces/IRS_Rover_ROS2_Workspace/rover_ws/install/rover_perception_msgs/share/rover_perception_msgs/rust/src/msg\n'}
[5.820333] (rover_perception_msgs) StdoutLine: {'line': b'-- Up-to-date: /workspaces/IRS_Rover_ROS2_Workspace/rover_ws/install/rover_perception_msgs/share/rover_perception_msgs/rust/src/msg/rmw.rs\n'}
[5.823373] (rover_perception_msgs) StdoutLine: {'line': b'-- Up-to-date: /workspaces/IRS_Rover_ROS2_Workspace/rover_ws/install/rover_perception_msgs/share/rover_perception_msgs/rust/src/lib.rs\n'}
[5.824447] (rover_perception_msgs) StdoutLine: {'line': b'-- Up-to-date: /workspaces/IRS_Rover_ROS2_Workspace/rover_ws/install/rover_perception_msgs/share/rover_perception_msgs/rust/src/msg.rs\n'}
[5.825546] (rover_perception_msgs) StdoutLine: {'line': b'-- Up-to-date: /workspaces/IRS_Rover_ROS2_Workspace/rover_ws/install/rover_perception_msgs/share/rover_perception_msgs/msg/TerrainGrid.idl\n'}
[5.827845] (rover_perception_msgs) StdoutLine: {'line': b'-- Up-to-date: /workspaces/IRS_Rover_ROS2_Workspace/rover_ws/install/rover_perception_msgs/share/rover_perception_msgs/msg/LedDetection.idl\n'}
[5.832841] (rover_perception_msgs) StdoutLine: {'line': b'-- Up-to-date: /workspaces/IRS_Rover_ROS2_Workspace/rover_ws/install/rover_perception_msgs/share/rover_perception_msgs/msg/LedDetectionArray.idl\n'}
[5.834324] (rover_perception_msgs) StdoutLine: {'line': b'-- Up-to-date: /workspaces/IRS_Rover_ROS2_Workspace/rover_ws/install/rover_perception_msgs/share/rover_perception_msgs/msg/TerrainGrid.msg\n'}
[5.837264] (rover_perception_msgs) StdoutLine: {'line': b'-- Up-to-date: /workspaces/IRS_Rover_ROS2_Workspace/rover_ws/install/rover_perception_msgs/share/rover_perception_msgs/msg/LedDetection.msg\n'}
[5.838801] (rover_perception_msgs) StdoutLine: {'line': b'-- Up-to-date: /workspaces/IRS_Rover_ROS2_Workspace/rover_ws/install/rover_perception_msgs/share/rover_perception_msgs/msg/LedDetectionArray.msg\n'}
[5.843287] (rover_perception_msgs) StdoutLine: {'line': b'-- Up-to-date: /workspaces/IRS_Rover_ROS2_Workspace/rover_ws/install/rover_perception_msgs/share/ament_index/resource_index/package_run_dependencies/rover_perception_msgs\n'}
[5.844893] (rover_perception_msgs) StdoutLine: {'line': b'-- Up-to-date: /workspaces/IRS_Rover_ROS2_Workspace/rover_ws/install/rover_perception_msgs/share/ament_index/resource_index/parent_prefix_path/rover_perception_msgs\n'}
[5.847461] (rover_perception_msgs) StdoutLine: {'line': b'-- Up-to-date: /workspaces/IRS_Rover_ROS2_Workspace/rover_ws/install/rover_perception_msgs/share/rover_perception_msgs/environment/ament_prefix_path.sh\n'}
[5.852510] (rover_perception_msgs) StdoutLine: {'line': b'-- Up-to-date: /workspaces/IRS_Rover_ROS2_Workspace/rover_ws/install/rover_perception_msgs/share/rover_perception_msgs/environment/ament_prefix_path.dsv\n'}
[5.853989] (rover_perception_msgs) StdoutLine: {'line': b'-- Up-to-date: /workspaces/IRS_Rover_ROS2_Workspace/rover_ws/install/rover_perception_msgs/share/rover_perception_msgs/environment/path.sh\n'}
[5.855530] (rover_perception_msgs) StdoutLine: {'line': b'-- Up-to-date: /workspaces/IRS_Rover_ROS2_Workspace/rover_ws/install/rover_perception_msgs/share/rover_perception_msgs/environment/path.dsv\n'}
[5.857282] (-) TimerEvent: {}
[5.857912] (rover_perception_msgs) StdoutLine: {'line': b'-- Up-to-date: /workspaces/IRS_Rover_ROS2_Workspace/rover_ws/install/rover_perception_msgs/share/rover_perception_msgs/local_setup.bash\n'}
[5.861965] (rover_perception_msgs) StdoutLine: {'line': b'-- Up-to-date: /workspaces/IRS_Rover_ROS2_Workspace/rover_ws/install/rover_perception_msgs/share/rover_perception_msgs/local_setup.sh\n'}
[5.864993] (rover_perception_msgs) StdoutLine: {'line': b'-- Up-to-date: /workspaces/IRS_Rover_ROS2_Workspace/rover_ws/install/rover_perception_msgs/share/rover_perception_msgs/local_setup.zsh\n'}
[5.867370] (rover_perception_msgs) StdoutLine: {'line': b'-- Up-to-date: /workspaces/IRS_Rover_ROS2_Workspace/rover_ws/install/rover_perception_msgs/share/rover_perception_msgs/local_setup.dsv\n'}
[5.870004] (rover_perception_msgs) StdoutLine: {'line': b'-- Installing: /workspaces/IRS_Rover_ROS2_Workspace/rover_ws/install/rover_perception_msgs/share/rover_perception_msgs/package.dsv\n'}
[5.872705] (rover_perception_msgs) StdoutLine: {'line': b'-- Up-to-date: /workspaces/IRS_Rover_ROS2_Workspace/rover_ws/install/rover_perception_msgs/share/ament_index/resource_index/packages/rover_perception_msgs\n'}
[5.875422] (rover_perception_msgs) StdoutLine: {'line': b'-- Up-to-date: /workspaces/IRS_Rover_ROS2_Workspace/rover_ws/install/rover_perception_msgs/share/rover_perception_msgs/cmake/export_rover_perception_msgs__rosidl_generator_cExport.cmake\n'}
[5.877175] (rover_perception_msgs) StdoutLine: {'line': b'-- Up-to-date: /workspaces/IRS_Rover_ROS2_Workspace/rover_ws/install/rover_perception_msgs/share/rover_perception_msgs/cmake/export_rover_perception_msgs__rosidl_generator_cExport-noconfig.cmake\n'}
[5.878993] (rover_perception_msgs) StdoutLine: {'line': b'-- Up-to-date: /workspaces/IRS_Rover_ROS2_Workspace/rover_ws/install/rover_perception_msgs/share/rover_perception_msgs/cmake/export_rover_perception_msgs__rosidl_typesupport_fastrtps_cExport.cmake\n'}
[5.883650] (rover_perception_msgs) StdoutLine: {'line': b'-- Up-to-date: /workspaces/IRS_Rover_ROS2_Workspace/rover_ws/install/rover_perception_msgs/share/rover_perception_msgs/cmake/export_rover_perception_msgs__rosidl_typesupport_fastrtps_cExport-noconfig.cmake\n'}
[5.887513] (rover_perception_msgs) StdoutLine: {'line': b'-- Up-to-date: /workspaces/IRS_Rover_ROS2_Workspace/rover_ws/install/rover_perception_msgs/share/rover_perception_msgs/cmake/rover_perception_msgs__rosidl_typesupport_introspection_cExport.cmake\n'}
[5.889473] (rover_perception_msgs) StdoutLine: {'line': b'-- Up-to-date: /workspaces/IRS_Rover_ROS2_Workspace/rover_ws/install/rover_perception_msgs/share/rover_perception_msgs/cmake/rover_perception_msgs__rosidl_typesupport_introspection_cExport-noconfig.cmake\n'}
[5.891660] (rover_control_msgs) CommandEnded: {'returncode': 0}
[5.899844] (rover_perception_msgs) StdoutLine: {'line': b'-- Up-to-date: /workspaces/IRS_Rover_ROS2_Workspace/rover_ws/install/rover_perception_msgs/share/rover_perception_msgs/cmake/rover_perception_msgs__rosidl_typesupport_cExport.cmake\n'}
[5.902159] (rover_perception_msgs) StdoutLine: {'line': b'-- Up-to-date: /workspaces/IRS_Rover_ROS2_Workspace/rover_ws/install/rover_perception_msgs/share/rover_perception_msgs/cmake/rover_perception_msgs__rosidl_typesupport_cExport-noconfig.cmake\n'}
[5.904288] (rover_control_msgs) JobProgress: {'identifier': 'rover_control_msgs', 'progress': 'install'}
[5.905579] (rover_perception_msgs) StdoutLine: {'line': b'-- Up-to-date: /workspaces/IRS_Rover_ROS2_Workspace/rover_ws/install/rover_perception_msgs/share/rover_perception_msgs/cmake/export_rover_perception_msgs__rosidl_generator_cppExport.cmake\n'}
[5.906956] (rover_control_msgs) Command: {'cmd': ['/usr/bin/cmake', '--install', '/workspaces/IRS_Rover_ROS2_Workspace/rover_ws/build/rover_control_msgs'], 'cwd': '/workspaces/IRS_Rover_ROS2_Workspace/rover_ws/build/rover_control_msgs', 'env': OrderedDict([('PYTHON_BASIC_REPL', '1'), ('HOSTNAME', '06335fee11bd'), ('GIT_ASKPASS', '/vscode/vscode-server/bin/linux-x64/8a7abeba6e03ea3af87bfbce9a1b7e48fed567b8/extensions/git/dist/askpass.sh'), ('SHLVL', '2'), ('LD_LIBRARY_PATH', '/workspaces/IRS_Rover_ROS2_Workspace/install/rover_perception_msgs/lib:/workspaces/IRS_Rover_ROS2_Workspace/install/rover_control_msgs/lib:/opt/ros/humble/opt/rviz_ogre_vendor/lib:/opt/ros/humble/lib/x86_64-linux-gnu:/opt/ros/humble/lib'), ('BROWSER', '/vscode/vscode-server/bin/linux-x64/8a7abeba6e03ea3af87bfbce9a1b7e48fed567b8/bin/helpers/browser.sh'), ('HOME', '/root'), ('OLDPWD', '/workspaces/IRS_Rover_ROS2_Workspace/rover_ws/src'), ('TERM_PROGRAM_VERSION', '1.129.1'), ('VSCODE_IPC_HOOK_CLI', '/tmp/vscode-ipc-daf8f1b7-4987-4bf5-821a-71531a0ddf8f.sock'), ('ROS_PYTHON_VERSION', '3'), ('VSCODE_GIT_ASKPASS_MAIN', '/vscode/vscode-server/bin/linux-x64/8a7abeba6e03ea3af87bfbce9a1b7e48fed567b8/extensions/git/dist/askpass-main.js'), ('VSCODE_GIT_ASKPASS_NODE', '/vscode/vscode-server/bin/linux-x64/8a7abeba6e03ea3af87bfbce9a1b7e48fed567b8/node'), ('PYDEVD_DISABLE_FILE_VALIDATION', '1'), ('BUNDLED_DEBUGPY_PATH', '/root/.vscode-server/extensions/ms-python.debugpy-2026.6.0-linux-x64/bundled/libs/debugpy'), ('VSCODE_PYTHON_AUTOACTIVATE_GUARD', '1'), ('COLORTERM', 'truecolor'), ('REMOTE_CONTAINERS', 'true'), ('COLCON_PREFIX_PATH', '/workspaces/IRS_Rover_ROS2_Workspace/install'), ('ROS_DISTRO', 'humble'), ('REMOTE_CONTAINERS_IPC', '/tmp/vscode-remote-containers-ipc-7dbc6586-1c9e-40b8-aea9-2e78412744cd.sock'), ('_', '/usr/bin/colcon'), ('ROS_VERSION', '2'), ('TERM', 'xterm-256color'), ('ROS_LOCALHOST_ONLY', '0'), ('PATH', '/root/.vscode-server/data/User/globalStorage/github.copilot-chat/debugCommand:/root/.vscode-server/data/User/globalStorage/github.copilot-chat/copilotCli:/vscode/vscode-server/bin/linux-x64/8a7abeba6e03ea3af87bfbce9a1b7e48fed567b8/bin/remote-cli:/opt/ros/humble/bin:/usr/local/sbin:/usr/local/bin:/usr/sbin:/usr/bin:/sbin:/bin:/root/.vscode-server/extensions/ms-python.debugpy-2026.6.0-linux-x64/bundled/scripts/noConfigScripts'), ('REMOTE_CONTAINERS_SOCKETS', '["/tmp/vscode-ssh-auth-7dbc6586-1c9e-40b8-aea9-2e78412744cd.sock"]'), ('VSCODE_DEBUGPY_ADAPTER_ENDPOINTS', '/root/.vscode-server/extensions/ms-python.debugpy-2026.6.0-linux-x64/.noConfigDebugAdapterEndpoints/endpoint-976d438db84070d5.txt'), ('LANG', 'C.UTF-8'), ('PYTHONSTARTUP', '/root/.vscode-server/data/User/workspaceStorage/5e37fdcefc6880e31fa1ec46b67abd32/ms-python.python/pythonrc.py'), ('LS_COLORS', 'rs=0:di=01;34:ln=01;36:mh=00:pi=40;33:so=01;35:do=01;35:bd=40;33;01:cd=40;33;01:or=40;31;01:mi=00:su=37;41:sg=30;43:ca=30;41:tw=30;42:ow=34;42:st=37;44:ex=01;32:*.tar=01;31:*.tgz=01;31:*.arc=01;31:*.arj=01;31:*.taz=01;31:*.lha=01;31:*.lz4=01;31:*.lzh=01;31:*.lzma=01;31:*.tlz=01;31:*.txz=01;31:*.tzo=01;31:*.t7z=01;31:*.zip=01;31:*.z=01;31:*.dz=01;31:*.gz=01;31:*.lrz=01;31:*.lz=01;31:*.lzo=01;31:*.xz=01;31:*.zst=01;31:*.tzst=01;31:*.bz2=01;31:*.bz=01;31:*.tbz=01;31:*.tbz2=01;31:*.tz=01;31:*.deb=01;31:*.rpm=01;31:*.jar=01;31:*.war=01;31:*.ear=01;31:*.sar=01;31:*.rar=01;31:*.alz=01;31:*.ace=01;31:*.zoo=01;31:*.cpio=01;31:*.7z=01;31:*.rz=01;31:*.cab=01;31:*.wim=01;31:*.swm=01;31:*.dwm=01;31:*.esd=01;31:*.jpg=01;35:*.jpeg=01;35:*.mjpg=01;35:*.mjpeg=01;35:*.gif=01;35:*.bmp=01;35:*.pbm=01;35:*.pgm=01;35:*.ppm=01;35:*.tga=01;35:*.xbm=01;35:*.xpm=01;35:*.tif=01;35:*.tiff=01;35:*.png=01;35:*.svg=01;35:*.svgz=01;35:*.mng=01;35:*.pcx=01;35:*.mov=01;35:*.mpg=01;35:*.mpeg=01;35:*.m2v=01;35:*.mkv=01;35:*.webm=01;35:*.webp=01;35:*.ogm=01;35:*.mp4=01;35:*.m4v=01;35:*.mp4v=01;35:*.vob=01;35:*.qt=01;35:*.nuv=01;35:*.wmv=01;35:*.asf=01;35:*.rm=01;35:*.rmvb=01;35:*.flc=01;35:*.avi=01;35:*.fli=01;35:*.flv=01;35:*.gl=01;35:*.dl=01;35:*.xcf=01;35:*.xwd=01;35:*.yuv=01;35:*.cgm=01;35:*.emf=01;35:*.ogv=01;35:*.ogx=01;35:*.aac=00;36:*.au=00;36:*.flac=00;36:*.m4a=00;36:*.mid=00;36:*.midi=00;36:*.mka=00;36:*.mp3=00;36:*.mpc=00;36:*.ogg=00;36:*.ra=00;36:*.wav=00;36:*.oga=00;36:*.opus=00;36:*.spx=00;36:*.xspf=00;36:'), ('VSCODE_GIT_IPC_HANDLE', '/tmp/vscode-git-1d369721e2.sock'), ('TERM_PROGRAM', 'vscode'), ('SSH_AUTH_SOCK', '/tmp/vscode-ssh-auth-7dbc6586-1c9e-40b8-aea9-2e78412744cd.sock'), ('AMENT_PREFIX_PATH', '/workspaces/IRS_Rover_ROS2_Workspace/install/rover_perception:/workspaces/IRS_Rover_ROS2_Workspace/install/rover_perception_msgs:/workspaces/IRS_Rover_ROS2_Workspace/install/rover_lidar:/workspaces/IRS_Rover_ROS2_Workspace/install/rover_control_msgs:/workspaces/IRS_Rover_ROS2_Workspace/install/rover_control:/opt/ros/humble'), ('SHELL', '/bin/bash'), ('VSCODE_GIT_ASKPASS_EXTRA_ARGS', ''), ('PWD', '/workspaces/IRS_Rover_ROS2_Workspace/rover_ws/build/rover_control_msgs'), ('LC_ALL', 'C.UTF-8'), ('COPILOT_DEBUG_NONCE', '1cdb0b5f05ffc1490ce1ece06c83ace2'), ('PYTHONPATH', '/workspaces/IRS_Rover_ROS2_Workspace/install/rover_perception/lib/python3.10/site-packages:/workspaces/IRS_Rover_ROS2_Workspace/install/rover_perception_msgs/local/lib/python3.10/dist-packages:/workspaces/IRS_Rover_ROS2_Workspace/install/rover_lidar/lib/python3.10/site-packages:/workspaces/IRS_Rover_ROS2_Workspace/install/rover_control_msgs/local/lib/python3.10/dist-packages:/workspaces/IRS_Rover_ROS2_Workspace/install/rover_control/lib/python3.10/site-packages:/opt/ros/humble/lib/python3.10/site-packages:/opt/ros/humble/local/lib/python3.10/dist-packages'), ('COLCON', '1'), ('CMAKE_PREFIX_PATH', '/workspaces/IRS_Rover_ROS2_Workspace/install/rover_perception_msgs:/workspaces/IRS_Rover_ROS2_Workspace/install/rover_control_msgs:/workspaces/IRS_Rover_ROS2_Workspace/install/rover_perception:/workspaces/IRS_Rover_ROS2_Workspace/install/rover_lidar:/workspaces/IRS_Rover_ROS2_Workspace/install/rover_control:/opt/ros/humble')]), 'shell': False}
[5.910873] (rover_perception_msgs) StdoutLine: {'line': b'-- Up-to-date: /workspaces/IRS_Rover_ROS2_Workspace/rover_ws/install/rover_perception_msgs/share/rover_perception_msgs/cmake/export_rover_perception_msgs__rosidl_typesupport_fastrtps_cppExport.cmake\n'}
[5.912327] (rover_perception_msgs) StdoutLine: {'line': b'-- Up-to-date: /workspaces/IRS_Rover_ROS2_Workspace/rover_ws/install/rover_perception_msgs/share/rover_perception_msgs/cmake/export_rover_perception_msgs__rosidl_typesupport_fastrtps_cppExport-noconfig.cmake\n'}
[5.913709] (rover_perception_msgs) StdoutLine: {'line': b'-- Up-to-date: /workspaces/IRS_Rover_ROS2_Workspace/rover_ws/install/rover_perception_msgs/share/rover_perception_msgs/cmake/rover_perception_msgs__rosidl_typesupport_introspection_cppExport.cmake\n'}
[5.915822] (rover_perception_msgs) StdoutLine: {'line': b'-- Up-to-date: /workspaces/IRS_Rover_ROS2_Workspace/rover_ws/install/rover_perception_msgs/share/rover_perception_msgs/cmake/rover_perception_msgs__rosidl_typesupport_introspection_cppExport-noconfig.cmake\n'}
[5.918755] (rover_perception_msgs) StdoutLine: {'line': b'-- Up-to-date: /workspaces/IRS_Rover_ROS2_Workspace/rover_ws/install/rover_perception_msgs/share/rover_perception_msgs/cmake/rover_perception_msgs__rosidl_typesupport_cppExport.cmake\n'}
[5.920670] (rover_perception_msgs) StdoutLine: {'line': b'-- Up-to-date: /workspaces/IRS_Rover_ROS2_Workspace/rover_ws/install/rover_perception_msgs/share/rover_perception_msgs/cmake/rover_perception_msgs__rosidl_typesupport_cppExport-noconfig.cmake\n'}
[5.923482] (rover_perception_msgs) StdoutLine: {'line': b'-- Up-to-date: /workspaces/IRS_Rover_ROS2_Workspace/rover_ws/install/rover_perception_msgs/share/rover_perception_msgs/cmake/export_rover_perception_msgs__rosidl_generator_pyExport.cmake\n'}
[5.926415] (rover_perception_msgs) StdoutLine: {'line': b'-- Up-to-date: /workspaces/IRS_Rover_ROS2_Workspace/rover_ws/install/rover_perception_msgs/share/rover_perception_msgs/cmake/export_rover_perception_msgs__rosidl_generator_pyExport-noconfig.cmake\n'}
[5.928407] (rover_perception_msgs) StdoutLine: {'line': b'-- Up-to-date: /workspaces/IRS_Rover_ROS2_Workspace/rover_ws/install/rover_perception_msgs/share/rover_perception_msgs/cmake/rosidl_cmake-extras.cmake\n'}
[5.930412] (rover_perception_msgs) StdoutLine: {'line': b'-- Up-to-date: /workspaces/IRS_Rover_ROS2_Workspace/rover_ws/install/rover_perception_msgs/share/rover_perception_msgs/cmake/ament_cmake_export_dependencies-extras.cmake\n'}
[5.937682] (rover_perception_msgs) StdoutLine: {'line': b'-- Up-to-date: /workspaces/IRS_Rover_ROS2_Workspace/rover_ws/install/rover_perception_msgs/share/rover_perception_msgs/cmake/ament_cmake_export_include_directories-extras.cmake\n'}
[5.939035] (rover_perception_msgs) StdoutLine: {'line': b'-- Up-to-date: /workspaces/IRS_Rover_ROS2_Workspace/rover_ws/install/rover_perception_msgs/share/rover_perception_msgs/cmake/ament_cmake_export_libraries-extras.cmake\n'}
[5.940590] (rover_perception_msgs) StdoutLine: {'line': b'-- Up-to-date: /workspaces/IRS_Rover_ROS2_Workspace/rover_ws/install/rover_perception_msgs/share/rover_perception_msgs/cmake/ament_cmake_export_targets-extras.cmake\n'}
[5.942661] (rover_perception_msgs) StdoutLine: {'line': b'-- Up-to-date: /workspaces/IRS_Rover_ROS2_Workspace/rover_ws/install/rover_perception_msgs/share/rover_perception_msgs/cmake/rosidl_cmake_export_typesupport_targets-extras.cmake\n'}
[5.947424] (rover_perception_msgs) StdoutLine: {'line': b'-- Up-to-date: /workspaces/IRS_Rover_ROS2_Workspace/rover_ws/install/rover_perception_msgs/share/rover_perception_msgs/cmake/rosidl_cmake_export_typesupport_libraries-extras.cmake\n'}
[5.949945] (rover_perception_msgs) StdoutLine: {'line': b'-- Up-to-date: /workspaces/IRS_Rover_ROS2_Workspace/rover_ws/install/rover_perception_msgs/share/rover_perception_msgs/cmake/rover_perception_msgsConfig.cmake\n'}
[5.951425] (rover_perception_msgs) StdoutLine: {'line': b'-- Up-to-date: /workspaces/IRS_Rover_ROS2_Workspace/rover_ws/install/rover_perception_msgs/share/rover_perception_msgs/cmake/rover_perception_msgsConfig-version.cmake\n'}
[5.954560] (rover_perception_msgs) StdoutLine: {'line': b'-- Up-to-date: /workspaces/IRS_Rover_ROS2_Workspace/rover_ws/install/rover_perception_msgs/share/rover_perception_msgs/package.xml\n'}
[5.956235] (rover_perception_msgs) CommandEnded: {'returncode': 0}
[5.961873] (-) TimerEvent: {}
[5.964632] (rover_control_msgs) StdoutLine: {'line': b'-- Install configuration: ""\n'}
[5.967098] (rover_control_msgs) StdoutLine: {'line': b'-- Up-to-date: /workspaces/IRS_Rover_ROS2_Workspace/rover_ws/install/rover_control_msgs/share/ament_index/resource_index/rosidl_interfaces/rover_control_msgs\n'}
[5.969018] (rover_control_msgs) StdoutLine: {'line': b'-- Up-to-date: /workspaces/IRS_Rover_ROS2_Workspace/rover_ws/install/rover_control_msgs/include/rover_control_msgs/rover_control_msgs\n'}
[5.970748] (rover_control_msgs) StdoutLine: {'line': b'-- Up-to-date: /workspaces/IRS_Rover_ROS2_Workspace/rover_ws/install/rover_control_msgs/include/rover_control_msgs/rover_control_msgs/msg\n'}
[5.972853] (rover_control_msgs) StdoutLine: {'line': b'-- Up-to-date: /workspaces/IRS_Rover_ROS2_Workspace/rover_ws/install/rover_control_msgs/include/rover_control_msgs/rover_control_msgs/msg/rosidl_generator_c__visibility_control.h\n'}
[5.974674] (rover_control_msgs) StdoutLine: {'line': b'-- Up-to-date: /workspaces/IRS_Rover_ROS2_Workspace/rover_ws/install/rover_control_msgs/include/rover_control_msgs/rover_control_msgs/msg/set_operational_mode.h\n'}
[5.977276] (rover_control_msgs) StdoutLine: {'line': b'-- Up-to-date: /workspaces/IRS_Rover_ROS2_Workspace/rover_ws/install/rover_control_msgs/include/rover_control_msgs/rover_control_msgs/msg/detail\n'}
[5.979048] (rover_control_msgs) StdoutLine: {'line': b'-- Up-to-date: /workspaces/IRS_Rover_ROS2_Workspace/rover_ws/install/rover_control_msgs/include/rover_control_msgs/rover_control_msgs/msg/detail/current_operational_mode__functions.h\n'}
[5.980808] (rover_control_msgs) StdoutLine: {'line': b'-- Up-to-date: /workspaces/IRS_Rover_ROS2_Workspace/rover_ws/install/rover_control_msgs/include/rover_control_msgs/rover_control_msgs/msg/detail/set_operational_mode__struct.h\n'}
[5.983058] (rover_control_msgs) StdoutLine: {'line': b'-- Up-to-date: /workspaces/IRS_Rover_ROS2_Workspace/rover_ws/install/rover_control_msgs/include/rover_control_msgs/rover_control_msgs/msg/detail/current_operational_mode__type_support.h\n'}
[5.985304] (rover_control_msgs) StdoutLine: {'line': b'-- Up-to-date: /workspaces/IRS_Rover_ROS2_Workspace/rover_ws/install/rover_control_msgs/include/rover_control_msgs/rover_control_msgs/msg/detail/set_operational_mode__functions.h\n'}
[5.987006] (rover_control_msgs) StdoutLine: {'line': b'-- Up-to-date: /workspaces/IRS_Rover_ROS2_Workspace/rover_ws/install/rover_control_msgs/include/rover_control_msgs/rover_control_msgs/msg/detail/operational_mode_settings__type_support.h\n'}
[5.989750] (rover_control_msgs) StdoutLine: {'line': b'-- Up-to-date: /workspaces/IRS_Rover_ROS2_Workspace/rover_ws/install/rover_control_msgs/include/rover_control_msgs/rover_control_msgs/msg/detail/operational_mode_settings__functions.h\n'}
[5.993488] (rover_control_msgs) StdoutLine: {'line': b'-- Up-to-date: /workspaces/IRS_Rover_ROS2_Workspace/rover_ws/install/rover_control_msgs/include/rover_control_msgs/rover_control_msgs/msg/detail/current_operational_mode__functions.c\n'}
[5.997444] (rover_control_msgs) StdoutLine: {'line': b'-- Up-to-date: /workspaces/IRS_Rover_ROS2_Workspace/rover_ws/install/rover_control_msgs/include/rover_control_msgs/rover_control_msgs/msg/detail/current_operational_mode__struct.h\n'}
[5.999337] (rover_control_msgs) StdoutLine: {'line': b'-- Up-to-date: /workspaces/IRS_Rover_ROS2_Workspace/rover_ws/install/rover_control_msgs/include/rover_control_msgs/rover_control_msgs/msg/detail/operational_mode_settings__struct.h\n'}
[6.000706] (rover_control_msgs) StdoutLine: {'line': b'-- Up-to-date: /workspaces/IRS_Rover_ROS2_Workspace/rover_ws/install/rover_control_msgs/include/rover_control_msgs/rover_control_msgs/msg/detail/set_operational_mode__type_support.h\n'}
[6.003629] (rover_control_msgs) StdoutLine: {'line': b'-- Up-to-date: /workspaces/IRS_Rover_ROS2_Workspace/rover_ws/install/rover_control_msgs/include/rover_control_msgs/rover_control_msgs/msg/detail/operational_mode_settings__functions.c\n'}
[6.007679] (rover_control_msgs) StdoutLine: {'line': b'-- Up-to-date: /workspaces/IRS_Rover_ROS2_Workspace/rover_ws/install/rover_control_msgs/include/rover_control_msgs/rover_control_msgs/msg/detail/set_operational_mode__functions.c\n'}
[6.009569] (rover_control_msgs) StdoutLine: {'line': b'-- Up-to-date: /workspaces/IRS_Rover_ROS2_Workspace/rover_ws/install/rover_control_msgs/include/rover_control_msgs/rover_control_msgs/msg/current_operational_mode.h\n'}
[6.011678] (rover_control_msgs) StdoutLine: {'line': b'-- Up-to-date: /workspaces/IRS_Rover_ROS2_Workspace/rover_ws/install/rover_control_msgs/include/rover_control_msgs/rover_control_msgs/msg/operational_mode_settings.h\n'}
[6.013579] (rover_control_msgs) StdoutLine: {'line': b'-- Up-to-date: /workspaces/IRS_Rover_ROS2_Workspace/rover_ws/install/rover_control_msgs/include/rover_control_msgs/rover_control_msgs/srv\n'}
[6.017918] (rover_control_msgs) StdoutLine: {'line': b'-- Up-to-date: /workspaces/IRS_Rover_ROS2_Workspace/rover_ws/install/rover_control_msgs/include/rover_control_msgs/rover_control_msgs/srv/set_operational_mode.h\n'}
[6.019844] (rover_control_msgs) StdoutLine: {'line': b'-- Up-to-date: /workspaces/IRS_Rover_ROS2_Workspace/rover_ws/install/rover_control_msgs/include/rover_control_msgs/rover_control_msgs/srv/detail\n'}
[6.022260] (rover_control_msgs) StdoutLine: {'line': b'-- Up-to-date: /workspaces/IRS_Rover_ROS2_Workspace/rover_ws/install/rover_control_msgs/include/rover_control_msgs/rover_control_msgs/srv/detail/set_operational_mode__struct.h\n'}
[6.024703] (rover_control_msgs) StdoutLine: {'line': b'-- Up-to-date: /workspaces/IRS_Rover_ROS2_Workspace/rover_ws/install/rover_control_msgs/include/rover_control_msgs/rover_control_msgs/srv/detail/set_operational_mode__functions.h\n'}
[6.027982] (rover_control_msgs) StdoutLine: {'line': b'-- Up-to-date: /workspaces/IRS_Rover_ROS2_Workspace/rover_ws/install/rover_control_msgs/include/rover_control_msgs/rover_control_msgs/srv/detail/set_operational_mode__type_support.h\n'}
[6.032462] (rover_control_msgs) StdoutLine: {'line': b'-- Up-to-date: /workspaces/IRS_Rover_ROS2_Workspace/rover_ws/install/rover_control_msgs/include/rover_control_msgs/rover_control_msgs/srv/detail/set_operational_mode__functions.c\n'}
[6.035509] (rover_control_msgs) StdoutLine: {'line': b'-- Up-to-date: /workspaces/IRS_Rover_ROS2_Workspace/rover_ws/install/rover_control_msgs/share/rover_control_msgs/environment/library_path.sh\n'}
[6.038259] (rover_control_msgs) StdoutLine: {'line': b'-- Up-to-date: /workspaces/IRS_Rover_ROS2_Workspace/rover_ws/install/rover_control_msgs/share/rover_control_msgs/environment/library_path.dsv\n'}
[6.044106] (rover_control_msgs) StdoutLine: {'line': b'-- Up-to-date: /workspaces/IRS_Rover_ROS2_Workspace/rover_ws/install/rover_control_msgs/lib/librover_control_msgs__rosidl_generator_c.so\n'}
[6.046840] (rover_control_msgs) StdoutLine: {'line': b'-- Up-to-date: /workspaces/IRS_Rover_ROS2_Workspace/rover_ws/install/rover_control_msgs/include/rover_control_msgs/rover_control_msgs\n'}
[6.049116] (rover_control_msgs) StdoutLine: {'line': b'-- Up-to-date: /workspaces/IRS_Rover_ROS2_Workspace/rover_ws/install/rover_control_msgs/include/rover_control_msgs/rover_control_msgs/msg\n'}
[6.055349] (rover_control_msgs) StdoutLine: {'line': b'-- Up-to-date: /workspaces/IRS_Rover_ROS2_Workspace/rover_ws/install/rover_control_msgs/include/rover_control_msgs/rover_control_msgs/msg/detail\n'}
[6.056907] (rover_control_msgs) StdoutLine: {'line': b'-- Up-to-date: /workspaces/IRS_Rover_ROS2_Workspace/rover_ws/install/rover_control_msgs/include/rover_control_msgs/rover_control_msgs/msg/detail/operational_mode_settings__rosidl_typesupport_fastrtps_c.h\n'}
[6.059503] (rover_control_msgs) StdoutLine: {'line': b'-- Up-to-date: /workspaces/IRS_Rover_ROS2_Workspace/rover_ws/install/rover_control_msgs/include/rover_control_msgs/rover_control_msgs/msg/detail/set_operational_mode__rosidl_typesupport_fastrtps_c.h\n'}
[6.061259] (rover_control_msgs) StdoutLine: {'line': b'-- Up-to-date: /workspaces/IRS_Rover_ROS2_Workspace/rover_ws/install/rover_control_msgs/include/rover_control_msgs/rover_control_msgs/msg/detail/current_operational_mode__rosidl_typesupport_fastrtps_c.h\n'}
[6.064529] (-) TimerEvent: {}
[6.065356] (rover_control_msgs) StdoutLine: {'line': b'-- Up-to-date: /workspaces/IRS_Rover_ROS2_Workspace/rover_ws/install/rover_control_msgs/include/rover_control_msgs/rover_control_msgs/msg/rosidl_typesupport_fastrtps_c__visibility_control.h\n'}
[6.067294] (rover_control_msgs) StdoutLine: {'line': b'-- Up-to-date: /workspaces/IRS_Rover_ROS2_Workspace/rover_ws/install/rover_control_msgs/include/rover_control_msgs/rover_control_msgs/srv\n'}
[6.069434] (rover_control_msgs) StdoutLine: {'line': b'-- Up-to-date: /workspaces/IRS_Rover_ROS2_Workspace/rover_ws/install/rover_control_msgs/include/rover_control_msgs/rover_control_msgs/srv/detail\n'}
[6.072626] (rover_control_msgs) StdoutLine: {'line': b'-- Up-to-date: /workspaces/IRS_Rover_ROS2_Workspace/rover_ws/install/rover_control_msgs/include/rover_control_msgs/rover_control_msgs/srv/detail/set_operational_mode__rosidl_typesupport_fastrtps_c.h\n'}
[6.074843] (rover_control_msgs) StdoutLine: {'line': b'-- Up-to-date: /workspaces/IRS_Rover_ROS2_Workspace/rover_ws/install/rover_control_msgs/lib/librover_control_msgs__rosidl_typesupport_fastrtps_c.so\n'}
[6.077533] (rover_control_msgs) StdoutLine: {'line': b'-- Up-to-date: /workspaces/IRS_Rover_ROS2_Workspace/rover_ws/install/rover_control_msgs/include/rover_control_msgs/rover_control_msgs\n'}
[6.080054] (rover_control_msgs) StdoutLine: {'line': b'-- Up-to-date: /workspaces/IRS_Rover_ROS2_Workspace/rover_ws/install/rover_control_msgs/include/rover_control_msgs/rover_control_msgs/msg\n'}
[6.082525] (rover_control_msgs) StdoutLine: {'line': b'-- Up-to-date: /workspaces/IRS_Rover_ROS2_Workspace/rover_ws/install/rover_control_msgs/include/rover_control_msgs/rover_control_msgs/msg/detail\n'}
[6.085524] (rover_control_msgs) StdoutLine: {'line': b'-- Up-to-date: /workspaces/IRS_Rover_ROS2_Workspace/rover_ws/install/rover_control_msgs/include/rover_control_msgs/rover_control_msgs/msg/detail/current_operational_mode__rosidl_typesupport_introspection_c.h\n'}
[6.089592] (rover_control_msgs) StdoutLine: {'line': b'-- Up-to-date: /workspaces/IRS_Rover_ROS2_Workspace/rover_ws/install/rover_control_msgs/include/rover_control_msgs/rover_control_msgs/msg/detail/set_operational_mode__rosidl_typesupport_introspection_c.h\n'}
[6.091791] (rover_control_msgs) StdoutLine: {'line': b'-- Up-to-date: /workspaces/IRS_Rover_ROS2_Workspace/rover_ws/install/rover_control_msgs/include/rover_control_msgs/rover_control_msgs/msg/detail/set_operational_mode__type_support.c\n'}
[6.094829] (rover_control_msgs) StdoutLine: {'line': b'-- Up-to-date: /workspaces/IRS_Rover_ROS2_Workspace/rover_ws/install/rover_control_msgs/include/rover_control_msgs/rover_control_msgs/msg/detail/operational_mode_settings__rosidl_typesupport_introspection_c.h\n'}
[6.097251] (rover_control_msgs) StdoutLine: {'line': b'-- Up-to-date: /workspaces/IRS_Rover_ROS2_Workspace/rover_ws/install/rover_control_msgs/include/rover_control_msgs/rover_control_msgs/msg/detail/current_operational_mode__type_support.c\n'}
[6.099207] (rover_control_msgs) StdoutLine: {'line': b'-- Up-to-date: /workspaces/IRS_Rover_ROS2_Workspace/rover_ws/install/rover_control_msgs/include/rover_control_msgs/rover_control_msgs/msg/detail/operational_mode_settings__type_support.c\n'}
[6.100719] (rover_control_msgs) StdoutLine: {'line': b'-- Up-to-date: /workspaces/IRS_Rover_ROS2_Workspace/rover_ws/install/rover_control_msgs/include/rover_control_msgs/rover_control_msgs/msg/rosidl_typesupport_introspection_c__visibility_control.h\n'}
[6.104346] (rover_control_msgs) StdoutLine: {'line': b'-- Up-to-date: /workspaces/IRS_Rover_ROS2_Workspace/rover_ws/install/rover_control_msgs/include/rover_control_msgs/rover_control_msgs/srv\n'}
[6.107262] (rover_control_msgs) StdoutLine: {'line': b'-- Up-to-date: /workspaces/IRS_Rover_ROS2_Workspace/rover_ws/install/rover_control_msgs/include/rover_control_msgs/rover_control_msgs/srv/detail\n'}
[6.109561] (rover_control_msgs) StdoutLine: {'line': b'-- Up-to-date: /workspaces/IRS_Rover_ROS2_Workspace/rover_ws/install/rover_control_msgs/include/rover_control_msgs/rover_control_msgs/srv/detail/set_operational_mode__rosidl_typesupport_introspection_c.h\n'}
[6.111852] (rover_control_msgs) StdoutLine: {'line': b'-- Up-to-date: /workspaces/IRS_Rover_ROS2_Workspace/rover_ws/install/rover_control_msgs/include/rover_control_msgs/rover_control_msgs/srv/detail/set_operational_mode__type_support.c\n'}
[6.113378] (rover_control_msgs) StdoutLine: {'line': b'-- Up-to-date: /workspaces/IRS_Rover_ROS2_Workspace/rover_ws/install/rover_control_msgs/lib/librover_control_msgs__rosidl_typesupport_introspection_c.so\n'}
[6.115196] (rover_control_msgs) StdoutLine: {'line': b'-- Up-to-date: /workspaces/IRS_Rover_ROS2_Workspace/rover_ws/install/rover_control_msgs/lib/librover_control_msgs__rosidl_typesupport_c.so\n'}
[6.117289] (rover_control_msgs) StdoutLine: {'line': b'-- Up-to-date: /workspaces/IRS_Rover_ROS2_Workspace/rover_ws/install/rover_control_msgs/include/rover_control_msgs/rover_control_msgs\n'}
[6.119844] (rover_control_msgs) StdoutLine: {'line': b'-- Up-to-date: /workspaces/IRS_Rover_ROS2_Workspace/rover_ws/install/rover_control_msgs/include/rover_control_msgs/rover_control_msgs/msg\n'}
[6.122882] (rover_control_msgs) StdoutLine: {'line': b'-- Up-to-date: /workspaces/IRS_Rover_ROS2_Workspace/rover_ws/install/rover_control_msgs/include/rover_control_msgs/rover_control_msgs/msg/current_operational_mode.hpp\n'}
[6.125276] (rover_control_msgs) StdoutLine: {'line': b'-- Up-to-date: /workspaces/IRS_Rover_ROS2_Workspace/rover_ws/install/rover_control_msgs/include/rover_control_msgs/rover_control_msgs/msg/set_operational_mode.hpp\n'}
[6.128342] (rover_control_msgs) StdoutLine: {'line': b'-- Up-to-date: /workspaces/IRS_Rover_ROS2_Workspace/rover_ws/install/rover_control_msgs/include/rover_control_msgs/rover_control_msgs/msg/detail\n'}
[6.129815] (rover_control_msgs) StdoutLine: {'line': b'-- Up-to-date: /workspaces/IRS_Rover_ROS2_Workspace/rover_ws/install/rover_control_msgs/include/rover_control_msgs/rover_control_msgs/msg/detail/operational_mode_settings__traits.hpp\n'}
[6.131004] (rover_control_msgs) StdoutLine: {'line': b'-- Up-to-date: /workspaces/IRS_Rover_ROS2_Workspace/rover_ws/install/rover_control_msgs/include/rover_control_msgs/rover_control_msgs/msg/detail/current_operational_mode__type_support.hpp\n'}
[6.132770] (rover_control_msgs) StdoutLine: {'line': b'-- Up-to-date: /workspaces/IRS_Rover_ROS2_Workspace/rover_ws/install/rover_control_msgs/include/rover_control_msgs/rover_control_msgs/msg/detail/set_operational_mode__type_support.hpp\n'}
[6.135142] (rover_control_msgs) StdoutLine: {'line': b'-- Up-to-date: /workspaces/IRS_Rover_ROS2_Workspace/rover_ws/install/rover_control_msgs/include/rover_control_msgs/rover_control_msgs/msg/detail/current_operational_mode__traits.hpp\n'}
[6.136531] (rover_control_msgs) StdoutLine: {'line': b'-- Up-to-date: /workspaces/IRS_Rover_ROS2_Workspace/rover_ws/install/rover_control_msgs/include/rover_control_msgs/rover_control_msgs/msg/detail/set_operational_mode__struct.hpp\n'}
[6.138316] (rover_control_msgs) StdoutLine: {'line': b'-- Up-to-date: /workspaces/IRS_Rover_ROS2_Workspace/rover_ws/install/rover_control_msgs/include/rover_control_msgs/rover_control_msgs/msg/detail/operational_mode_settings__builder.hpp\n'}
[6.140334] (rover_control_msgs) StdoutLine: {'line': b'-- Up-to-date: /workspaces/IRS_Rover_ROS2_Workspace/rover_ws/install/rover_control_msgs/include/rover_control_msgs/rover_control_msgs/msg/detail/operational_mode_settings__struct.hpp\n'}
[6.142543] (rover_control_msgs) StdoutLine: {'line': b'-- Up-to-date: /workspaces/IRS_Rover_ROS2_Workspace/rover_ws/install/rover_control_msgs/include/rover_control_msgs/rover_control_msgs/msg/detail/set_operational_mode__builder.hpp\n'}
[6.144549] (rover_control_msgs) StdoutLine: {'line': b'-- Up-to-date: /workspaces/IRS_Rover_ROS2_Workspace/rover_ws/install/rover_control_msgs/include/rover_control_msgs/rover_control_msgs/msg/detail/current_operational_mode__struct.hpp\n'}
[6.147884] (rover_control_msgs) StdoutLine: {'line': b'-- Up-to-date: /workspaces/IRS_Rover_ROS2_Workspace/rover_ws/install/rover_control_msgs/include/rover_control_msgs/rover_control_msgs/msg/detail/current_operational_mode__builder.hpp\n'}
[6.149537] (rover_control_msgs) StdoutLine: {'line': b'-- Up-to-date: /workspaces/IRS_Rover_ROS2_Workspace/rover_ws/install/rover_control_msgs/include/rover_control_msgs/rover_control_msgs/msg/detail/set_operational_mode__traits.hpp\n'}
[6.152058] (rover_control_msgs) StdoutLine: {'line': b'-- Up-to-date: /workspaces/IRS_Rover_ROS2_Workspace/rover_ws/install/rover_control_msgs/include/rover_control_msgs/rover_control_msgs/msg/detail/operational_mode_settings__type_support.hpp\n'}
[6.154023] (rover_control_msgs) StdoutLine: {'line': b'-- Up-to-date: /workspaces/IRS_Rover_ROS2_Workspace/rover_ws/install/rover_control_msgs/include/rover_control_msgs/rover_control_msgs/msg/rosidl_generator_cpp__visibility_control.hpp\n'}
[6.156423] (rover_control_msgs) StdoutLine: {'line': b'-- Up-to-date: /workspaces/IRS_Rover_ROS2_Workspace/rover_ws/install/rover_control_msgs/include/rover_control_msgs/rover_control_msgs/msg/operational_mode_settings.hpp\n'}
[6.158428] (rover_control_msgs) StdoutLine: {'line': b'-- Up-to-date: /workspaces/IRS_Rover_ROS2_Workspace/rover_ws/install/rover_control_msgs/include/rover_control_msgs/rover_control_msgs/srv\n'}
[6.160117] (rover_control_msgs) StdoutLine: {'line': b'-- Up-to-date: /workspaces/IRS_Rover_ROS2_Workspace/rover_ws/install/rover_control_msgs/include/rover_control_msgs/rover_control_msgs/srv/set_operational_mode.hpp\n'}
[6.162673] (rover_control_msgs) StdoutLine: {'line': b'-- Up-to-date: /workspaces/IRS_Rover_ROS2_Workspace/rover_ws/install/rover_control_msgs/include/rover_control_msgs/rover_control_msgs/srv/detail\n'}
[6.166930] (-) TimerEvent: {}
[6.167590] (rover_control_msgs) StdoutLine: {'line': b'-- Up-to-date: /workspaces/IRS_Rover_ROS2_Workspace/rover_ws/install/rover_control_msgs/include/rover_control_msgs/rover_control_msgs/srv/detail/set_operational_mode__type_support.hpp\n'}
[6.170229] (rover_control_msgs) StdoutLine: {'line': b'-- Up-to-date: /workspaces/IRS_Rover_ROS2_Workspace/rover_ws/install/rover_control_msgs/include/rover_control_msgs/rover_control_msgs/srv/detail/set_operational_mode__struct.hpp\n'}
[6.171861] (rover_control_msgs) StdoutLine: {'line': b'-- Up-to-date: /workspaces/IRS_Rover_ROS2_Workspace/rover_ws/install/rover_control_msgs/include/rover_control_msgs/rover_control_msgs/srv/detail/set_operational_mode__builder.hpp\n'}
[6.174081] (rover_control_msgs) StdoutLine: {'line': b'-- Up-to-date: /workspaces/IRS_Rover_ROS2_Workspace/rover_ws/install/rover_control_msgs/include/rover_control_msgs/rover_control_msgs/srv/detail/set_operational_mode__traits.hpp\n'}
[6.175692] (rover_control_msgs) StdoutLine: {'line': b'-- Up-to-date: /workspaces/IRS_Rover_ROS2_Workspace/rover_ws/install/rover_control_msgs/include/rover_control_msgs/rover_control_msgs\n'}
[6.177905] (rover_control_msgs) StdoutLine: {'line': b'-- Up-to-date: /workspaces/IRS_Rover_ROS2_Workspace/rover_ws/install/rover_control_msgs/include/rover_control_msgs/rover_control_msgs/msg\n'}
[6.181534] (rover_control_msgs) StdoutLine: {'line': b'-- Up-to-date: /workspaces/IRS_Rover_ROS2_Workspace/rover_ws/install/rover_control_msgs/include/rover_control_msgs/rover_control_msgs/msg/rosidl_typesupport_fastrtps_cpp__visibility_control.h\n'}
[6.185281] (rover_control_msgs) StdoutLine: {'line': b'-- Up-to-date: /workspaces/IRS_Rover_ROS2_Workspace/rover_ws/install/rover_control_msgs/include/rover_control_msgs/rover_control_msgs/msg/detail\n'}
[6.187852] (rover_control_msgs) StdoutLine: {'line': b'-- Up-to-date: /workspaces/IRS_Rover_ROS2_Workspace/rover_ws/install/rover_control_msgs/include/rover_control_msgs/rover_control_msgs/msg/detail/operational_mode_settings__rosidl_typesupport_fastrtps_cpp.hpp\n'}
[6.190857] (rover_control_msgs) StdoutLine: {'line': b'-- Up-to-date: /workspaces/IRS_Rover_ROS2_Workspace/rover_ws/install/rover_control_msgs/include/rover_control_msgs/rover_control_msgs/msg/detail/current_operational_mode__rosidl_typesupport_fastrtps_cpp.hpp\n'}
[6.195007] (rover_control_msgs) StdoutLine: {'line': b'-- Up-to-date: /workspaces/IRS_Rover_ROS2_Workspace/rover_ws/install/rover_control_msgs/include/rover_control_msgs/rover_control_msgs/msg/detail/set_operational_mode__rosidl_typesupport_fastrtps_cpp.hpp\n'}
[6.197638] (rover_control_msgs) StdoutLine: {'line': b'-- Up-to-date: /workspaces/IRS_Rover_ROS2_Workspace/rover_ws/install/rover_control_msgs/include/rover_control_msgs/rover_control_msgs/msg/detail/dds_fastrtps\n'}
[6.202551] (rover_control_msgs) StdoutLine: {'line': b'-- Up-to-date: /workspaces/IRS_Rover_ROS2_Workspace/rover_ws/install/rover_control_msgs/include/rover_control_msgs/rover_control_msgs/srv\n'}
[6.207270] (rover_control_msgs) StdoutLine: {'line': b'-- Up-to-date: /workspaces/IRS_Rover_ROS2_Workspace/rover_ws/install/rover_control_msgs/include/rover_control_msgs/rover_control_msgs/srv/detail\n'}
[6.211723] (rover_control_msgs) StdoutLine: {'line': b'-- Up-to-date: /workspaces/IRS_Rover_ROS2_Workspace/rover_ws/install/rover_control_msgs/include/rover_control_msgs/rover_control_msgs/srv/detail/set_operational_mode__rosidl_typesupport_fastrtps_cpp.hpp\n'}
[6.213250] (rover_control_msgs) StdoutLine: {'line': b'-- Up-to-date: /workspaces/IRS_Rover_ROS2_Workspace/rover_ws/install/rover_control_msgs/include/rover_control_msgs/rover_control_msgs/srv/detail/dds_fastrtps\n'}
[6.217745] (rover_control_msgs) StdoutLine: {'line': b'-- Up-to-date: /workspaces/IRS_Rover_ROS2_Workspace/rover_ws/install/rover_control_msgs/lib/librover_control_msgs__rosidl_typesupport_fastrtps_cpp.so\n'}
[6.225351] (rover_control_msgs) StdoutLine: {'line': b'-- Up-to-date: /workspaces/IRS_Rover_ROS2_Workspace/rover_ws/install/rover_control_msgs/include/rover_control_msgs/rover_control_msgs\n'}
[6.227257] (rover_control_msgs) StdoutLine: {'line': b'-- Up-to-date: /workspaces/IRS_Rover_ROS2_Workspace/rover_ws/install/rover_control_msgs/include/rover_control_msgs/rover_control_msgs/msg\n'}
[6.229936] (rover_control_msgs) StdoutLine: {'line': b'-- Up-to-date: /workspaces/IRS_Rover_ROS2_Workspace/rover_ws/install/rover_control_msgs/include/rover_control_msgs/rover_control_msgs/msg/detail\n'}
[6.232281] (rover_control_msgs) StdoutLine: {'line': b'-- Up-to-date: /workspaces/IRS_Rover_ROS2_Workspace/rover_ws/install/rover_control_msgs/include/rover_control_msgs/rover_control_msgs/msg/detail/operational_mode_settings__type_support.cpp\n'}
[6.234899] (rover_control_msgs) StdoutLine: {'line': b'-- Up-to-date: /workspaces/IRS_Rover_ROS2_Workspace/rover_ws/install/rover_control_msgs/include/rover_control_msgs/rover_control_msgs/msg/detail/operational_mode_settings__rosidl_typesupport_introspection_cpp.hpp\n'}
[6.236398] (rover_control_msgs) StdoutLine: {'line': b'-- Up-to-date: /workspaces/IRS_Rover_ROS2_Workspace/rover_ws/install/rover_control_msgs/include/rover_control_msgs/rover_control_msgs/msg/detail/current_operational_mode__rosidl_typesupport_introspection_cpp.hpp\n'}
[6.238202] (rover_control_msgs) StdoutLine: {'line': b'-- Up-to-date: /workspaces/IRS_Rover_ROS2_Workspace/rover_ws/install/rover_control_msgs/include/rover_control_msgs/rover_control_msgs/msg/detail/set_operational_mode__rosidl_typesupport_introspection_cpp.hpp\n'}
[6.240485] (rover_control_msgs) StdoutLine: {'line': b'-- Up-to-date: /workspaces/IRS_Rover_ROS2_Workspace/rover_ws/install/rover_control_msgs/include/rover_control_msgs/rover_control_msgs/msg/detail/current_operational_mode__type_support.cpp\n'}
[6.242348] (rover_control_msgs) StdoutLine: {'line': b'-- Up-to-date: /workspaces/IRS_Rover_ROS2_Workspace/rover_ws/install/rover_control_msgs/include/rover_control_msgs/rover_control_msgs/msg/detail/set_operational_mode__type_support.cpp\n'}
[6.244203] (rover_control_msgs) StdoutLine: {'line': b'-- Up-to-date: /workspaces/IRS_Rover_ROS2_Workspace/rover_ws/install/rover_control_msgs/include/rover_control_msgs/rover_control_msgs/srv\n'}
[6.245591] (rover_control_msgs) StdoutLine: {'line': b'-- Up-to-date: /workspaces/IRS_Rover_ROS2_Workspace/rover_ws/install/rover_control_msgs/include/rover_control_msgs/rover_control_msgs/srv/detail\n'}
[6.247051] (rover_control_msgs) StdoutLine: {'line': b'-- Up-to-date: /workspaces/IRS_Rover_ROS2_Workspace/rover_ws/install/rover_control_msgs/include/rover_control_msgs/rover_control_msgs/srv/detail/set_operational_mode__rosidl_typesupport_introspection_cpp.hpp\n'}
[6.249617] (rover_control_msgs) StdoutLine: {'line': b'-- Up-to-date: /workspaces/IRS_Rover_ROS2_Workspace/rover_ws/install/rover_control_msgs/include/rover_control_msgs/rover_control_msgs/srv/detail/set_operational_mode__type_support.cpp\n'}
[6.251487] (rover_control_msgs) StdoutLine: {'line': b'-- Up-to-date: /workspaces/IRS_Rover_ROS2_Workspace/rover_ws/install/rover_control_msgs/lib/librover_control_msgs__rosidl_typesupport_introspection_cpp.so\n'}
[6.255556] (rover_control_msgs) StdoutLine: {'line': b'-- Up-to-date: /workspaces/IRS_Rover_ROS2_Workspace/rover_ws/install/rover_control_msgs/lib/librover_control_msgs__rosidl_typesupport_cpp.so\n'}
[6.262988] (rover_control_msgs) StdoutLine: {'line': b'-- Up-to-date: /workspaces/IRS_Rover_ROS2_Workspace/rover_ws/install/rover_control_msgs/share/rover_control_msgs/environment/pythonpath.sh\n'}
[6.265319] (rover_perception_msgs) JobEnded: {'identifier': 'rover_perception_msgs', 'rc': 0}
[6.283363] (-) TimerEvent: {}
[6.283869] (rover_perception) JobStarted: {'identifier': 'rover_perception'}
[6.284543] (rover_control_msgs) StdoutLine: {'line': b'-- Up-to-date: /workspaces/IRS_Rover_ROS2_Workspace/rover_ws/install/rover_control_msgs/share/rover_control_msgs/environment/pythonpath.dsv\n'}
[6.287601] (rover_control_msgs) StdoutLine: {'line': b'-- Up-to-date: /workspaces/IRS_Rover_ROS2_Workspace/rover_ws/install/rover_control_msgs/local/lib/python3.10/dist-packages/rover_control_msgs-0.0.0-py3.10.egg-info\n'}
[6.289452] (rover_control_msgs) StdoutLine: {'line': b'-- Installing: /workspaces/IRS_Rover_ROS2_Workspace/rover_ws/install/rover_control_msgs/local/lib/python3.10/dist-packages/rover_control_msgs-0.0.0-py3.10.egg-info/PKG-INFO\n'}
[6.291911] (rover_control_msgs) StdoutLine: {'line': b'-- Installing: /workspaces/IRS_Rover_ROS2_Workspace/rover_ws/install/rover_control_msgs/local/lib/python3.10/dist-packages/rover_control_msgs-0.0.0-py3.10.egg-info/SOURCES.txt\n'}
[6.294300] (rover_control_msgs) StdoutLine: {'line': b'-- Installing: /workspaces/IRS_Rover_ROS2_Workspace/rover_ws/install/rover_control_msgs/local/lib/python3.10/dist-packages/rover_control_msgs-0.0.0-py3.10.egg-info/top_level.txt\n'}
[6.297377] (rover_control_msgs) StdoutLine: {'line': b'-- Installing: /workspaces/IRS_Rover_ROS2_Workspace/rover_ws/install/rover_control_msgs/local/lib/python3.10/dist-packages/rover_control_msgs-0.0.0-py3.10.egg-info/dependency_links.txt\n'}
[6.299351] (rover_control_msgs) StdoutLine: {'line': b'-- Up-to-date: /workspaces/IRS_Rover_ROS2_Workspace/rover_ws/install/rover_control_msgs/local/lib/python3.10/dist-packages/rover_control_msgs\n'}
[6.301365] (rover_control_msgs) StdoutLine: {'line': b'-- Up-to-date: /workspaces/IRS_Rover_ROS2_Workspace/rover_ws/install/rover_control_msgs/local/lib/python3.10/dist-packages/rover_control_msgs/rover_control_msgs_s__rosidl_typesupport_introspection_c.cpython-310-x86_64-linux-gnu.so\n'}
[6.303017] (rover_control_msgs) StdoutLine: {'line': b'-- Up-to-date: /workspaces/IRS_Rover_ROS2_Workspace/rover_ws/install/rover_control_msgs/local/lib/python3.10/dist-packages/rover_control_msgs/_rover_control_msgs_s.ep.rosidl_typesupport_introspection_c.c\n'}
[6.305545] (rover_control_msgs) StdoutLine: {'line': b'-- Up-to-date: /workspaces/IRS_Rover_ROS2_Workspace/rover_ws/install/rover_control_msgs/local/lib/python3.10/dist-packages/rover_control_msgs/msg\n'}
[6.307499] (rover_control_msgs) StdoutLine: {'line': b'-- Up-to-date: /workspaces/IRS_Rover_ROS2_Workspace/rover_ws/install/rover_control_msgs/local/lib/python3.10/dist-packages/rover_control_msgs/msg/_operational_mode_settings_s.c\n'}
[6.310701] (rover_control_msgs) StdoutLine: {'line': b'-- Up-to-date: /workspaces/IRS_Rover_ROS2_Workspace/rover_ws/install/rover_control_msgs/local/lib/python3.10/dist-packages/rover_control_msgs/msg/_current_operational_mode.py\n'}
[6.312793] (rover_control_msgs) StdoutLine: {'line': b'-- Up-to-date: /workspaces/IRS_Rover_ROS2_Workspace/rover_ws/install/rover_control_msgs/local/lib/python3.10/dist-packages/rover_control_msgs/msg/_set_operational_mode_s.c\n'}
[6.314403] (rover_control_msgs) StdoutLine: {'line': b'-- Up-to-date: /workspaces/IRS_Rover_ROS2_Workspace/rover_ws/install/rover_control_msgs/local/lib/python3.10/dist-packages/rover_control_msgs/msg/_set_operational_mode.py\n'}
[6.316077] (rover_control_msgs) StdoutLine: {'line': b'-- Up-to-date: /workspaces/IRS_Rover_ROS2_Workspace/rover_ws/install/rover_control_msgs/local/lib/python3.10/dist-packages/rover_control_msgs/msg/__init__.py\n'}
[6.317633] (rover_control_msgs) StdoutLine: {'line': b'-- Up-to-date: /workspaces/IRS_Rover_ROS2_Workspace/rover_ws/install/rover_control_msgs/local/lib/python3.10/dist-packages/rover_control_msgs/msg/_current_operational_mode_s.c\n'}
[6.319093] (rover_control_msgs) StdoutLine: {'line': b'-- Up-to-date: /workspaces/IRS_Rover_ROS2_Workspace/rover_ws/install/rover_control_msgs/local/lib/python3.10/dist-packages/rover_control_msgs/msg/_operational_mode_settings.py\n'}
[6.320763] (rover_control_msgs) StdoutLine: {'line': b'-- Up-to-date: /workspaces/IRS_Rover_ROS2_Workspace/rover_ws/install/rover_control_msgs/local/lib/python3.10/dist-packages/rover_control_msgs/_rover_control_msgs_s.ep.rosidl_typesupport_c.c\n'}
[6.322476] (rover_control_msgs) StdoutLine: {'line': b'-- Up-to-date: /workspaces/IRS_Rover_ROS2_Workspace/rover_ws/install/rover_control_msgs/local/lib/python3.10/dist-packages/rover_control_msgs/_rover_control_msgs_s.ep.rosidl_typesupport_fastrtps_c.c\n'}
[6.324211] (rover_control_msgs) StdoutLine: {'line': b'-- Up-to-date: /workspaces/IRS_Rover_ROS2_Workspace/rover_ws/install/rover_control_msgs/local/lib/python3.10/dist-packages/rover_control_msgs/__init__.py\n'}
[6.326292] (rover_control_msgs) StdoutLine: {'line': b'-- Up-to-date: /workspaces/IRS_Rover_ROS2_Workspace/rover_ws/install/rover_control_msgs/local/lib/python3.10/dist-packages/rover_control_msgs/rover_control_msgs_s__rosidl_typesupport_c.cpython-310-x86_64-linux-gnu.so\n'}
[6.328186] (rover_control_msgs) StdoutLine: {'line': b'-- Up-to-date: /workspaces/IRS_Rover_ROS2_Workspace/rover_ws/install/rover_control_msgs/local/lib/python3.10/dist-packages/rover_control_msgs/rover_control_msgs_s__rosidl_typesupport_fastrtps_c.cpython-310-x86_64-linux-gnu.so\n'}
[6.330034] (rover_control_msgs) StdoutLine: {'line': b'-- Up-to-date: /workspaces/IRS_Rover_ROS2_Workspace/rover_ws/install/rover_control_msgs/local/lib/python3.10/dist-packages/rover_control_msgs/librover_control_msgs__rosidl_generator_py.so\n'}
[6.331902] (rover_control_msgs) StdoutLine: {'line': b'-- Up-to-date: /workspaces/IRS_Rover_ROS2_Workspace/rover_ws/install/rover_control_msgs/local/lib/python3.10/dist-packages/rover_control_msgs/srv\n'}
[6.334130] (rover_control_msgs) StdoutLine: {'line': b'-- Up-to-date: /workspaces/IRS_Rover_ROS2_Workspace/rover_ws/install/rover_control_msgs/local/lib/python3.10/dist-packages/rover_control_msgs/srv/_set_operational_mode_s.c\n'}
[6.335268] (rover_control_msgs) StdoutLine: {'line': b'-- Up-to-date: /workspaces/IRS_Rover_ROS2_Workspace/rover_ws/install/rover_control_msgs/local/lib/python3.10/dist-packages/rover_control_msgs/srv/_set_operational_mode.py\n'}
[6.336647] (rover_control_msgs) StdoutLine: {'line': b'-- Up-to-date: /workspaces/IRS_Rover_ROS2_Workspace/rover_ws/install/rover_control_msgs/local/lib/python3.10/dist-packages/rover_control_msgs/srv/__init__.py\n'}
[6.392442] (-) TimerEvent: {}
[6.426508] (rover_control_msgs) StdoutLine: {'line': b"Listing '/workspaces/IRS_Rover_ROS2_Workspace/rover_ws/install/rover_control_msgs/local/lib/python3.10/dist-packages/rover_control_msgs'...\n"}
[6.429650] (rover_control_msgs) StdoutLine: {'line': b"Listing '/workspaces/IRS_Rover_ROS2_Workspace/rover_ws/install/rover_control_msgs/local/lib/python3.10/dist-packages/rover_control_msgs/msg'...\n"}
[6.430790] (rover_control_msgs) StdoutLine: {'line': b"Listing '/workspaces/IRS_Rover_ROS2_Workspace/rover_ws/install/rover_control_msgs/local/lib/python3.10/dist-packages/rover_control_msgs/srv'...\n"}
[6.443275] (rover_control_msgs) StdoutLine: {'line': b'-- Up-to-date: /workspaces/IRS_Rover_ROS2_Workspace/rover_ws/install/rover_control_msgs/local/lib/python3.10/dist-packages/rover_control_msgs/rover_control_msgs_s__rosidl_typesupport_fastrtps_c.cpython-310-x86_64-linux-gnu.so\n'}
[6.447628] (rover_control_msgs) StdoutLine: {'line': b'-- Up-to-date: /workspaces/IRS_Rover_ROS2_Workspace/rover_ws/install/rover_control_msgs/local/lib/python3.10/dist-packages/rover_control_msgs/rover_control_msgs_s__rosidl_typesupport_introspection_c.cpython-310-x86_64-linux-gnu.so\n'}
[6.451874] (rover_control_msgs) StdoutLine: {'line': b'-- Up-to-date: /workspaces/IRS_Rover_ROS2_Workspace/rover_ws/install/rover_control_msgs/local/lib/python3.10/dist-packages/rover_control_msgs/rover_control_msgs_s__rosidl_typesupport_c.cpython-310-x86_64-linux-gnu.so\n'}
[6.456985] (rover_control_msgs) StdoutLine: {'line': b'-- Up-to-date: /workspaces/IRS_Rover_ROS2_Workspace/rover_ws/install/rover_control_msgs/lib/librover_control_msgs__rosidl_generator_py.so\n'}
[6.460740] (rover_control_msgs) StdoutLine: {'line': b'-- Up-to-date: /workspaces/IRS_Rover_ROS2_Workspace/rover_ws/install/rover_control_msgs/share/ament_index/resource_index/rust_packages/rover_control_msgs\n'}
[6.462451] (rover_control_msgs) StdoutLine: {'line': b'-- Up-to-date: /workspaces/IRS_Rover_ROS2_Workspace/rover_ws/install/rover_control_msgs/share/rover_control_msgs/rust\n'}
[6.464242] (rover_control_msgs) StdoutLine: {'line': b'-- Up-to-date: /workspaces/IRS_Rover_ROS2_Workspace/rover_ws/install/rover_control_msgs/share/rover_control_msgs/rust/Cargo.toml\n'}
[6.467102] (rover_control_msgs) StdoutLine: {'line': b'-- Up-to-date: /workspaces/IRS_Rover_ROS2_Workspace/rover_ws/install/rover_control_msgs/share/rover_control_msgs/rust/build.rs\n'}
[6.468565] (rover_control_msgs) StdoutLine: {'line': b'-- Up-to-date: /workspaces/IRS_Rover_ROS2_Workspace/rover_ws/install/rover_control_msgs/share/rover_control_msgs/rust/src\n'}
[6.469573] (rover_control_msgs) StdoutLine: {'line': b'-- Up-to-date: /workspaces/IRS_Rover_ROS2_Workspace/rover_ws/install/rover_control_msgs/share/rover_control_msgs/rust/src/msg\n'}
[6.473047] (rover_control_msgs) StdoutLine: {'line': b'-- Up-to-date: /workspaces/IRS_Rover_ROS2_Workspace/rover_ws/install/rover_control_msgs/share/rover_control_msgs/rust/src/msg/rmw.rs\n'}
[6.474580] (rover_control_msgs) StdoutLine: {'line': b'-- Up-to-date: /workspaces/IRS_Rover_ROS2_Workspace/rover_ws/install/rover_control_msgs/share/rover_control_msgs/rust/src/lib.rs\n'}
[6.475783] (rover_control_msgs) StdoutLine: {'line': b'-- Up-to-date: /workspaces/IRS_Rover_ROS2_Workspace/rover_ws/install/rover_control_msgs/share/rover_control_msgs/rust/src/srv.rs\n'}
[6.477040] (rover_control_msgs) StdoutLine: {'line': b'-- Up-to-date: /workspaces/IRS_Rover_ROS2_Workspace/rover_ws/install/rover_control_msgs/share/rover_control_msgs/rust/src/msg.rs\n'}
[6.478265] (rover_control_msgs) StdoutLine: {'line': b'-- Up-to-date: /workspaces/IRS_Rover_ROS2_Workspace/rover_ws/install/rover_control_msgs/share/rover_control_msgs/rust/src/srv\n'}
[6.481223] (rover_control_msgs) StdoutLine: {'line': b'-- Up-to-date: /workspaces/IRS_Rover_ROS2_Workspace/rover_ws/install/rover_control_msgs/share/rover_control_msgs/rust/src/srv/rmw.rs\n'}
[6.482933] (rover_control_msgs) StdoutLine: {'line': b'-- Up-to-date: /workspaces/IRS_Rover_ROS2_Workspace/rover_ws/install/rover_control_msgs/share/rover_control_msgs/srv/SetOperationalMode.idl\n'}
[6.484830] (rover_control_msgs) StdoutLine: {'line': b'-- Up-to-date: /workspaces/IRS_Rover_ROS2_Workspace/rover_ws/install/rover_control_msgs/share/rover_control_msgs/msg/SetOperationalMode.idl\n'}
[6.491293] (rover_control_msgs) StdoutLine: {'line': b'-- Up-to-date: /workspaces/IRS_Rover_ROS2_Workspace/rover_ws/install/rover_control_msgs/share/rover_control_msgs/msg/OperationalModeSettings.idl\n'}
[6.496462] (-) TimerEvent: {}
[6.497387] (rover_control_msgs) StdoutLine: {'line': b'-- Up-to-date: /workspaces/IRS_Rover_ROS2_Workspace/rover_ws/install/rover_control_msgs/share/rover_control_msgs/msg/CurrentOperationalMode.idl\n'}
[6.499311] (rover_control_msgs) StdoutLine: {'line': b'-- Up-to-date: /workspaces/IRS_Rover_ROS2_Workspace/rover_ws/install/rover_control_msgs/share/rover_control_msgs/srv/SetOperationalMode.srv\n'}
[6.501968] (rover_control_msgs) StdoutLine: {'line': b'-- Up-to-date: /workspaces/IRS_Rover_ROS2_Workspace/rover_ws/install/rover_control_msgs/share/rover_control_msgs/srv/SetOperationalMode_Request.msg\n'}
[6.504493] (rover_control_msgs) StdoutLine: {'line': b'-- Up-to-date: /workspaces/IRS_Rover_ROS2_Workspace/rover_ws/install/rover_control_msgs/share/rover_control_msgs/srv/SetOperationalMode_Response.msg\n'}
[6.509136] (rover_control_msgs) StdoutLine: {'line': b'-- Up-to-date: /workspaces/IRS_Rover_ROS2_Workspace/rover_ws/install/rover_control_msgs/share/rover_control_msgs/msg/SetOperationalMode.msg\n'}
[6.510194] (rover_control_msgs) StdoutLine: {'line': b'-- Up-to-date: /workspaces/IRS_Rover_ROS2_Workspace/rover_ws/install/rover_control_msgs/share/rover_control_msgs/msg/OperationalModeSettings.msg\n'}
[6.511102] (rover_control_msgs) StdoutLine: {'line': b'-- Up-to-date: /workspaces/IRS_Rover_ROS2_Workspace/rover_ws/install/rover_control_msgs/share/rover_control_msgs/msg/CurrentOperationalMode.msg\n'}
[6.515774] (rover_control_msgs) StdoutLine: {'line': b'-- Up-to-date: /workspaces/IRS_Rover_ROS2_Workspace/rover_ws/install/rover_control_msgs/share/ament_index/resource_index/package_run_dependencies/rover_control_msgs\n'}
[6.517798] (rover_control_msgs) StdoutLine: {'line': b'-- Up-to-date: /workspaces/IRS_Rover_ROS2_Workspace/rover_ws/install/rover_control_msgs/share/ament_index/resource_index/parent_prefix_path/rover_control_msgs\n'}
[6.519642] (rover_control_msgs) StdoutLine: {'line': b'-- Up-to-date: /workspaces/IRS_Rover_ROS2_Workspace/rover_ws/install/rover_control_msgs/share/rover_control_msgs/environment/ament_prefix_path.sh\n'}
[6.522190] (rover_control_msgs) StdoutLine: {'line': b'-- Up-to-date: /workspaces/IRS_Rover_ROS2_Workspace/rover_ws/install/rover_control_msgs/share/rover_control_msgs/environment/ament_prefix_path.dsv\n'}
[6.523724] (rover_control_msgs) StdoutLine: {'line': b'-- Up-to-date: /workspaces/IRS_Rover_ROS2_Workspace/rover_ws/install/rover_control_msgs/share/rover_control_msgs/environment/path.sh\n'}
[6.525379] (rover_control_msgs) StdoutLine: {'line': b'-- Up-to-date: /workspaces/IRS_Rover_ROS2_Workspace/rover_ws/install/rover_control_msgs/share/rover_control_msgs/environment/path.dsv\n'}
[6.527603] (rover_control_msgs) StdoutLine: {'line': b'-- Up-to-date: /workspaces/IRS_Rover_ROS2_Workspace/rover_ws/install/rover_control_msgs/share/rover_control_msgs/local_setup.bash\n'}
[6.529675] (rover_control_msgs) StdoutLine: {'line': b'-- Up-to-date: /workspaces/IRS_Rover_ROS2_Workspace/rover_ws/install/rover_control_msgs/share/rover_control_msgs/local_setup.sh\n'}
[6.531343] (rover_control_msgs) StdoutLine: {'line': b'-- Up-to-date: /workspaces/IRS_Rover_ROS2_Workspace/rover_ws/install/rover_control_msgs/share/rover_control_msgs/local_setup.zsh\n'}
[6.533917] (rover_control_msgs) StdoutLine: {'line': b'-- Up-to-date: /workspaces/IRS_Rover_ROS2_Workspace/rover_ws/install/rover_control_msgs/share/rover_control_msgs/local_setup.dsv\n'}
[6.536399] (rover_control_msgs) StdoutLine: {'line': b'-- Installing: /workspaces/IRS_Rover_ROS2_Workspace/rover_ws/install/rover_control_msgs/share/rover_control_msgs/package.dsv\n'}
[6.538349] (rover_control_msgs) StdoutLine: {'line': b'-- Up-to-date: /workspaces/IRS_Rover_ROS2_Workspace/rover_ws/install/rover_control_msgs/share/ament_index/resource_index/packages/rover_control_msgs\n'}
[6.540024] (rover_control_msgs) StdoutLine: {'line': b'-- Up-to-date: /workspaces/IRS_Rover_ROS2_Workspace/rover_ws/install/rover_control_msgs/share/rover_control_msgs/cmake/export_rover_control_msgs__rosidl_generator_cExport.cmake\n'}
[6.541285] (rover_control_msgs) StdoutLine: {'line': b'-- Up-to-date: /workspaces/IRS_Rover_ROS2_Workspace/rover_ws/install/rover_control_msgs/share/rover_control_msgs/cmake/export_rover_control_msgs__rosidl_generator_cExport-noconfig.cmake\n'}
[6.543192] (rover_control_msgs) StdoutLine: {'line': b'-- Up-to-date: /workspaces/IRS_Rover_ROS2_Workspace/rover_ws/install/rover_control_msgs/share/rover_control_msgs/cmake/export_rover_control_msgs__rosidl_typesupport_fastrtps_cExport.cmake\n'}
[6.544954] (rover_control_msgs) StdoutLine: {'line': b'-- Up-to-date: /workspaces/IRS_Rover_ROS2_Workspace/rover_ws/install/rover_control_msgs/share/rover_control_msgs/cmake/export_rover_control_msgs__rosidl_typesupport_fastrtps_cExport-noconfig.cmake\n'}
[6.546818] (rover_control_msgs) StdoutLine: {'line': b'-- Up-to-date: /workspaces/IRS_Rover_ROS2_Workspace/rover_ws/install/rover_control_msgs/share/rover_control_msgs/cmake/rover_control_msgs__rosidl_typesupport_introspection_cExport.cmake\n'}
[6.548316] (rover_control_msgs) StdoutLine: {'line': b'-- Up-to-date: /workspaces/IRS_Rover_ROS2_Workspace/rover_ws/install/rover_control_msgs/share/rover_control_msgs/cmake/rover_control_msgs__rosidl_typesupport_introspection_cExport-noconfig.cmake\n'}
[6.549599] (rover_control_msgs) StdoutLine: {'line': b'-- Up-to-date: /workspaces/IRS_Rover_ROS2_Workspace/rover_ws/install/rover_control_msgs/share/rover_control_msgs/cmake/rover_control_msgs__rosidl_typesupport_cExport.cmake\n'}
[6.550867] (rover_control_msgs) StdoutLine: {'line': b'-- Up-to-date: /workspaces/IRS_Rover_ROS2_Workspace/rover_ws/install/rover_control_msgs/share/rover_control_msgs/cmake/rover_control_msgs__rosidl_typesupport_cExport-noconfig.cmake\n'}
[6.552309] (rover_control_msgs) StdoutLine: {'line': b'-- Up-to-date: /workspaces/IRS_Rover_ROS2_Workspace/rover_ws/install/rover_control_msgs/share/rover_control_msgs/cmake/export_rover_control_msgs__rosidl_generator_cppExport.cmake\n'}
[6.553761] (rover_control_msgs) StdoutLine: {'line': b'-- Up-to-date: /workspaces/IRS_Rover_ROS2_Workspace/rover_ws/install/rover_control_msgs/share/rover_control_msgs/cmake/export_rover_control_msgs__rosidl_typesupport_fastrtps_cppExport.cmake\n'}
[6.556462] (rover_control_msgs) StdoutLine: {'line': b'-- Up-to-date: /workspaces/IRS_Rover_ROS2_Workspace/rover_ws/install/rover_control_msgs/share/rover_control_msgs/cmake/export_rover_control_msgs__rosidl_typesupport_fastrtps_cppExport-noconfig.cmake\n'}
[6.558605] (rover_control_msgs) StdoutLine: {'line': b'-- Up-to-date: /workspaces/IRS_Rover_ROS2_Workspace/rover_ws/install/rover_control_msgs/share/rover_control_msgs/cmake/rover_control_msgs__rosidl_typesupport_introspection_cppExport.cmake\n'}
[6.560556] (rover_control_msgs) StdoutLine: {'line': b'-- Up-to-date: /workspaces/IRS_Rover_ROS2_Workspace/rover_ws/install/rover_control_msgs/share/rover_control_msgs/cmake/rover_control_msgs__rosidl_typesupport_introspection_cppExport-noconfig.cmake\n'}
[6.562909] (rover_control_msgs) StdoutLine: {'line': b'-- Up-to-date: /workspaces/IRS_Rover_ROS2_Workspace/rover_ws/install/rover_control_msgs/share/rover_control_msgs/cmake/rover_control_msgs__rosidl_typesupport_cppExport.cmake\n'}
[6.565357] (rover_control_msgs) StdoutLine: {'line': b'-- Up-to-date: /workspaces/IRS_Rover_ROS2_Workspace/rover_ws/install/rover_control_msgs/share/rover_control_msgs/cmake/rover_control_msgs__rosidl_typesupport_cppExport-noconfig.cmake\n'}
[6.567217] (rover_control_msgs) StdoutLine: {'line': b'-- Up-to-date: /workspaces/IRS_Rover_ROS2_Workspace/rover_ws/install/rover_control_msgs/share/rover_control_msgs/cmake/export_rover_control_msgs__rosidl_generator_pyExport.cmake\n'}
[6.568856] (rover_control_msgs) StdoutLine: {'line': b'-- Up-to-date: /workspaces/IRS_Rover_ROS2_Workspace/rover_ws/install/rover_control_msgs/share/rover_control_msgs/cmake/export_rover_control_msgs__rosidl_generator_pyExport-noconfig.cmake\n'}
[6.570528] (rover_control_msgs) StdoutLine: {'line': b'-- Up-to-date: /workspaces/IRS_Rover_ROS2_Workspace/rover_ws/install/rover_control_msgs/share/rover_control_msgs/cmake/rosidl_cmake-extras.cmake\n'}
[6.572036] (rover_control_msgs) StdoutLine: {'line': b'-- Up-to-date: /workspaces/IRS_Rover_ROS2_Workspace/rover_ws/install/rover_control_msgs/share/rover_control_msgs/cmake/ament_cmake_export_include_directories-extras.cmake\n'}
[6.573471] (rover_control_msgs) StdoutLine: {'line': b'-- Up-to-date: /workspaces/IRS_Rover_ROS2_Workspace/rover_ws/install/rover_control_msgs/share/rover_control_msgs/cmake/ament_cmake_export_libraries-extras.cmake\n'}
[6.577340] (rover_control_msgs) StdoutLine: {'line': b'-- Up-to-date: /workspaces/IRS_Rover_ROS2_Workspace/rover_ws/install/rover_control_msgs/share/rover_control_msgs/cmake/ament_cmake_export_targets-extras.cmake\n'}
[6.578916] (rover_control_msgs) StdoutLine: {'line': b'-- Up-to-date: /workspaces/IRS_Rover_ROS2_Workspace/rover_ws/install/rover_control_msgs/share/rover_control_msgs/cmake/rosidl_cmake_export_typesupport_targets-extras.cmake\n'}
[6.580327] (rover_control_msgs) StdoutLine: {'line': b'-- Up-to-date: /workspaces/IRS_Rover_ROS2_Workspace/rover_ws/install/rover_control_msgs/share/rover_control_msgs/cmake/ament_cmake_export_dependencies-extras.cmake\n'}
[6.581613] (rover_control_msgs) StdoutLine: {'line': b'-- Up-to-date: /workspaces/IRS_Rover_ROS2_Workspace/rover_ws/install/rover_control_msgs/share/rover_control_msgs/cmake/rosidl_cmake_export_typesupport_libraries-extras.cmake\n'}
[6.582750] (rover_control_msgs) StdoutLine: {'line': b'-- Up-to-date: /workspaces/IRS_Rover_ROS2_Workspace/rover_ws/install/rover_control_msgs/share/rover_control_msgs/cmake/rover_control_msgsConfig.cmake\n'}
[6.583945] (rover_control_msgs) StdoutLine: {'line': b'-- Up-to-date: /workspaces/IRS_Rover_ROS2_Workspace/rover_ws/install/rover_control_msgs/share/rover_control_msgs/cmake/rover_control_msgsConfig-version.cmake\n'}
[6.585226] (rover_control_msgs) StdoutLine: {'line': b'-- Up-to-date: /workspaces/IRS_Rover_ROS2_Workspace/rover_ws/install/rover_control_msgs/share/rover_control_msgs/package.xml\n'}
[6.597291] (-) TimerEvent: {}
[6.698204] (-) TimerEvent: {}
[6.799316] (-) TimerEvent: {}
[6.900239] (-) TimerEvent: {}
[7.001247] (-) TimerEvent: {}
[7.103255] (-) TimerEvent: {}
[7.128075] (rover_control_msgs) CommandEnded: {'returncode': 0}
[7.204237] (-) TimerEvent: {}
[7.306629] (-) TimerEvent: {}
[7.322341] (rover_control_msgs) JobEnded: {'identifier': 'rover_control_msgs', 'rc': 0}
[7.407355] (-) TimerEvent: {}
[7.509179] (-) TimerEvent: {}
[7.610276] (-) TimerEvent: {}
[7.714216] (-) TimerEvent: {}
[7.815238] (-) TimerEvent: {}
[7.916203] (-) TimerEvent: {}
[8.017230] (-) TimerEvent: {}
[8.119218] (-) TimerEvent: {}
[8.220245] (-) TimerEvent: {}
[8.295442] (rover_perception) Command: {'cmd': ['/usr/bin/python3', '-W', 'ignore:setup.py install is deprecated', '-W', 'ignore:easy_install command is deprecated', 'setup.py', 'egg_info', '--egg-base', '../../build/rover_perception', 'build', '--build-base', '/workspaces/IRS_Rover_ROS2_Workspace/rover_ws/build/rover_perception/build', 'install', '--record', '/workspaces/IRS_Rover_ROS2_Workspace/rover_ws/build/rover_perception/install.log', '--single-version-externally-managed', 'install_data'], 'cwd': '/workspaces/IRS_Rover_ROS2_Workspace/rover_ws/src/rover_perception', 'env': {'PYTHON_BASIC_REPL': '1', 'HOSTNAME': '06335fee11bd', 'GIT_ASKPASS': '/vscode/vscode-server/bin/linux-x64/8a7abeba6e03ea3af87bfbce9a1b7e48fed567b8/extensions/git/dist/askpass.sh', 'SHLVL': '2', 'LD_LIBRARY_PATH': '/workspaces/IRS_Rover_ROS2_Workspace/rover_ws/install/rover_perception_msgs/lib:/workspaces/IRS_Rover_ROS2_Workspace/install/rover_perception_msgs/lib:/workspaces/IRS_Rover_ROS2_Workspace/install/rover_control_msgs/lib:/opt/ros/humble/opt/rviz_ogre_vendor/lib:/opt/ros/humble/lib/x86_64-linux-gnu:/opt/ros/humble/lib', 'BROWSER': '/vscode/vscode-server/bin/linux-x64/8a7abeba6e03ea3af87bfbce9a1b7e48fed567b8/bin/helpers/browser.sh', 'HOME': '/root', 'OLDPWD': '/workspaces/IRS_Rover_ROS2_Workspace/rover_ws/src', 'TERM_PROGRAM_VERSION': '1.129.1', 'VSCODE_IPC_HOOK_CLI': '/tmp/vscode-ipc-daf8f1b7-4987-4bf5-821a-71531a0ddf8f.sock', 'ROS_PYTHON_VERSION': '3', 'VSCODE_GIT_ASKPASS_MAIN': '/vscode/vscode-server/bin/linux-x64/8a7abeba6e03ea3af87bfbce9a1b7e48fed567b8/extensions/git/dist/askpass-main.js', 'VSCODE_GIT_ASKPASS_NODE': '/vscode/vscode-server/bin/linux-x64/8a7abeba6e03ea3af87bfbce9a1b7e48fed567b8/node', 'PYDEVD_DISABLE_FILE_VALIDATION': '1', 'BUNDLED_DEBUGPY_PATH': '/root/.vscode-server/extensions/ms-python.debugpy-2026.6.0-linux-x64/bundled/libs/debugpy', 'VSCODE_PYTHON_AUTOACTIVATE_GUARD': '1', 'COLORTERM': 'truecolor', 'REMOTE_CONTAINERS': 'true', 'COLCON_PREFIX_PATH': '/workspaces/IRS_Rover_ROS2_Workspace/install', 'ROS_DISTRO': 'humble', 'REMOTE_CONTAINERS_IPC': '/tmp/vscode-remote-containers-ipc-7dbc6586-1c9e-40b8-aea9-2e78412744cd.sock', '_': '/usr/bin/colcon', 'ROS_VERSION': '2', 'TERM': 'xterm-256color', 'ROS_LOCALHOST_ONLY': '0', 'PATH': '/root/.vscode-server/data/User/globalStorage/github.copilot-chat/debugCommand:/root/.vscode-server/data/User/globalStorage/github.copilot-chat/copilotCli:/vscode/vscode-server/bin/linux-x64/8a7abeba6e03ea3af87bfbce9a1b7e48fed567b8/bin/remote-cli:/opt/ros/humble/bin:/usr/local/sbin:/usr/local/bin:/usr/sbin:/usr/bin:/sbin:/bin:/root/.vscode-server/extensions/ms-python.debugpy-2026.6.0-linux-x64/bundled/scripts/noConfigScripts', 'REMOTE_CONTAINERS_SOCKETS': '["/tmp/vscode-ssh-auth-7dbc6586-1c9e-40b8-aea9-2e78412744cd.sock"]', 'VSCODE_DEBUGPY_ADAPTER_ENDPOINTS': '/root/.vscode-server/extensions/ms-python.debugpy-2026.6.0-linux-x64/.noConfigDebugAdapterEndpoints/endpoint-976d438db84070d5.txt', 'LANG': 'C.UTF-8', 'PYTHONSTARTUP': '/root/.vscode-server/data/User/workspaceStorage/5e37fdcefc6880e31fa1ec46b67abd32/ms-python.python/pythonrc.py', 'LS_COLORS': 'rs=0:di=01;34:ln=01;36:mh=00:pi=40;33:so=01;35:do=01;35:bd=40;33;01:cd=40;33;01:or=40;31;01:mi=00:su=37;41:sg=30;43:ca=30;41:tw=30;42:ow=34;42:st=37;44:ex=01;32:*.tar=01;31:*.tgz=01;31:*.arc=01;31:*.arj=01;31:*.taz=01;31:*.lha=01;31:*.lz4=01;31:*.lzh=01;31:*.lzma=01;31:*.tlz=01;31:*.txz=01;31:*.tzo=01;31:*.t7z=01;31:*.zip=01;31:*.z=01;31:*.dz=01;31:*.gz=01;31:*.lrz=01;31:*.lz=01;31:*.lzo=01;31:*.xz=01;31:*.zst=01;31:*.tzst=01;31:*.bz2=01;31:*.bz=01;31:*.tbz=01;31:*.tbz2=01;31:*.tz=01;31:*.deb=01;31:*.rpm=01;31:*.jar=01;31:*.war=01;31:*.ear=01;31:*.sar=01;31:*.rar=01;31:*.alz=01;31:*.ace=01;31:*.zoo=01;31:*.cpio=01;31:*.7z=01;31:*.rz=01;31:*.cab=01;31:*.wim=01;31:*.swm=01;31:*.dwm=01;31:*.esd=01;31:*.jpg=01;35:*.jpeg=01;35:*.mjpg=01;35:*.mjpeg=01;35:*.gif=01;35:*.bmp=01;35:*.pbm=01;35:*.pgm=01;35:*.ppm=01;35:*.tga=01;35:*.xbm=01;35:*.xpm=01;35:*.tif=01;35:*.tiff=01;35:*.png=01;35:*.svg=01;35:*.svgz=01;35:*.mng=01;35:*.pcx=01;35:*.mov=01;35:*.mpg=01;35:*.mpeg=01;35:*.m2v=01;35:*.mkv=01;35:*.webm=01;35:*.webp=01;35:*.ogm=01;35:*.mp4=01;35:*.m4v=01;35:*.mp4v=01;35:*.vob=01;35:*.qt=01;35:*.nuv=01;35:*.wmv=01;35:*.asf=01;35:*.rm=01;35:*.rmvb=01;35:*.flc=01;35:*.avi=01;35:*.fli=01;35:*.flv=01;35:*.gl=01;35:*.dl=01;35:*.xcf=01;35:*.xwd=01;35:*.yuv=01;35:*.cgm=01;35:*.emf=01;35:*.ogv=01;35:*.ogx=01;35:*.aac=00;36:*.au=00;36:*.flac=00;36:*.m4a=00;36:*.mid=00;36:*.midi=00;36:*.mka=00;36:*.mp3=00;36:*.mpc=00;36:*.ogg=00;36:*.ra=00;36:*.wav=00;36:*.oga=00;36:*.opus=00;36:*.spx=00;36:*.xspf=00;36:', 'VSCODE_GIT_IPC_HANDLE': '/tmp/vscode-git-1d369721e2.sock', 'TERM_PROGRAM': 'vscode', 'SSH_AUTH_SOCK': '/tmp/vscode-ssh-auth-7dbc6586-1c9e-40b8-aea9-2e78412744cd.sock', 'AMENT_PREFIX_PATH': '/workspaces/IRS_Rover_ROS2_Workspace/rover_ws/install/rover_perception_msgs:/workspaces/IRS_Rover_ROS2_Workspace/rover_ws/install/rover_lidar:/workspaces/IRS_Rover_ROS2_Workspace/install/rover_perception:/workspaces/IRS_Rover_ROS2_Workspace/install/rover_perception_msgs:/workspaces/IRS_Rover_ROS2_Workspace/install/rover_lidar:/workspaces/IRS_Rover_ROS2_Workspace/install/rover_control_msgs:/workspaces/IRS_Rover_ROS2_Workspace/install/rover_control:/opt/ros/humble', 'SHELL': '/bin/bash', 'VSCODE_GIT_ASKPASS_EXTRA_ARGS': '', 'PWD': '/workspaces/IRS_Rover_ROS2_Workspace/rover_ws/build/rover_perception', 'LC_ALL': 'C.UTF-8', 'COPILOT_DEBUG_NONCE': '1cdb0b5f05ffc1490ce1ece06c83ace2', 'PYTHONPATH': '/workspaces/IRS_Rover_ROS2_Workspace/rover_ws/build/rover_perception/prefix_override:/usr/lib/python3/dist-packages/colcon_core/task/python/colcon_distutils_commands:/workspaces/IRS_Rover_ROS2_Workspace/rover_ws/install/rover_perception/lib/python3.10/site-packages:/workspaces/IRS_Rover_ROS2_Workspace/rover_ws/install/rover_perception_msgs/local/lib/python3.10/dist-packages:/workspaces/IRS_Rover_ROS2_Workspace/rover_ws/install/rover_lidar/lib/python3.10/site-packages:/workspaces/IRS_Rover_ROS2_Workspace/install/rover_perception/lib/python3.10/site-packages:/workspaces/IRS_Rover_ROS2_Workspace/install/rover_perception_msgs/local/lib/python3.10/dist-packages:/workspaces/IRS_Rover_ROS2_Workspace/install/rover_lidar/lib/python3.10/site-packages:/workspaces/IRS_Rover_ROS2_Workspace/install/rover_control_msgs/local/lib/python3.10/dist-packages:/workspaces/IRS_Rover_ROS2_Workspace/install/rover_control/lib/python3.10/site-packages:/opt/ros/humble/lib/python3.10/site-packages:/opt/ros/humble/local/lib/python3.10/dist-packages', 'COLCON': '1', 'CMAKE_PREFIX_PATH': '/workspaces/IRS_Rover_ROS2_Workspace/rover_ws/install/rover_perception_msgs:/workspaces/IRS_Rover_ROS2_Workspace/install/rover_perception_msgs:/workspaces/IRS_Rover_ROS2_Workspace/install/rover_control_msgs'}, 'shell': False}
[8.321688] (-) TimerEvent: {}
[8.434644] (-) TimerEvent: {}
[8.536280] (-) TimerEvent: {}
[8.637326] (-) TimerEvent: {}
[8.742212] (-) TimerEvent: {}
[8.843175] (-) TimerEvent: {}
[8.944254] (-) TimerEvent: {}
[9.045162] (-) TimerEvent: {}
[9.147335] (-) TimerEvent: {}
[9.212219] (rover_perception) StdoutLine: {'line': b'running egg_info\n'}
[9.213879] (rover_perception) StdoutLine: {'line': b'writing ../../build/rover_perception/rover_perception.egg-info/PKG-INFO\n'}
[9.216847] (rover_perception) StdoutLine: {'line': b'writing dependency_links to ../../build/rover_perception/rover_perception.egg-info/dependency_links.txt\n'}
[9.219894] (rover_perception) StdoutLine: {'line': b'writing entry points to ../../build/rover_perception/rover_perception.egg-info/entry_points.txt\n'}
[9.222039] (rover_perception) StdoutLine: {'line': b'writing requirements to ../../build/rover_perception/rover_perception.egg-info/requires.txt\n'}
[9.224656] (rover_perception) StdoutLine: {'line': b'writing top-level names to ../../build/rover_perception/rover_perception.egg-info/top_level.txt\n'}
[9.238711] (rover_perception) StdoutLine: {'line': b"reading manifest file '../../build/rover_perception/rover_perception.egg-info/SOURCES.txt'\n"}
[9.245205] (rover_perception) StdoutLine: {'line': b"writing manifest file '../../build/rover_perception/rover_perception.egg-info/SOURCES.txt'\n"}
[9.246995] (rover_perception) StdoutLine: {'line': b'running build\n'}
[9.248479] (-) TimerEvent: {}
[9.251042] (rover_perception) StdoutLine: {'line': b'running build_py\n'}
[9.256665] (rover_perception) StdoutLine: {'line': b'running install\n'}
[9.258195] (rover_perception) StdoutLine: {'line': b'running install_lib\n'}
[9.264958] (rover_perception) StdoutLine: {'line': b'running install_data\n'}
[9.267966] (rover_perception) StdoutLine: {'line': b'running install_egg_info\n'}
[9.270252] (rover_perception) StdoutLine: {'line': b"removing '/workspaces/IRS_Rover_ROS2_Workspace/rover_ws/install/rover_perception/lib/python3.10/site-packages/rover_perception-0.0.0-py3.10.egg-info' (and everything under it)\n"}
[9.280491] (rover_perception) StdoutLine: {'line': b'Copying ../../build/rover_perception/rover_perception.egg-info to /workspaces/IRS_Rover_ROS2_Workspace/rover_ws/install/rover_perception/lib/python3.10/site-packages/rover_perception-0.0.0-py3.10.egg-info\n'}
[9.324850] (rover_perception) StdoutLine: {'line': b'running install_scripts\n'}
[9.349195] (-) TimerEvent: {}
[9.372815] (rover_perception) StdoutLine: {'line': b'Installing fake_mast_hw_node script to /workspaces/IRS_Rover_ROS2_Workspace/rover_ws/install/rover_perception/lib/rover_perception\n'}
[9.375565] (rover_perception) StdoutLine: {'line': b'Installing fake_mono_camera_node script to /workspaces/IRS_Rover_ROS2_Workspace/rover_ws/install/rover_perception/lib/rover_perception\n'}
[9.378067] (rover_perception) StdoutLine: {'line': b'Installing fake_stereo_camera_node script to /workspaces/IRS_Rover_ROS2_Workspace/rover_ws/install/rover_perception/lib/rover_perception\n'}
[9.380767] (rover_perception) StdoutLine: {'line': b'Installing frame_transform_node script to /workspaces/IRS_Rover_ROS2_Workspace/rover_ws/install/rover_perception/lib/rover_perception\n'}
[9.383329] (rover_perception) StdoutLine: {'line': b'Installing global_pointcloud_fusion_node script to /workspaces/IRS_Rover_ROS2_Workspace/rover_ws/install/rover_perception/lib/rover_perception\n'}
[9.386065] (rover_perception) StdoutLine: {'line': b'Installing led_detector_node script to /workspaces/IRS_Rover_ROS2_Workspace/rover_ws/install/rover_perception/lib/rover_perception\n'}
[9.388776] (rover_perception) StdoutLine: {'line': b'Installing mast_pose_node script to /workspaces/IRS_Rover_ROS2_Workspace/rover_ws/install/rover_perception/lib/rover_perception\n'}
[9.391313] (rover_perception) StdoutLine: {'line': b'Installing obstacle_grid_node script to /workspaces/IRS_Rover_ROS2_Workspace/rover_ws/install/rover_perception/lib/rover_perception\n'}
[9.394164] (rover_perception) StdoutLine: {'line': b'Installing pointcloud_preprocessing_node script to /workspaces/IRS_Rover_ROS2_Workspace/rover_ws/install/rover_perception/lib/rover_perception\n'}
[9.397178] (rover_perception) StdoutLine: {'line': b'Installing position_rover_node script to /workspaces/IRS_Rover_ROS2_Workspace/rover_ws/install/rover_perception/lib/rover_perception\n'}
[9.400251] (rover_perception) StdoutLine: {'line': b'Installing stereo_pointcloud_node script to /workspaces/IRS_Rover_ROS2_Workspace/rover_ws/install/rover_perception/lib/rover_perception\n'}
[9.402827] (rover_perception) StdoutLine: {'line': b'Installing terrain_visualization_node script to /workspaces/IRS_Rover_ROS2_Workspace/rover_ws/install/rover_perception/lib/rover_perception\n'}
[9.407747] (rover_perception) StdoutLine: {'line': b"writing list of installed files to '/workspaces/IRS_Rover_ROS2_Workspace/rover_ws/build/rover_perception/install.log'\n"}
[9.450148] (-) TimerEvent: {}
[9.464037] (rover_perception) CommandEnded: {'returncode': 0}
[9.594166] (-) TimerEvent: {}
[9.652806] (rover_perception) JobEnded: {'identifier': 'rover_perception', 'rc': 0}
[9.669487] (-) EventReactorShutdown: {}
