[0.000000] (-) TimerEvent: {}
[0.002816] (rover_control) JobQueued: {'identifier': 'rover_control', 'dependencies': OrderedDict()}
[0.003107] (rover_control_msgs) JobQueued: {'identifier': 'rover_control_msgs', 'dependencies': OrderedDict()}
[0.003299] (rover_lidar) JobQueued: {'identifier': 'rover_lidar', 'dependencies': OrderedDict()}
[0.004101] (rover_perception_msgs) JobQueued: {'identifier': 'rover_perception_msgs', 'dependencies': OrderedDict()}
[0.004349] (rover_perception) JobQueued: {'identifier': 'rover_perception', 'dependencies': OrderedDict([('rover_lidar', '/workspaces/IRS_Rover_ROS2_Workspace/rover_ws/install/rover_lidar'), ('rover_perception_msgs', '/workspaces/IRS_Rover_ROS2_Workspace/rover_ws/install/rover_perception_msgs')])}
[0.004600] (rover_lidar) JobStarted: {'identifier': 'rover_lidar'}
[0.043308] (rover_perception_msgs) JobStarted: {'identifier': 'rover_perception_msgs'}
[0.071553] (rover_control) JobStarted: {'identifier': 'rover_control'}
[0.099089] (-) TimerEvent: {}
[0.111512] (rover_control_msgs) JobStarted: {'identifier': 'rover_control_msgs'}
[0.199891] (-) TimerEvent: {}
[0.300991] (-) TimerEvent: {}
[0.401942] (-) TimerEvent: {}
[0.502914] (-) TimerEvent: {}
[0.603948] (-) TimerEvent: {}
[0.661942] (rover_perception_msgs) JobProgress: {'identifier': 'rover_perception_msgs', 'progress': 'cmake'}
[0.666006] (rover_perception_msgs) JobProgress: {'identifier': 'rover_perception_msgs', 'progress': 'build'}
[0.672557] (rover_perception_msgs) Command: {'cmd': ['/usr/bin/cmake', '--build', '/workspaces/IRS_Rover_ROS2_Workspace/rover_ws/build/rover_perception_msgs', '--', '-j12', '-l12'], 'cwd': '/workspaces/IRS_Rover_ROS2_Workspace/rover_ws/build/rover_perception_msgs', 'env': OrderedDict([('PYTHON_BASIC_REPL', '1'), ('HOSTNAME', '06335fee11bd'), ('GIT_ASKPASS', '/vscode/vscode-server/bin/linux-x64/4fe60c8b1cdac1c4c174f2fb180d0d758272d713/extensions/git/dist/askpass.sh'), ('SHLVL', '2'), ('LD_LIBRARY_PATH', '/workspaces/IRS_Rover_ROS2_Workspace/rover_ws/install/rover_perception_msgs/lib:/workspaces/IRS_Rover_ROS2_Workspace/rover_ws/install/rover_control_msgs/lib:/opt/ros/humble/opt/rviz_ogre_vendor/lib:/opt/ros/humble/lib/x86_64-linux-gnu:/opt/ros/humble/lib'), ('BROWSER', '/vscode/vscode-server/bin/linux-x64/4fe60c8b1cdac1c4c174f2fb180d0d758272d713/bin/helpers/browser.sh'), ('HOME', '/root'), ('OLDPWD', '/workspaces/IRS_Rover_ROS2_Workspace'), ('TERM_PROGRAM_VERSION', '1.127.0'), ('VSCODE_IPC_HOOK_CLI', '/tmp/vscode-ipc-a7d8417a-84e0-4652-a058-401c79ab84d0.sock'), ('ROS_PYTHON_VERSION', '3'), ('VSCODE_GIT_ASKPASS_MAIN', '/vscode/vscode-server/bin/linux-x64/4fe60c8b1cdac1c4c174f2fb180d0d758272d713/extensions/git/dist/askpass-main.js'), ('VSCODE_GIT_ASKPASS_NODE', '/vscode/vscode-server/bin/linux-x64/4fe60c8b1cdac1c4c174f2fb180d0d758272d713/node'), ('PYDEVD_DISABLE_FILE_VALIDATION', '1'), ('BUNDLED_DEBUGPY_PATH', '/root/.vscode-server/extensions/ms-python.debugpy-2026.6.0-linux-x64/bundled/libs/debugpy'), ('VSCODE_PYTHON_AUTOACTIVATE_GUARD', '1'), ('COLORTERM', 'truecolor'), ('REMOTE_CONTAINERS', 'true'), ('COLCON_PREFIX_PATH', '/workspaces/IRS_Rover_ROS2_Workspace/rover_ws/install'), ('ROS_DISTRO', 'humble'), ('REMOTE_CONTAINERS_IPC', '/tmp/vscode-remote-containers-ipc-8556e27b-e216-450b-b0cc-1f8365397382.sock'), ('_', '/usr/bin/colcon'), ('ROS_VERSION', '2'), ('TERM', 'xterm-256color'), ('ROS_LOCALHOST_ONLY', '0'), ('PATH', '/root/.vscode-server/data/User/globalStorage/github.copilot-chat/debugCommand:/root/.vscode-server/data/User/globalStorage/github.copilot-chat/copilotCli:/vscode/vscode-server/bin/linux-x64/4fe60c8b1cdac1c4c174f2fb180d0d758272d713/bin/remote-cli:/opt/ros/humble/bin:/usr/local/sbin:/usr/local/bin:/usr/sbin:/usr/bin:/sbin:/bin:/root/.vscode-server/extensions/ms-python.debugpy-2026.6.0-linux-x64/bundled/scripts/noConfigScripts'), ('REMOTE_CONTAINERS_SOCKETS', '["/tmp/vscode-ssh-auth-8556e27b-e216-450b-b0cc-1f8365397382.sock"]'), ('VSCODE_DEBUGPY_ADAPTER_ENDPOINTS', '/root/.vscode-server/extensions/ms-python.debugpy-2026.6.0-linux-x64/.noConfigDebugAdapterEndpoints/endpoint-1e3a0fbd7d538503.txt'), ('LANG', 'C.UTF-8'), ('PYTHONSTARTUP', '/root/.vscode-server/data/User/workspaceStorage/7242e97d3df64538730a6ed5a855f433/ms-python.python/pythonrc.py'), ('LS_COLORS', 'rs=0:di=01;34:ln=01;36:mh=00:pi=40;33:so=01;35:do=01;35:bd=40;33;01:cd=40;33;01:or=40;31;01:mi=00:su=37;41:sg=30;43:ca=30;41:tw=30;42:ow=34;42:st=37;44:ex=01;32:*.tar=01;31:*.tgz=01;31:*.arc=01;31:*.arj=01;31:*.taz=01;31:*.lha=01;31:*.lz4=01;31:*.lzh=01;31:*.lzma=01;31:*.tlz=01;31:*.txz=01;31:*.tzo=01;31:*.t7z=01;31:*.zip=01;31:*.z=01;31:*.dz=01;31:*.gz=01;31:*.lrz=01;31:*.lz=01;31:*.lzo=01;31:*.xz=01;31:*.zst=01;31:*.tzst=01;31:*.bz2=01;31:*.bz=01;31:*.tbz=01;31:*.tbz2=01;31:*.tz=01;31:*.deb=01;31:*.rpm=01;31:*.jar=01;31:*.war=01;31:*.ear=01;31:*.sar=01;31:*.rar=01;31:*.alz=01;31:*.ace=01;31:*.zoo=01;31:*.cpio=01;31:*.7z=01;31:*.rz=01;31:*.cab=01;31:*.wim=01;31:*.swm=01;31:*.dwm=01;31:*.esd=01;31:*.jpg=01;35:*.jpeg=01;35:*.mjpg=01;35:*.mjpeg=01;35:*.gif=01;35:*.bmp=01;35:*.pbm=01;35:*.pgm=01;35:*.ppm=01;35:*.tga=01;35:*.xbm=01;35:*.xpm=01;35:*.tif=01;35:*.tiff=01;35:*.png=01;35:*.svg=01;35:*.svgz=01;35:*.mng=01;35:*.pcx=01;35:*.mov=01;35:*.mpg=01;35:*.mpeg=01;35:*.m2v=01;35:*.mkv=01;35:*.webm=01;35:*.webp=01;35:*.ogm=01;35:*.mp4=01;35:*.m4v=01;35:*.mp4v=01;35:*.vob=01;35:*.qt=01;35:*.nuv=01;35:*.wmv=01;35:*.asf=01;35:*.rm=01;35:*.rmvb=01;35:*.flc=01;35:*.avi=01;35:*.fli=01;35:*.flv=01;35:*.gl=01;35:*.dl=01;35:*.xcf=01;35:*.xwd=01;35:*.yuv=01;35:*.cgm=01;35:*.emf=01;35:*.ogv=01;35:*.ogx=01;35:*.aac=00;36:*.au=00;36:*.flac=00;36:*.m4a=00;36:*.mid=00;36:*.midi=00;36:*.mka=00;36:*.mp3=00;36:*.mpc=00;36:*.ogg=00;36:*.ra=00;36:*.wav=00;36:*.oga=00;36:*.opus=00;36:*.spx=00;36:*.xspf=00;36:'), ('VSCODE_GIT_IPC_HANDLE', '/tmp/vscode-git-bb8c1a7c35.sock'), ('TERM_PROGRAM', 'vscode'), ('SSH_AUTH_SOCK', '/tmp/vscode-ssh-auth-8556e27b-e216-450b-b0cc-1f8365397382.sock'), ('AMENT_PREFIX_PATH', '/workspaces/IRS_Rover_ROS2_Workspace/rover_ws/install/rover_perception_msgs:/workspaces/IRS_Rover_ROS2_Workspace/rover_ws/install/rover_stereocam:/workspaces/IRS_Rover_ROS2_Workspace/rover_ws/install/rover_perception:/workspaces/IRS_Rover_ROS2_Workspace/rover_ws/install/rover_lidar:/workspaces/IRS_Rover_ROS2_Workspace/rover_ws/install/rover_control_msgs:/workspaces/IRS_Rover_ROS2_Workspace/rover_ws/install/rover_control:/opt/ros/humble'), ('SHELL', '/bin/bash'), ('VSCODE_GIT_ASKPASS_EXTRA_ARGS', ''), ('PWD', '/workspaces/IRS_Rover_ROS2_Workspace/rover_ws/build/rover_perception_msgs'), ('LC_ALL', 'C.UTF-8'), ('COPILOT_DEBUG_NONCE', 'ebb28b2f47a55d9f123b03f75e673fb9'), ('PYTHONPATH', '/workspaces/IRS_Rover_ROS2_Workspace/rover_ws/install/rover_perception_msgs/local/lib/python3.10/dist-packages:/workspaces/IRS_Rover_ROS2_Workspace/rover_ws/install/rover_stereocam/lib/python3.10/site-packages:/workspaces/IRS_Rover_ROS2_Workspace/rover_ws/install/rover_perception/lib/python3.10/site-packages:/workspaces/IRS_Rover_ROS2_Workspace/rover_ws/install/rover_lidar/lib/python3.10/site-packages:/workspaces/IRS_Rover_ROS2_Workspace/rover_ws/install/rover_control_msgs/local/lib/python3.10/dist-packages:/workspaces/IRS_Rover_ROS2_Workspace/rover_ws/install/rover_control/lib/python3.10/site-packages:/opt/ros/humble/lib/python3.10/site-packages:/opt/ros/humble/local/lib/python3.10/dist-packages'), ('COLCON', '1'), ('CMAKE_PREFIX_PATH', '/workspaces/IRS_Rover_ROS2_Workspace/rover_ws/install/rover_perception_msgs:/workspaces/IRS_Rover_ROS2_Workspace/rover_ws/install/rover_control_msgs:/workspaces/IRS_Rover_ROS2_Workspace/rover_ws/install/rover_stereocam:/workspaces/IRS_Rover_ROS2_Workspace/rover_ws/install/rover_perception:/workspaces/IRS_Rover_ROS2_Workspace/rover_ws/install/rover_lidar:/workspaces/IRS_Rover_ROS2_Workspace/rover_ws/install/rover_control:/opt/ros/humble')]), 'shell': False}
[0.704799] (-) TimerEvent: {}
[0.805775] (-) TimerEvent: {}
[0.906788] (-) TimerEvent: {}
[1.009294] (-) TimerEvent: {}
[1.111921] (-) TimerEvent: {}
[1.212926] (-) TimerEvent: {}
[1.314282] (-) TimerEvent: {}
[1.333267] (rover_perception_msgs) StdoutLine: {'line': b'[  2%] Built target rover_perception_msgs__rs\n'}
[1.339755] (rover_perception_msgs) StdoutLine: {'line': b'[  4%] Built target rover_perception_msgs__cpp\n'}
[1.342139] (rover_perception_msgs) StdoutLine: {'line': b'[ 14%] Built target rover_perception_msgs__rosidl_generator_c\n'}
[1.345602] (rover_control_msgs) JobProgress: {'identifier': 'rover_control_msgs', 'progress': 'cmake'}
[1.359435] (rover_control_msgs) JobProgress: {'identifier': 'rover_control_msgs', 'progress': 'build'}
[1.369804] (rover_control_msgs) Command: {'cmd': ['/usr/bin/cmake', '--build', '/workspaces/IRS_Rover_ROS2_Workspace/rover_ws/build/rover_control_msgs', '--', '-j12', '-l12'], 'cwd': '/workspaces/IRS_Rover_ROS2_Workspace/rover_ws/build/rover_control_msgs', 'env': OrderedDict([('PYTHON_BASIC_REPL', '1'), ('HOSTNAME', '06335fee11bd'), ('GIT_ASKPASS', '/vscode/vscode-server/bin/linux-x64/4fe60c8b1cdac1c4c174f2fb180d0d758272d713/extensions/git/dist/askpass.sh'), ('SHLVL', '2'), ('LD_LIBRARY_PATH', '/workspaces/IRS_Rover_ROS2_Workspace/rover_ws/install/rover_perception_msgs/lib:/workspaces/IRS_Rover_ROS2_Workspace/rover_ws/install/rover_control_msgs/lib:/opt/ros/humble/opt/rviz_ogre_vendor/lib:/opt/ros/humble/lib/x86_64-linux-gnu:/opt/ros/humble/lib'), ('BROWSER', '/vscode/vscode-server/bin/linux-x64/4fe60c8b1cdac1c4c174f2fb180d0d758272d713/bin/helpers/browser.sh'), ('HOME', '/root'), ('OLDPWD', '/workspaces/IRS_Rover_ROS2_Workspace'), ('TERM_PROGRAM_VERSION', '1.127.0'), ('VSCODE_IPC_HOOK_CLI', '/tmp/vscode-ipc-a7d8417a-84e0-4652-a058-401c79ab84d0.sock'), ('ROS_PYTHON_VERSION', '3'), ('VSCODE_GIT_ASKPASS_MAIN', '/vscode/vscode-server/bin/linux-x64/4fe60c8b1cdac1c4c174f2fb180d0d758272d713/extensions/git/dist/askpass-main.js'), ('VSCODE_GIT_ASKPASS_NODE', '/vscode/vscode-server/bin/linux-x64/4fe60c8b1cdac1c4c174f2fb180d0d758272d713/node'), ('PYDEVD_DISABLE_FILE_VALIDATION', '1'), ('BUNDLED_DEBUGPY_PATH', '/root/.vscode-server/extensions/ms-python.debugpy-2026.6.0-linux-x64/bundled/libs/debugpy'), ('VSCODE_PYTHON_AUTOACTIVATE_GUARD', '1'), ('COLORTERM', 'truecolor'), ('REMOTE_CONTAINERS', 'true'), ('COLCON_PREFIX_PATH', '/workspaces/IRS_Rover_ROS2_Workspace/rover_ws/install'), ('ROS_DISTRO', 'humble'), ('REMOTE_CONTAINERS_IPC', '/tmp/vscode-remote-containers-ipc-8556e27b-e216-450b-b0cc-1f8365397382.sock'), ('_', '/usr/bin/colcon'), ('ROS_VERSION', '2'), ('TERM', 'xterm-256color'), ('ROS_LOCALHOST_ONLY', '0'), ('PATH', '/root/.vscode-server/data/User/globalStorage/github.copilot-chat/debugCommand:/root/.vscode-server/data/User/globalStorage/github.copilot-chat/copilotCli:/vscode/vscode-server/bin/linux-x64/4fe60c8b1cdac1c4c174f2fb180d0d758272d713/bin/remote-cli:/opt/ros/humble/bin:/usr/local/sbin:/usr/local/bin:/usr/sbin:/usr/bin:/sbin:/bin:/root/.vscode-server/extensions/ms-python.debugpy-2026.6.0-linux-x64/bundled/scripts/noConfigScripts'), ('REMOTE_CONTAINERS_SOCKETS', '["/tmp/vscode-ssh-auth-8556e27b-e216-450b-b0cc-1f8365397382.sock"]'), ('VSCODE_DEBUGPY_ADAPTER_ENDPOINTS', '/root/.vscode-server/extensions/ms-python.debugpy-2026.6.0-linux-x64/.noConfigDebugAdapterEndpoints/endpoint-1e3a0fbd7d538503.txt'), ('LANG', 'C.UTF-8'), ('PYTHONSTARTUP', '/root/.vscode-server/data/User/workspaceStorage/7242e97d3df64538730a6ed5a855f433/ms-python.python/pythonrc.py'), ('LS_COLORS', 'rs=0:di=01;34:ln=01;36:mh=00:pi=40;33:so=01;35:do=01;35:bd=40;33;01:cd=40;33;01:or=40;31;01:mi=00:su=37;41:sg=30;43:ca=30;41:tw=30;42:ow=34;42:st=37;44:ex=01;32:*.tar=01;31:*.tgz=01;31:*.arc=01;31:*.arj=01;31:*.taz=01;31:*.lha=01;31:*.lz4=01;31:*.lzh=01;31:*.lzma=01;31:*.tlz=01;31:*.txz=01;31:*.tzo=01;31:*.t7z=01;31:*.zip=01;31:*.z=01;31:*.dz=01;31:*.gz=01;31:*.lrz=01;31:*.lz=01;31:*.lzo=01;31:*.xz=01;31:*.zst=01;31:*.tzst=01;31:*.bz2=01;31:*.bz=01;31:*.tbz=01;31:*.tbz2=01;31:*.tz=01;31:*.deb=01;31:*.rpm=01;31:*.jar=01;31:*.war=01;31:*.ear=01;31:*.sar=01;31:*.rar=01;31:*.alz=01;31:*.ace=01;31:*.zoo=01;31:*.cpio=01;31:*.7z=01;31:*.rz=01;31:*.cab=01;31:*.wim=01;31:*.swm=01;31:*.dwm=01;31:*.esd=01;31:*.jpg=01;35:*.jpeg=01;35:*.mjpg=01;35:*.mjpeg=01;35:*.gif=01;35:*.bmp=01;35:*.pbm=01;35:*.pgm=01;35:*.ppm=01;35:*.tga=01;35:*.xbm=01;35:*.xpm=01;35:*.tif=01;35:*.tiff=01;35:*.png=01;35:*.svg=01;35:*.svgz=01;35:*.mng=01;35:*.pcx=01;35:*.mov=01;35:*.mpg=01;35:*.mpeg=01;35:*.m2v=01;35:*.mkv=01;35:*.webm=01;35:*.webp=01;35:*.ogm=01;35:*.mp4=01;35:*.m4v=01;35:*.mp4v=01;35:*.vob=01;35:*.qt=01;35:*.nuv=01;35:*.wmv=01;35:*.asf=01;35:*.rm=01;35:*.rmvb=01;35:*.flc=01;35:*.avi=01;35:*.fli=01;35:*.flv=01;35:*.gl=01;35:*.dl=01;35:*.xcf=01;35:*.xwd=01;35:*.yuv=01;35:*.cgm=01;35:*.emf=01;35:*.ogv=01;35:*.ogx=01;35:*.aac=00;36:*.au=00;36:*.flac=00;36:*.m4a=00;36:*.mid=00;36:*.midi=00;36:*.mka=00;36:*.mp3=00;36:*.mpc=00;36:*.ogg=00;36:*.ra=00;36:*.wav=00;36:*.oga=00;36:*.opus=00;36:*.spx=00;36:*.xspf=00;36:'), ('VSCODE_GIT_IPC_HANDLE', '/tmp/vscode-git-bb8c1a7c35.sock'), ('TERM_PROGRAM', 'vscode'), ('SSH_AUTH_SOCK', '/tmp/vscode-ssh-auth-8556e27b-e216-450b-b0cc-1f8365397382.sock'), ('AMENT_PREFIX_PATH', '/workspaces/IRS_Rover_ROS2_Workspace/rover_ws/install/rover_perception_msgs:/workspaces/IRS_Rover_ROS2_Workspace/rover_ws/install/rover_stereocam:/workspaces/IRS_Rover_ROS2_Workspace/rover_ws/install/rover_perception:/workspaces/IRS_Rover_ROS2_Workspace/rover_ws/install/rover_lidar:/workspaces/IRS_Rover_ROS2_Workspace/rover_ws/install/rover_control_msgs:/workspaces/IRS_Rover_ROS2_Workspace/rover_ws/install/rover_control:/opt/ros/humble'), ('SHELL', '/bin/bash'), ('VSCODE_GIT_ASKPASS_EXTRA_ARGS', ''), ('PWD', '/workspaces/IRS_Rover_ROS2_Workspace/rover_ws/build/rover_control_msgs'), ('LC_ALL', 'C.UTF-8'), ('COPILOT_DEBUG_NONCE', 'ebb28b2f47a55d9f123b03f75e673fb9'), ('PYTHONPATH', '/workspaces/IRS_Rover_ROS2_Workspace/rover_ws/install/rover_perception_msgs/local/lib/python3.10/dist-packages:/workspaces/IRS_Rover_ROS2_Workspace/rover_ws/install/rover_stereocam/lib/python3.10/site-packages:/workspaces/IRS_Rover_ROS2_Workspace/rover_ws/install/rover_perception/lib/python3.10/site-packages:/workspaces/IRS_Rover_ROS2_Workspace/rover_ws/install/rover_lidar/lib/python3.10/site-packages:/workspaces/IRS_Rover_ROS2_Workspace/rover_ws/install/rover_control_msgs/local/lib/python3.10/dist-packages:/workspaces/IRS_Rover_ROS2_Workspace/rover_ws/install/rover_control/lib/python3.10/site-packages:/opt/ros/humble/lib/python3.10/site-packages:/opt/ros/humble/local/lib/python3.10/dist-packages'), ('COLCON', '1'), ('CMAKE_PREFIX_PATH', '/workspaces/IRS_Rover_ROS2_Workspace/rover_ws/install/rover_perception_msgs:/workspaces/IRS_Rover_ROS2_Workspace/rover_ws/install/rover_control_msgs:/workspaces/IRS_Rover_ROS2_Workspace/rover_ws/install/rover_stereocam:/workspaces/IRS_Rover_ROS2_Workspace/rover_ws/install/rover_perception:/workspaces/IRS_Rover_ROS2_Workspace/rover_ws/install/rover_lidar:/workspaces/IRS_Rover_ROS2_Workspace/rover_ws/install/rover_control:/opt/ros/humble')]), 'shell': False}
[1.430299] (-) TimerEvent: {}
[1.531915] (-) TimerEvent: {}
[1.632986] (-) TimerEvent: {}
[1.677483] (rover_perception_msgs) StdoutLine: {'line': b'[ 14%] Built target ament_cmake_python_copy_rover_perception_msgs\n'}
[1.734846] (-) TimerEvent: {}
[1.837918] (-) TimerEvent: {}
[1.861527] (rover_perception_msgs) StdoutLine: {'line': b'[ 25%] Built target rover_perception_msgs__rosidl_typesupport_cpp\n'}
[1.898648] (rover_perception_msgs) StdoutLine: {'line': b'[ 35%] Built target rover_perception_msgs__rosidl_typesupport_fastrtps_cpp\n'}
[1.939374] (-) TimerEvent: {}
[1.969018] (rover_perception_msgs) StdoutLine: {'line': b'[ 50%] Built target rover_perception_msgs__rosidl_typesupport_c\n'}
[1.980531] (rover_perception_msgs) StdoutLine: {'line': b'[ 56%] Built target rover_perception_msgs__rosidl_typesupport_fastrtps_c\n'}
[2.020699] (rover_perception_msgs) StdoutLine: {'line': b'[ 77%] Built target rover_perception_msgs__rosidl_typesupport_introspection_c\n'}
[2.024447] (rover_perception_msgs) StdoutLine: {'line': b'[ 77%] Built target rover_perception_msgs__rosidl_typesupport_introspection_cpp\n'}
[2.039908] (-) TimerEvent: {}
[2.142090] (-) TimerEvent: {}
[2.244016] (-) TimerEvent: {}
[2.346009] (-) TimerEvent: {}
[2.442098] (rover_perception_msgs) StdoutLine: {'line': b'[ 77%] Built target rover_perception_msgs\n'}
[2.446882] (-) TimerEvent: {}
[2.508634] (rover_lidar) Command: {'cmd': ['/usr/bin/python3', '-W', 'ignore:setup.py install is deprecated', '-W', 'ignore:easy_install command is deprecated', 'setup.py', 'egg_info', '--egg-base', '../../build/rover_lidar', 'build', '--build-base', '/workspaces/IRS_Rover_ROS2_Workspace/rover_ws/build/rover_lidar/build', 'install', '--record', '/workspaces/IRS_Rover_ROS2_Workspace/rover_ws/build/rover_lidar/install.log', '--single-version-externally-managed', 'install_data'], 'cwd': '/workspaces/IRS_Rover_ROS2_Workspace/rover_ws/src/rover_lidar', 'env': {'PYTHON_BASIC_REPL': '1', 'HOSTNAME': '06335fee11bd', 'GIT_ASKPASS': '/vscode/vscode-server/bin/linux-x64/4fe60c8b1cdac1c4c174f2fb180d0d758272d713/extensions/git/dist/askpass.sh', 'SHLVL': '2', 'LD_LIBRARY_PATH': '/workspaces/IRS_Rover_ROS2_Workspace/rover_ws/install/rover_perception_msgs/lib:/workspaces/IRS_Rover_ROS2_Workspace/rover_ws/install/rover_control_msgs/lib:/opt/ros/humble/opt/rviz_ogre_vendor/lib:/opt/ros/humble/lib/x86_64-linux-gnu:/opt/ros/humble/lib', 'BROWSER': '/vscode/vscode-server/bin/linux-x64/4fe60c8b1cdac1c4c174f2fb180d0d758272d713/bin/helpers/browser.sh', 'HOME': '/root', 'OLDPWD': '/workspaces/IRS_Rover_ROS2_Workspace', 'TERM_PROGRAM_VERSION': '1.127.0', 'VSCODE_IPC_HOOK_CLI': '/tmp/vscode-ipc-a7d8417a-84e0-4652-a058-401c79ab84d0.sock', 'ROS_PYTHON_VERSION': '3', 'VSCODE_GIT_ASKPASS_MAIN': '/vscode/vscode-server/bin/linux-x64/4fe60c8b1cdac1c4c174f2fb180d0d758272d713/extensions/git/dist/askpass-main.js', 'VSCODE_GIT_ASKPASS_NODE': '/vscode/vscode-server/bin/linux-x64/4fe60c8b1cdac1c4c174f2fb180d0d758272d713/node', 'PYDEVD_DISABLE_FILE_VALIDATION': '1', 'BUNDLED_DEBUGPY_PATH': '/root/.vscode-server/extensions/ms-python.debugpy-2026.6.0-linux-x64/bundled/libs/debugpy', 'VSCODE_PYTHON_AUTOACTIVATE_GUARD': '1', 'COLORTERM': 'truecolor', 'REMOTE_CONTAINERS': 'true', 'COLCON_PREFIX_PATH': '/workspaces/IRS_Rover_ROS2_Workspace/rover_ws/install', 'ROS_DISTRO': 'humble', 'REMOTE_CONTAINERS_IPC': '/tmp/vscode-remote-containers-ipc-8556e27b-e216-450b-b0cc-1f8365397382.sock', '_': '/usr/bin/colcon', 'ROS_VERSION': '2', 'TERM': 'xterm-256color', 'ROS_LOCALHOST_ONLY': '0', 'PATH': '/root/.vscode-server/data/User/globalStorage/github.copilot-chat/debugCommand:/root/.vscode-server/data/User/globalStorage/github.copilot-chat/copilotCli:/vscode/vscode-server/bin/linux-x64/4fe60c8b1cdac1c4c174f2fb180d0d758272d713/bin/remote-cli:/opt/ros/humble/bin:/usr/local/sbin:/usr/local/bin:/usr/sbin:/usr/bin:/sbin:/bin:/root/.vscode-server/extensions/ms-python.debugpy-2026.6.0-linux-x64/bundled/scripts/noConfigScripts', 'REMOTE_CONTAINERS_SOCKETS': '["/tmp/vscode-ssh-auth-8556e27b-e216-450b-b0cc-1f8365397382.sock"]', 'VSCODE_DEBUGPY_ADAPTER_ENDPOINTS': '/root/.vscode-server/extensions/ms-python.debugpy-2026.6.0-linux-x64/.noConfigDebugAdapterEndpoints/endpoint-1e3a0fbd7d538503.txt', 'LANG': 'C.UTF-8', 'PYTHONSTARTUP': '/root/.vscode-server/data/User/workspaceStorage/7242e97d3df64538730a6ed5a855f433/ms-python.python/pythonrc.py', 'LS_COLORS': 'rs=0:di=01;34:ln=01;36:mh=00:pi=40;33:so=01;35:do=01;35:bd=40;33;01:cd=40;33;01:or=40;31;01:mi=00:su=37;41:sg=30;43:ca=30;41:tw=30;42:ow=34;42:st=37;44:ex=01;32:*.tar=01;31:*.tgz=01;31:*.arc=01;31:*.arj=01;31:*.taz=01;31:*.lha=01;31:*.lz4=01;31:*.lzh=01;31:*.lzma=01;31:*.tlz=01;31:*.txz=01;31:*.tzo=01;31:*.t7z=01;31:*.zip=01;31:*.z=01;31:*.dz=01;31:*.gz=01;31:*.lrz=01;31:*.lz=01;31:*.lzo=01;31:*.xz=01;31:*.zst=01;31:*.tzst=01;31:*.bz2=01;31:*.bz=01;31:*.tbz=01;31:*.tbz2=01;31:*.tz=01;31:*.deb=01;31:*.rpm=01;31:*.jar=01;31:*.war=01;31:*.ear=01;31:*.sar=01;31:*.rar=01;31:*.alz=01;31:*.ace=01;31:*.zoo=01;31:*.cpio=01;31:*.7z=01;31:*.rz=01;31:*.cab=01;31:*.wim=01;31:*.swm=01;31:*.dwm=01;31:*.esd=01;31:*.jpg=01;35:*.jpeg=01;35:*.mjpg=01;35:*.mjpeg=01;35:*.gif=01;35:*.bmp=01;35:*.pbm=01;35:*.pgm=01;35:*.ppm=01;35:*.tga=01;35:*.xbm=01;35:*.xpm=01;35:*.tif=01;35:*.tiff=01;35:*.png=01;35:*.svg=01;35:*.svgz=01;35:*.mng=01;35:*.pcx=01;35:*.mov=01;35:*.mpg=01;35:*.mpeg=01;35:*.m2v=01;35:*.mkv=01;35:*.webm=01;35:*.webp=01;35:*.ogm=01;35:*.mp4=01;35:*.m4v=01;35:*.mp4v=01;35:*.vob=01;35:*.qt=01;35:*.nuv=01;35:*.wmv=01;35:*.asf=01;35:*.rm=01;35:*.rmvb=01;35:*.flc=01;35:*.avi=01;35:*.fli=01;35:*.flv=01;35:*.gl=01;35:*.dl=01;35:*.xcf=01;35:*.xwd=01;35:*.yuv=01;35:*.cgm=01;35:*.emf=01;35:*.ogv=01;35:*.ogx=01;35:*.aac=00;36:*.au=00;36:*.flac=00;36:*.m4a=00;36:*.mid=00;36:*.midi=00;36:*.mka=00;36:*.mp3=00;36:*.mpc=00;36:*.ogg=00;36:*.ra=00;36:*.wav=00;36:*.oga=00;36:*.opus=00;36:*.spx=00;36:*.xspf=00;36:', 'VSCODE_GIT_IPC_HANDLE': '/tmp/vscode-git-bb8c1a7c35.sock', 'TERM_PROGRAM': 'vscode', 'SSH_AUTH_SOCK': '/tmp/vscode-ssh-auth-8556e27b-e216-450b-b0cc-1f8365397382.sock', 'AMENT_PREFIX_PATH': '/workspaces/IRS_Rover_ROS2_Workspace/rover_ws/install/rover_perception_msgs:/workspaces/IRS_Rover_ROS2_Workspace/rover_ws/install/rover_stereocam:/workspaces/IRS_Rover_ROS2_Workspace/rover_ws/install/rover_perception:/workspaces/IRS_Rover_ROS2_Workspace/rover_ws/install/rover_lidar:/workspaces/IRS_Rover_ROS2_Workspace/rover_ws/install/rover_control_msgs:/workspaces/IRS_Rover_ROS2_Workspace/rover_ws/install/rover_control:/opt/ros/humble', 'SHELL': '/bin/bash', 'VSCODE_GIT_ASKPASS_EXTRA_ARGS': '', 'PWD': '/workspaces/IRS_Rover_ROS2_Workspace/rover_ws/build/rover_lidar', 'LC_ALL': 'C.UTF-8', 'COPILOT_DEBUG_NONCE': 'ebb28b2f47a55d9f123b03f75e673fb9', 'PYTHONPATH': '/workspaces/IRS_Rover_ROS2_Workspace/rover_ws/build/rover_lidar/prefix_override:/usr/lib/python3/dist-packages/colcon_core/task/python/colcon_distutils_commands:/workspaces/IRS_Rover_ROS2_Workspace/rover_ws/install/rover_lidar/lib/python3.10/site-packages:/workspaces/IRS_Rover_ROS2_Workspace/rover_ws/install/rover_perception_msgs/local/lib/python3.10/dist-packages:/workspaces/IRS_Rover_ROS2_Workspace/rover_ws/install/rover_stereocam/lib/python3.10/site-packages:/workspaces/IRS_Rover_ROS2_Workspace/rover_ws/install/rover_perception/lib/python3.10/site-packages:/workspaces/IRS_Rover_ROS2_Workspace/rover_ws/install/rover_lidar/lib/python3.10/site-packages:/workspaces/IRS_Rover_ROS2_Workspace/rover_ws/install/rover_control_msgs/local/lib/python3.10/dist-packages:/workspaces/IRS_Rover_ROS2_Workspace/rover_ws/install/rover_control/lib/python3.10/site-packages:/opt/ros/humble/lib/python3.10/site-packages:/opt/ros/humble/local/lib/python3.10/dist-packages', 'COLCON': '1', 'CMAKE_PREFIX_PATH': '/workspaces/IRS_Rover_ROS2_Workspace/rover_ws/install/rover_perception_msgs:/workspaces/IRS_Rover_ROS2_Workspace/rover_ws/install/rover_control_msgs'}, 'shell': False}
[2.548029] (-) TimerEvent: {}
[2.562046] (rover_control) Command: {'cmd': ['/usr/bin/python3', '-W', 'ignore:setup.py install is deprecated', '-W', 'ignore:easy_install command is deprecated', 'setup.py', 'egg_info', '--egg-base', '../../build/rover_control', 'build', '--build-base', '/workspaces/IRS_Rover_ROS2_Workspace/rover_ws/build/rover_control/build', 'install', '--record', '/workspaces/IRS_Rover_ROS2_Workspace/rover_ws/build/rover_control/install.log', '--single-version-externally-managed', 'install_data'], 'cwd': '/workspaces/IRS_Rover_ROS2_Workspace/rover_ws/src/rover_control', 'env': {'PYTHON_BASIC_REPL': '1', 'HOSTNAME': '06335fee11bd', 'GIT_ASKPASS': '/vscode/vscode-server/bin/linux-x64/4fe60c8b1cdac1c4c174f2fb180d0d758272d713/extensions/git/dist/askpass.sh', 'SHLVL': '2', 'LD_LIBRARY_PATH': '/workspaces/IRS_Rover_ROS2_Workspace/rover_ws/install/rover_perception_msgs/lib:/workspaces/IRS_Rover_ROS2_Workspace/rover_ws/install/rover_control_msgs/lib:/opt/ros/humble/opt/rviz_ogre_vendor/lib:/opt/ros/humble/lib/x86_64-linux-gnu:/opt/ros/humble/lib', 'BROWSER': '/vscode/vscode-server/bin/linux-x64/4fe60c8b1cdac1c4c174f2fb180d0d758272d713/bin/helpers/browser.sh', 'HOME': '/root', 'OLDPWD': '/workspaces/IRS_Rover_ROS2_Workspace', 'TERM_PROGRAM_VERSION': '1.127.0', 'VSCODE_IPC_HOOK_CLI': '/tmp/vscode-ipc-a7d8417a-84e0-4652-a058-401c79ab84d0.sock', 'ROS_PYTHON_VERSION': '3', 'VSCODE_GIT_ASKPASS_MAIN': '/vscode/vscode-server/bin/linux-x64/4fe60c8b1cdac1c4c174f2fb180d0d758272d713/extensions/git/dist/askpass-main.js', 'VSCODE_GIT_ASKPASS_NODE': '/vscode/vscode-server/bin/linux-x64/4fe60c8b1cdac1c4c174f2fb180d0d758272d713/node', 'PYDEVD_DISABLE_FILE_VALIDATION': '1', 'BUNDLED_DEBUGPY_PATH': '/root/.vscode-server/extensions/ms-python.debugpy-2026.6.0-linux-x64/bundled/libs/debugpy', 'VSCODE_PYTHON_AUTOACTIVATE_GUARD': '1', 'COLORTERM': 'truecolor', 'REMOTE_CONTAINERS': 'true', 'COLCON_PREFIX_PATH': '/workspaces/IRS_Rover_ROS2_Workspace/rover_ws/install', 'ROS_DISTRO': 'humble', 'REMOTE_CONTAINERS_IPC': '/tmp/vscode-remote-containers-ipc-8556e27b-e216-450b-b0cc-1f8365397382.sock', '_': '/usr/bin/colcon', 'ROS_VERSION': '2', 'TERM': 'xterm-256color', 'ROS_LOCALHOST_ONLY': '0', 'PATH': '/root/.vscode-server/data/User/globalStorage/github.copilot-chat/debugCommand:/root/.vscode-server/data/User/globalStorage/github.copilot-chat/copilotCli:/vscode/vscode-server/bin/linux-x64/4fe60c8b1cdac1c4c174f2fb180d0d758272d713/bin/remote-cli:/opt/ros/humble/bin:/usr/local/sbin:/usr/local/bin:/usr/sbin:/usr/bin:/sbin:/bin:/root/.vscode-server/extensions/ms-python.debugpy-2026.6.0-linux-x64/bundled/scripts/noConfigScripts', 'REMOTE_CONTAINERS_SOCKETS': '["/tmp/vscode-ssh-auth-8556e27b-e216-450b-b0cc-1f8365397382.sock"]', 'VSCODE_DEBUGPY_ADAPTER_ENDPOINTS': '/root/.vscode-server/extensions/ms-python.debugpy-2026.6.0-linux-x64/.noConfigDebugAdapterEndpoints/endpoint-1e3a0fbd7d538503.txt', 'LANG': 'C.UTF-8', 'PYTHONSTARTUP': '/root/.vscode-server/data/User/workspaceStorage/7242e97d3df64538730a6ed5a855f433/ms-python.python/pythonrc.py', 'LS_COLORS': 'rs=0:di=01;34:ln=01;36:mh=00:pi=40;33:so=01;35:do=01;35:bd=40;33;01:cd=40;33;01:or=40;31;01:mi=00:su=37;41:sg=30;43:ca=30;41:tw=30;42:ow=34;42:st=37;44:ex=01;32:*.tar=01;31:*.tgz=01;31:*.arc=01;31:*.arj=01;31:*.taz=01;31:*.lha=01;31:*.lz4=01;31:*.lzh=01;31:*.lzma=01;31:*.tlz=01;31:*.txz=01;31:*.tzo=01;31:*.t7z=01;31:*.zip=01;31:*.z=01;31:*.dz=01;31:*.gz=01;31:*.lrz=01;31:*.lz=01;31:*.lzo=01;31:*.xz=01;31:*.zst=01;31:*.tzst=01;31:*.bz2=01;31:*.bz=01;31:*.tbz=01;31:*.tbz2=01;31:*.tz=01;31:*.deb=01;31:*.rpm=01;31:*.jar=01;31:*.war=01;31:*.ear=01;31:*.sar=01;31:*.rar=01;31:*.alz=01;31:*.ace=01;31:*.zoo=01;31:*.cpio=01;31:*.7z=01;31:*.rz=01;31:*.cab=01;31:*.wim=01;31:*.swm=01;31:*.dwm=01;31:*.esd=01;31:*.jpg=01;35:*.jpeg=01;35:*.mjpg=01;35:*.mjpeg=01;35:*.gif=01;35:*.bmp=01;35:*.pbm=01;35:*.pgm=01;35:*.ppm=01;35:*.tga=01;35:*.xbm=01;35:*.xpm=01;35:*.tif=01;35:*.tiff=01;35:*.png=01;35:*.svg=01;35:*.svgz=01;35:*.mng=01;35:*.pcx=01;35:*.mov=01;35:*.mpg=01;35:*.mpeg=01;35:*.m2v=01;35:*.mkv=01;35:*.webm=01;35:*.webp=01;35:*.ogm=01;35:*.mp4=01;35:*.m4v=01;35:*.mp4v=01;35:*.vob=01;35:*.qt=01;35:*.nuv=01;35:*.wmv=01;35:*.asf=01;35:*.rm=01;35:*.rmvb=01;35:*.flc=01;35:*.avi=01;35:*.fli=01;35:*.flv=01;35:*.gl=01;35:*.dl=01;35:*.xcf=01;35:*.xwd=01;35:*.yuv=01;35:*.cgm=01;35:*.emf=01;35:*.ogv=01;35:*.ogx=01;35:*.aac=00;36:*.au=00;36:*.flac=00;36:*.m4a=00;36:*.mid=00;36:*.midi=00;36:*.mka=00;36:*.mp3=00;36:*.mpc=00;36:*.ogg=00;36:*.ra=00;36:*.wav=00;36:*.oga=00;36:*.opus=00;36:*.spx=00;36:*.xspf=00;36:', 'VSCODE_GIT_IPC_HANDLE': '/tmp/vscode-git-bb8c1a7c35.sock', 'TERM_PROGRAM': 'vscode', 'SSH_AUTH_SOCK': '/tmp/vscode-ssh-auth-8556e27b-e216-450b-b0cc-1f8365397382.sock', 'AMENT_PREFIX_PATH': '/workspaces/IRS_Rover_ROS2_Workspace/rover_ws/install/rover_perception_msgs:/workspaces/IRS_Rover_ROS2_Workspace/rover_ws/install/rover_stereocam:/workspaces/IRS_Rover_ROS2_Workspace/rover_ws/install/rover_perception:/workspaces/IRS_Rover_ROS2_Workspace/rover_ws/install/rover_lidar:/workspaces/IRS_Rover_ROS2_Workspace/rover_ws/install/rover_control_msgs:/workspaces/IRS_Rover_ROS2_Workspace/rover_ws/install/rover_control:/opt/ros/humble', 'SHELL': '/bin/bash', 'VSCODE_GIT_ASKPASS_EXTRA_ARGS': '', 'PWD': '/workspaces/IRS_Rover_ROS2_Workspace/rover_ws/build/rover_control', 'LC_ALL': 'C.UTF-8', 'COPILOT_DEBUG_NONCE': 'ebb28b2f47a55d9f123b03f75e673fb9', 'PYTHONPATH': '/workspaces/IRS_Rover_ROS2_Workspace/rover_ws/build/rover_control/prefix_override:/usr/lib/python3/dist-packages/colcon_core/task/python/colcon_distutils_commands:/workspaces/IRS_Rover_ROS2_Workspace/rover_ws/install/rover_control/lib/python3.10/site-packages:/workspaces/IRS_Rover_ROS2_Workspace/rover_ws/install/rover_perception_msgs/local/lib/python3.10/dist-packages:/workspaces/IRS_Rover_ROS2_Workspace/rover_ws/install/rover_stereocam/lib/python3.10/site-packages:/workspaces/IRS_Rover_ROS2_Workspace/rover_ws/install/rover_perception/lib/python3.10/site-packages:/workspaces/IRS_Rover_ROS2_Workspace/rover_ws/install/rover_lidar/lib/python3.10/site-packages:/workspaces/IRS_Rover_ROS2_Workspace/rover_ws/install/rover_control_msgs/local/lib/python3.10/dist-packages:/workspaces/IRS_Rover_ROS2_Workspace/rover_ws/install/rover_control/lib/python3.10/site-packages:/opt/ros/humble/lib/python3.10/site-packages:/opt/ros/humble/local/lib/python3.10/dist-packages', 'COLCON': '1', 'CMAKE_PREFIX_PATH': '/workspaces/IRS_Rover_ROS2_Workspace/rover_ws/install/rover_perception_msgs:/workspaces/IRS_Rover_ROS2_Workspace/rover_ws/install/rover_control_msgs'}, 'shell': False}
[2.589303] (rover_control_msgs) StdoutLine: {'line': b'[  1%] Built target rover_control_msgs__rs\n'}
[2.650994] (-) TimerEvent: {}
[2.702365] (rover_control_msgs) StdoutLine: {'line': b'[ 12%] Built target rover_control_msgs__cpp\n'}
[2.749980] (rover_control_msgs) StdoutLine: {'line': b'[ 14%] Built target rover_control_msgs__rosidl_generator_c\n'}
[2.755536] (-) TimerEvent: {}
[2.861948] (-) TimerEvent: {}
[2.899461] (rover_perception_msgs) StdoutLine: {'line': b'running egg_info\n'}
[2.902329] (rover_perception_msgs) StdoutLine: {'line': b'writing rover_perception_msgs.egg-info/PKG-INFO\n'}
[2.906176] (rover_perception_msgs) StdoutLine: {'line': b'writing dependency_links to rover_perception_msgs.egg-info/dependency_links.txt\n'}
[2.911611] (rover_perception_msgs) StdoutLine: {'line': b'writing top-level names to rover_perception_msgs.egg-info/top_level.txt\n'}
[2.929174] (rover_perception_msgs) StdoutLine: {'line': b"reading manifest file 'rover_perception_msgs.egg-info/SOURCES.txt'\n"}
[2.934996] (rover_perception_msgs) StdoutLine: {'line': b"writing manifest file 'rover_perception_msgs.egg-info/SOURCES.txt'\n"}
[2.963844] (-) TimerEvent: {}
[3.064867] (-) TimerEvent: {}
[3.166014] (-) TimerEvent: {}
[3.267651] (-) TimerEvent: {}
[3.314962] (rover_control_msgs) StdoutLine: {'line': b'[ 14%] Built target ament_cmake_python_copy_rover_control_msgs\n'}
[3.325455] (rover_perception_msgs) StdoutLine: {'line': b'[ 79%] Built target rover_perception_msgs__py\n'}
[3.369063] (-) TimerEvent: {}
[3.414690] (rover_perception_msgs) StdoutLine: {'line': b'[ 79%] Built target ament_cmake_python_build_rover_perception_msgs_egg\n'}
[3.477072] (-) TimerEvent: {}
[3.500993] (rover_lidar) StdoutLine: {'line': b'running egg_info\n'}
[3.504372] (rover_lidar) StdoutLine: {'line': b'writing ../../build/rover_lidar/rover_lidar.egg-info/PKG-INFO\n'}
[3.507663] (rover_lidar) StdoutLine: {'line': b'writing dependency_links to ../../build/rover_lidar/rover_lidar.egg-info/dependency_links.txt\n'}
[3.511307] (rover_lidar) StdoutLine: {'line': b'writing entry points to ../../build/rover_lidar/rover_lidar.egg-info/entry_points.txt\n'}
[3.515589] (rover_lidar) StdoutLine: {'line': b'writing requirements to ../../build/rover_lidar/rover_lidar.egg-info/requires.txt\n'}
[3.518650] (rover_lidar) StdoutLine: {'line': b'writing top-level names to ../../build/rover_lidar/rover_lidar.egg-info/top_level.txt\n'}
[3.525348] (rover_control) StdoutLine: {'line': b'running egg_info\n'}
[3.531936] (rover_control) StdoutLine: {'line': b'writing ../../build/rover_control/rover_control.egg-info/PKG-INFO\n'}
[3.533592] (rover_lidar) StdoutLine: {'line': b"reading manifest file '../../build/rover_lidar/rover_lidar.egg-info/SOURCES.txt'\n"}
[3.534931] (rover_control) StdoutLine: {'line': b'writing dependency_links to ../../build/rover_control/rover_control.egg-info/dependency_links.txt\n'}
[3.538023] (rover_control) StdoutLine: {'line': b'writing entry points to ../../build/rover_control/rover_control.egg-info/entry_points.txt\n'}
[3.541170] (rover_lidar) StdoutLine: {'line': b"writing manifest file '../../build/rover_lidar/rover_lidar.egg-info/SOURCES.txt'\n"}
[3.543260] (rover_control) StdoutLine: {'line': b'writing requirements to ../../build/rover_control/rover_control.egg-info/requires.txt\n'}
[3.545493] (rover_lidar) StdoutLine: {'line': b'running build\n'}
[3.547208] (rover_lidar) StdoutLine: {'line': b'running build_py\n'}
[3.550972] (rover_control) StdoutLine: {'line': b'writing top-level names to ../../build/rover_control/rover_control.egg-info/top_level.txt\n'}
[3.553336] (rover_lidar) StdoutLine: {'line': b'running install\n'}
[3.556195] (rover_lidar) StdoutLine: {'line': b'running install_lib\n'}
[3.565079] (rover_lidar) StdoutLine: {'line': b'running install_data\n'}
[3.567221] (rover_control) StdoutLine: {'line': b"reading manifest file '../../build/rover_control/rover_control.egg-info/SOURCES.txt'\n"}
[3.572097] (rover_lidar) StdoutLine: {'line': b'running install_egg_info\n'}
[3.575331] (rover_lidar) StdoutLine: {'line': b"removing '/workspaces/IRS_Rover_ROS2_Workspace/rover_ws/install/rover_lidar/lib/python3.10/site-packages/rover_lidar-0.0.0-py3.10.egg-info' (and everything under it)\n"}
[3.579571] (-) TimerEvent: {}
[3.580379] (rover_control) StdoutLine: {'line': b"writing manifest file '../../build/rover_control/rover_control.egg-info/SOURCES.txt'\n"}
[3.582181] (rover_control) StdoutLine: {'line': b'running build\n'}
[3.584372] (rover_control) StdoutLine: {'line': b'running build_py\n'}
[3.588370] (rover_lidar) StdoutLine: {'line': b'Copying ../../build/rover_lidar/rover_lidar.egg-info to /workspaces/IRS_Rover_ROS2_Workspace/rover_ws/install/rover_lidar/lib/python3.10/site-packages/rover_lidar-0.0.0-py3.10.egg-info\n'}
[3.590071] (rover_control) StdoutLine: {'line': b'running install\n'}
[3.593434] (rover_control_msgs) StdoutLine: {'line': b'[ 25%] Built target rover_control_msgs__rosidl_typesupport_fastrtps_cpp\n'}
[3.595671] (rover_control) StdoutLine: {'line': b'running install_lib\n'}
[3.601195] (rover_control) StdoutLine: {'line': b'running install_data\n'}
[3.603921] (rover_control) StdoutLine: {'line': b'running install_egg_info\n'}
[3.606495] (rover_control) StdoutLine: {'line': b"removing '/workspaces/IRS_Rover_ROS2_Workspace/rover_ws/install/rover_control/lib/python3.10/site-packages/rover_control-0.0.0-py3.10.egg-info' (and everything under it)\n"}
[3.615916] (rover_control) StdoutLine: {'line': b'Copying ../../build/rover_control/rover_control.egg-info to /workspaces/IRS_Rover_ROS2_Workspace/rover_ws/install/rover_control/lib/python3.10/site-packages/rover_control-0.0.0-py3.10.egg-info\n'}
[3.630312] (rover_control_msgs) StdoutLine: {'line': b'[ 35%] Built target rover_control_msgs__rosidl_typesupport_cpp\n'}
[3.643203] (rover_lidar) StdoutLine: {'line': b'running install_scripts\n'}
[3.673375] (rover_control_msgs) StdoutLine: {'line': b'[ 51%] Built target rover_control_msgs__rosidl_typesupport_introspection_cpp\n'}
[3.677830] (rover_control) StdoutLine: {'line': b'running install_scripts\n'}
[3.680577] (-) TimerEvent: {}
[3.685238] (rover_control_msgs) StdoutLine: {'line': b'[ 57%] Built target rover_control_msgs__rosidl_typesupport_introspection_c\n'}
[3.707005] (rover_lidar) StdoutLine: {'line': b'Installing fake_lidar_node script to /workspaces/IRS_Rover_ROS2_Workspace/rover_ws/install/rover_lidar/lib/rover_lidar\n'}
[3.713857] (rover_lidar) StdoutLine: {'line': b'Installing lidar_processing_node script to /workspaces/IRS_Rover_ROS2_Workspace/rover_ws/install/rover_lidar/lib/rover_lidar\n'}
[3.726049] (rover_lidar) StdoutLine: {'line': b"writing list of installed files to '/workspaces/IRS_Rover_ROS2_Workspace/rover_ws/build/rover_lidar/install.log'\n"}
[3.729553] (rover_control_msgs) StdoutLine: {'line': b'[ 71%] Built target rover_control_msgs__rosidl_typesupport_fastrtps_c\n'}
[3.740580] (rover_control_msgs) StdoutLine: {'line': b'[ 78%] Built target rover_control_msgs__rosidl_typesupport_c\n'}
[3.744122] (rover_control) StdoutLine: {'line': b'Installing command_node script to /workspaces/IRS_Rover_ROS2_Workspace/rover_ws/install/rover_control/lib/rover_control\n'}
[3.749498] (rover_control) StdoutLine: {'line': b'Installing fake_stm32_bridge_node script to /workspaces/IRS_Rover_ROS2_Workspace/rover_ws/install/rover_control/lib/rover_control\n'}
[3.752905] (rover_control) StdoutLine: {'line': b'Installing rover_pose_node script to /workspaces/IRS_Rover_ROS2_Workspace/rover_ws/install/rover_control/lib/rover_control\n'}
[3.756692] (rover_control) StdoutLine: {'line': b'Installing set_mode_node script to /workspaces/IRS_Rover_ROS2_Workspace/rover_ws/install/rover_control/lib/rover_control\n'}
[3.762279] (rover_control) StdoutLine: {'line': b'Installing stm_bridge_node script to /workspaces/IRS_Rover_ROS2_Workspace/rover_ws/install/rover_control/lib/rover_control\n'}
[3.767288] (rover_control) StdoutLine: {'line': b'Installing wifi_node script to /workspaces/IRS_Rover_ROS2_Workspace/rover_ws/install/rover_control/lib/rover_control\n'}
[3.778237] (rover_control) StdoutLine: {'line': b"writing list of installed files to '/workspaces/IRS_Rover_ROS2_Workspace/rover_ws/build/rover_control/install.log'\n"}
[3.780661] (-) TimerEvent: {}
[3.806455] (rover_lidar) CommandEnded: {'returncode': 0}
[3.881228] (-) TimerEvent: {}
[3.893654] (rover_perception_msgs) StdoutLine: {'line': b'[ 87%] Built target rover_perception_msgs__rosidl_generator_py\n'}
[3.928180] (rover_lidar) JobEnded: {'identifier': 'rover_lidar', 'rc': 0}
[3.941965] (rover_control) CommandEnded: {'returncode': 0}
[3.982198] (-) TimerEvent: {}
[4.034392] (rover_control) JobEnded: {'identifier': 'rover_control', 'rc': 0}
[4.080283] (rover_control_msgs) StdoutLine: {'line': b'[ 78%] Built target rover_control_msgs\n'}
[4.082912] (-) TimerEvent: {}
[4.183895] (-) TimerEvent: {}
[4.270620] (rover_perception_msgs) StdoutLine: {'line': b'[100%] Built target rover_perception_msgs__rosidl_typesupport_c__pyext\n'}
[4.274696] (rover_perception_msgs) StdoutLine: {'line': b'[ 97%] Built target rover_perception_msgs__rosidl_typesupport_introspection_c__pyext\n'}
[4.278387] (rover_perception_msgs) StdoutLine: {'line': b'[100%] Built target rover_perception_msgs__rosidl_typesupport_fastrtps_c__pyext\n'}
[4.284075] (-) TimerEvent: {}
[4.386319] (-) TimerEvent: {}
[4.487838] (-) TimerEvent: {}
[4.602237] (rover_perception_msgs) CommandEnded: {'returncode': 0}
[4.621828] (-) TimerEvent: {}
[4.623684] (rover_control_msgs) StdoutLine: {'line': b'[ 80%] Built target rover_control_msgs__py\n'}
[4.640655] (rover_perception_msgs) JobProgress: {'identifier': 'rover_perception_msgs', 'progress': 'install'}
[4.737671] (-) TimerEvent: {}
[4.801418] (rover_control_msgs) StdoutLine: {'line': b'running egg_info\n'}
[4.803906] (rover_control_msgs) StdoutLine: {'line': b'writing rover_control_msgs.egg-info/PKG-INFO\n'}
[4.808884] (rover_control_msgs) StdoutLine: {'line': b'writing dependency_links to rover_control_msgs.egg-info/dependency_links.txt\n'}
[4.817572] (rover_control_msgs) StdoutLine: {'line': b'writing top-level names to rover_control_msgs.egg-info/top_level.txt\n'}
[4.829864] (rover_perception_msgs) Command: {'cmd': ['/usr/bin/cmake', '--install', '/workspaces/IRS_Rover_ROS2_Workspace/rover_ws/build/rover_perception_msgs'], 'cwd': '/workspaces/IRS_Rover_ROS2_Workspace/rover_ws/build/rover_perception_msgs', 'env': OrderedDict([('PYTHON_BASIC_REPL', '1'), ('HOSTNAME', '06335fee11bd'), ('GIT_ASKPASS', '/vscode/vscode-server/bin/linux-x64/4fe60c8b1cdac1c4c174f2fb180d0d758272d713/extensions/git/dist/askpass.sh'), ('SHLVL', '2'), ('LD_LIBRARY_PATH', '/workspaces/IRS_Rover_ROS2_Workspace/rover_ws/install/rover_perception_msgs/lib:/workspaces/IRS_Rover_ROS2_Workspace/rover_ws/install/rover_control_msgs/lib:/opt/ros/humble/opt/rviz_ogre_vendor/lib:/opt/ros/humble/lib/x86_64-linux-gnu:/opt/ros/humble/lib'), ('BROWSER', '/vscode/vscode-server/bin/linux-x64/4fe60c8b1cdac1c4c174f2fb180d0d758272d713/bin/helpers/browser.sh'), ('HOME', '/root'), ('OLDPWD', '/workspaces/IRS_Rover_ROS2_Workspace'), ('TERM_PROGRAM_VERSION', '1.127.0'), ('VSCODE_IPC_HOOK_CLI', '/tmp/vscode-ipc-a7d8417a-84e0-4652-a058-401c79ab84d0.sock'), ('ROS_PYTHON_VERSION', '3'), ('VSCODE_GIT_ASKPASS_MAIN', '/vscode/vscode-server/bin/linux-x64/4fe60c8b1cdac1c4c174f2fb180d0d758272d713/extensions/git/dist/askpass-main.js'), ('VSCODE_GIT_ASKPASS_NODE', '/vscode/vscode-server/bin/linux-x64/4fe60c8b1cdac1c4c174f2fb180d0d758272d713/node'), ('PYDEVD_DISABLE_FILE_VALIDATION', '1'), ('BUNDLED_DEBUGPY_PATH', '/root/.vscode-server/extensions/ms-python.debugpy-2026.6.0-linux-x64/bundled/libs/debugpy'), ('VSCODE_PYTHON_AUTOACTIVATE_GUARD', '1'), ('COLORTERM', 'truecolor'), ('REMOTE_CONTAINERS', 'true'), ('COLCON_PREFIX_PATH', '/workspaces/IRS_Rover_ROS2_Workspace/rover_ws/install'), ('ROS_DISTRO', 'humble'), ('REMOTE_CONTAINERS_IPC', '/tmp/vscode-remote-containers-ipc-8556e27b-e216-450b-b0cc-1f8365397382.sock'), ('_', '/usr/bin/colcon'), ('ROS_VERSION', '2'), ('TERM', 'xterm-256color'), ('ROS_LOCALHOST_ONLY', '0'), ('PATH', '/root/.vscode-server/data/User/globalStorage/github.copilot-chat/debugCommand:/root/.vscode-server/data/User/globalStorage/github.copilot-chat/copilotCli:/vscode/vscode-server/bin/linux-x64/4fe60c8b1cdac1c4c174f2fb180d0d758272d713/bin/remote-cli:/opt/ros/humble/bin:/usr/local/sbin:/usr/local/bin:/usr/sbin:/usr/bin:/sbin:/bin:/root/.vscode-server/extensions/ms-python.debugpy-2026.6.0-linux-x64/bundled/scripts/noConfigScripts'), ('REMOTE_CONTAINERS_SOCKETS', '["/tmp/vscode-ssh-auth-8556e27b-e216-450b-b0cc-1f8365397382.sock"]'), ('VSCODE_DEBUGPY_ADAPTER_ENDPOINTS', '/root/.vscode-server/extensions/ms-python.debugpy-2026.6.0-linux-x64/.noConfigDebugAdapterEndpoints/endpoint-1e3a0fbd7d538503.txt'), ('LANG', 'C.UTF-8'), ('PYTHONSTARTUP', '/root/.vscode-server/data/User/workspaceStorage/7242e97d3df64538730a6ed5a855f433/ms-python.python/pythonrc.py'), ('LS_COLORS', 'rs=0:di=01;34:ln=01;36:mh=00:pi=40;33:so=01;35:do=01;35:bd=40;33;01:cd=40;33;01:or=40;31;01:mi=00:su=37;41:sg=30;43:ca=30;41:tw=30;42:ow=34;42:st=37;44:ex=01;32:*.tar=01;31:*.tgz=01;31:*.arc=01;31:*.arj=01;31:*.taz=01;31:*.lha=01;31:*.lz4=01;31:*.lzh=01;31:*.lzma=01;31:*.tlz=01;31:*.txz=01;31:*.tzo=01;31:*.t7z=01;31:*.zip=01;31:*.z=01;31:*.dz=01;31:*.gz=01;31:*.lrz=01;31:*.lz=01;31:*.lzo=01;31:*.xz=01;31:*.zst=01;31:*.tzst=01;31:*.bz2=01;31:*.bz=01;31:*.tbz=01;31:*.tbz2=01;31:*.tz=01;31:*.deb=01;31:*.rpm=01;31:*.jar=01;31:*.war=01;31:*.ear=01;31:*.sar=01;31:*.rar=01;31:*.alz=01;31:*.ace=01;31:*.zoo=01;31:*.cpio=01;31:*.7z=01;31:*.rz=01;31:*.cab=01;31:*.wim=01;31:*.swm=01;31:*.dwm=01;31:*.esd=01;31:*.jpg=01;35:*.jpeg=01;35:*.mjpg=01;35:*.mjpeg=01;35:*.gif=01;35:*.bmp=01;35:*.pbm=01;35:*.pgm=01;35:*.ppm=01;35:*.tga=01;35:*.xbm=01;35:*.xpm=01;35:*.tif=01;35:*.tiff=01;35:*.png=01;35:*.svg=01;35:*.svgz=01;35:*.mng=01;35:*.pcx=01;35:*.mov=01;35:*.mpg=01;35:*.mpeg=01;35:*.m2v=01;35:*.mkv=01;35:*.webm=01;35:*.webp=01;35:*.ogm=01;35:*.mp4=01;35:*.m4v=01;35:*.mp4v=01;35:*.vob=01;35:*.qt=01;35:*.nuv=01;35:*.wmv=01;35:*.asf=01;35:*.rm=01;35:*.rmvb=01;35:*.flc=01;35:*.avi=01;35:*.fli=01;35:*.flv=01;35:*.gl=01;35:*.dl=01;35:*.xcf=01;35:*.xwd=01;35:*.yuv=01;35:*.cgm=01;35:*.emf=01;35:*.ogv=01;35:*.ogx=01;35:*.aac=00;36:*.au=00;36:*.flac=00;36:*.m4a=00;36:*.mid=00;36:*.midi=00;36:*.mka=00;36:*.mp3=00;36:*.mpc=00;36:*.ogg=00;36:*.ra=00;36:*.wav=00;36:*.oga=00;36:*.opus=00;36:*.spx=00;36:*.xspf=00;36:'), ('VSCODE_GIT_IPC_HANDLE', '/tmp/vscode-git-bb8c1a7c35.sock'), ('TERM_PROGRAM', 'vscode'), ('SSH_AUTH_SOCK', '/tmp/vscode-ssh-auth-8556e27b-e216-450b-b0cc-1f8365397382.sock'), ('AMENT_PREFIX_PATH', '/workspaces/IRS_Rover_ROS2_Workspace/rover_ws/install/rover_perception_msgs:/workspaces/IRS_Rover_ROS2_Workspace/rover_ws/install/rover_stereocam:/workspaces/IRS_Rover_ROS2_Workspace/rover_ws/install/rover_perception:/workspaces/IRS_Rover_ROS2_Workspace/rover_ws/install/rover_lidar:/workspaces/IRS_Rover_ROS2_Workspace/rover_ws/install/rover_control_msgs:/workspaces/IRS_Rover_ROS2_Workspace/rover_ws/install/rover_control:/opt/ros/humble'), ('SHELL', '/bin/bash'), ('VSCODE_GIT_ASKPASS_EXTRA_ARGS', ''), ('PWD', '/workspaces/IRS_Rover_ROS2_Workspace/rover_ws/build/rover_perception_msgs'), ('LC_ALL', 'C.UTF-8'), ('COPILOT_DEBUG_NONCE', 'ebb28b2f47a55d9f123b03f75e673fb9'), ('PYTHONPATH', '/workspaces/IRS_Rover_ROS2_Workspace/rover_ws/install/rover_perception_msgs/local/lib/python3.10/dist-packages:/workspaces/IRS_Rover_ROS2_Workspace/rover_ws/install/rover_stereocam/lib/python3.10/site-packages:/workspaces/IRS_Rover_ROS2_Workspace/rover_ws/install/rover_perception/lib/python3.10/site-packages:/workspaces/IRS_Rover_ROS2_Workspace/rover_ws/install/rover_lidar/lib/python3.10/site-packages:/workspaces/IRS_Rover_ROS2_Workspace/rover_ws/install/rover_control_msgs/local/lib/python3.10/dist-packages:/workspaces/IRS_Rover_ROS2_Workspace/rover_ws/install/rover_control/lib/python3.10/site-packages:/opt/ros/humble/lib/python3.10/site-packages:/opt/ros/humble/local/lib/python3.10/dist-packages'), ('COLCON', '1'), ('CMAKE_PREFIX_PATH', '/workspaces/IRS_Rover_ROS2_Workspace/rover_ws/install/rover_perception_msgs:/workspaces/IRS_Rover_ROS2_Workspace/rover_ws/install/rover_control_msgs:/workspaces/IRS_Rover_ROS2_Workspace/rover_ws/install/rover_stereocam:/workspaces/IRS_Rover_ROS2_Workspace/rover_ws/install/rover_perception:/workspaces/IRS_Rover_ROS2_Workspace/rover_ws/install/rover_lidar:/workspaces/IRS_Rover_ROS2_Workspace/rover_ws/install/rover_control:/opt/ros/humble')]), 'shell': False}
[4.838158] (-) TimerEvent: {}
[4.842805] (rover_control_msgs) StdoutLine: {'line': b"reading manifest file 'rover_control_msgs.egg-info/SOURCES.txt'\n"}
[4.849553] (rover_control_msgs) StdoutLine: {'line': b"writing manifest file 'rover_control_msgs.egg-info/SOURCES.txt'\n"}
[4.920677] (rover_perception_msgs) StdoutLine: {'line': b'-- Install configuration: ""\n'}
[4.922163] (rover_perception_msgs) StdoutLine: {'line': b'-- Up-to-date: /workspaces/IRS_Rover_ROS2_Workspace/rover_ws/install/rover_perception_msgs/share/ament_index/resource_index/rosidl_interfaces/rover_perception_msgs\n'}
[4.923334] (rover_perception_msgs) StdoutLine: {'line': b'-- Up-to-date: /workspaces/IRS_Rover_ROS2_Workspace/rover_ws/install/rover_perception_msgs/include/rover_perception_msgs/rover_perception_msgs\n'}
[4.926530] (rover_perception_msgs) StdoutLine: {'line': b'-- Up-to-date: /workspaces/IRS_Rover_ROS2_Workspace/rover_ws/install/rover_perception_msgs/include/rover_perception_msgs/rover_perception_msgs/msg\n'}
[4.930614] (rover_perception_msgs) StdoutLine: {'line': b'-- Up-to-date: /workspaces/IRS_Rover_ROS2_Workspace/rover_ws/install/rover_perception_msgs/include/rover_perception_msgs/rover_perception_msgs/msg/rosidl_generator_c__visibility_control.h\n'}
[4.932212] (rover_perception_msgs) StdoutLine: {'line': b'-- Up-to-date: /workspaces/IRS_Rover_ROS2_Workspace/rover_ws/install/rover_perception_msgs/include/rover_perception_msgs/rover_perception_msgs/msg/terrain_grid.h\n'}
[4.934336] (rover_perception_msgs) StdoutLine: {'line': b'-- Up-to-date: /workspaces/IRS_Rover_ROS2_Workspace/rover_ws/install/rover_perception_msgs/include/rover_perception_msgs/rover_perception_msgs/msg/led_detection_array.h\n'}
[4.935668] (rover_perception_msgs) StdoutLine: {'line': b'-- Up-to-date: /workspaces/IRS_Rover_ROS2_Workspace/rover_ws/install/rover_perception_msgs/include/rover_perception_msgs/rover_perception_msgs/msg/detail\n'}
[4.938777] (-) TimerEvent: {}
[4.941393] (rover_perception_msgs) StdoutLine: {'line': b'-- Up-to-date: /workspaces/IRS_Rover_ROS2_Workspace/rover_ws/install/rover_perception_msgs/include/rover_perception_msgs/rover_perception_msgs/msg/detail/terrain_grid__functions.c\n'}
[4.944211] (rover_perception_msgs) StdoutLine: {'line': b'-- Up-to-date: /workspaces/IRS_Rover_ROS2_Workspace/rover_ws/install/rover_perception_msgs/include/rover_perception_msgs/rover_perception_msgs/msg/detail/led_detection_array__struct.h\n'}
[4.947556] (rover_perception_msgs) StdoutLine: {'line': b'-- Up-to-date: /workspaces/IRS_Rover_ROS2_Workspace/rover_ws/install/rover_perception_msgs/include/rover_perception_msgs/rover_perception_msgs/msg/detail/terrain_grid__type_support.h\n'}
[4.956000] (rover_perception_msgs) StdoutLine: {'line': b'-- Up-to-date: /workspaces/IRS_Rover_ROS2_Workspace/rover_ws/install/rover_perception_msgs/include/rover_perception_msgs/rover_perception_msgs/msg/detail/led_detection__struct.h\n'}
[4.960164] (rover_perception_msgs) StdoutLine: {'line': b'-- Up-to-date: /workspaces/IRS_Rover_ROS2_Workspace/rover_ws/install/rover_perception_msgs/include/rover_perception_msgs/rover_perception_msgs/msg/detail/led_detection_array__functions.h\n'}
[4.964046] (rover_perception_msgs) StdoutLine: {'line': b'-- Up-to-date: /workspaces/IRS_Rover_ROS2_Workspace/rover_ws/install/rover_perception_msgs/include/rover_perception_msgs/rover_perception_msgs/msg/detail/led_detection__functions.h\n'}
[4.971076] (rover_perception_msgs) StdoutLine: {'line': b'-- Up-to-date: /workspaces/IRS_Rover_ROS2_Workspace/rover_ws/install/rover_perception_msgs/include/rover_perception_msgs/rover_perception_msgs/msg/detail/led_detection__type_support.h\n'}
[4.974306] (rover_perception_msgs) StdoutLine: {'line': b'-- Up-to-date: /workspaces/IRS_Rover_ROS2_Workspace/rover_ws/install/rover_perception_msgs/include/rover_perception_msgs/rover_perception_msgs/msg/detail/terrain_grid__struct.h\n'}
[4.977266] (rover_perception_msgs) StdoutLine: {'line': b'-- Up-to-date: /workspaces/IRS_Rover_ROS2_Workspace/rover_ws/install/rover_perception_msgs/include/rover_perception_msgs/rover_perception_msgs/msg/detail/terrain_grid__functions.h\n'}
[4.981674] (rover_perception_msgs) StdoutLine: {'line': b'-- Up-to-date: /workspaces/IRS_Rover_ROS2_Workspace/rover_ws/install/rover_perception_msgs/include/rover_perception_msgs/rover_perception_msgs/msg/detail/led_detection_array__type_support.h\n'}
[4.983754] (rover_perception_msgs) StdoutLine: {'line': b'-- Up-to-date: /workspaces/IRS_Rover_ROS2_Workspace/rover_ws/install/rover_perception_msgs/include/rover_perception_msgs/rover_perception_msgs/msg/detail/led_detection_array__functions.c\n'}
[4.987774] (rover_perception_msgs) StdoutLine: {'line': b'-- Up-to-date: /workspaces/IRS_Rover_ROS2_Workspace/rover_ws/install/rover_perception_msgs/include/rover_perception_msgs/rover_perception_msgs/msg/detail/led_detection__functions.c\n'}
[4.991400] (rover_perception_msgs) StdoutLine: {'line': b'-- Up-to-date: /workspaces/IRS_Rover_ROS2_Workspace/rover_ws/install/rover_perception_msgs/include/rover_perception_msgs/rover_perception_msgs/msg/led_detection.h\n'}
[4.999022] (rover_perception_msgs) StdoutLine: {'line': b'-- Up-to-date: /workspaces/IRS_Rover_ROS2_Workspace/rover_ws/install/rover_perception_msgs/share/rover_perception_msgs/environment/library_path.sh\n'}
[5.005959] (rover_perception_msgs) StdoutLine: {'line': b'-- Up-to-date: /workspaces/IRS_Rover_ROS2_Workspace/rover_ws/install/rover_perception_msgs/share/rover_perception_msgs/environment/library_path.dsv\n'}
[5.010080] (rover_perception_msgs) StdoutLine: {'line': b'-- Up-to-date: /workspaces/IRS_Rover_ROS2_Workspace/rover_ws/install/rover_perception_msgs/lib/librover_perception_msgs__rosidl_generator_c.so\n'}
[5.013418] (rover_perception_msgs) StdoutLine: {'line': b'-- Up-to-date: /workspaces/IRS_Rover_ROS2_Workspace/rover_ws/install/rover_perception_msgs/include/rover_perception_msgs/rover_perception_msgs\n'}
[5.018081] (rover_perception_msgs) StdoutLine: {'line': b'-- Up-to-date: /workspaces/IRS_Rover_ROS2_Workspace/rover_ws/install/rover_perception_msgs/include/rover_perception_msgs/rover_perception_msgs/msg\n'}
[5.020426] (rover_perception_msgs) StdoutLine: {'line': b'-- Up-to-date: /workspaces/IRS_Rover_ROS2_Workspace/rover_ws/install/rover_perception_msgs/include/rover_perception_msgs/rover_perception_msgs/msg/detail\n'}
[5.022066] (rover_perception_msgs) StdoutLine: {'line': b'-- Up-to-date: /workspaces/IRS_Rover_ROS2_Workspace/rover_ws/install/rover_perception_msgs/include/rover_perception_msgs/rover_perception_msgs/msg/detail/led_detection__rosidl_typesupport_fastrtps_c.h\n'}
[5.024448] (rover_perception_msgs) StdoutLine: {'line': b'-- Up-to-date: /workspaces/IRS_Rover_ROS2_Workspace/rover_ws/install/rover_perception_msgs/include/rover_perception_msgs/rover_perception_msgs/msg/detail/led_detection_array__rosidl_typesupport_fastrtps_c.h\n'}
[5.026704] (rover_perception_msgs) StdoutLine: {'line': b'-- Up-to-date: /workspaces/IRS_Rover_ROS2_Workspace/rover_ws/install/rover_perception_msgs/include/rover_perception_msgs/rover_perception_msgs/msg/detail/terrain_grid__rosidl_typesupport_fastrtps_c.h\n'}
[5.029122] (rover_perception_msgs) StdoutLine: {'line': b'-- Up-to-date: /workspaces/IRS_Rover_ROS2_Workspace/rover_ws/install/rover_perception_msgs/include/rover_perception_msgs/rover_perception_msgs/msg/rosidl_typesupport_fastrtps_c__visibility_control.h\n'}
[5.031824] (rover_perception_msgs) StdoutLine: {'line': b'-- Up-to-date: /workspaces/IRS_Rover_ROS2_Workspace/rover_ws/install/rover_perception_msgs/lib/librover_perception_msgs__rosidl_typesupport_fastrtps_c.so\n'}
[5.034583] (rover_perception_msgs) StdoutLine: {'line': b'-- Up-to-date: /workspaces/IRS_Rover_ROS2_Workspace/rover_ws/install/rover_perception_msgs/include/rover_perception_msgs/rover_perception_msgs\n'}
[5.037482] (rover_perception_msgs) StdoutLine: {'line': b'-- Up-to-date: /workspaces/IRS_Rover_ROS2_Workspace/rover_ws/install/rover_perception_msgs/include/rover_perception_msgs/rover_perception_msgs/msg\n'}
[5.039823] (-) TimerEvent: {}
[5.044435] (rover_perception_msgs) StdoutLine: {'line': b'-- Up-to-date: /workspaces/IRS_Rover_ROS2_Workspace/rover_ws/install/rover_perception_msgs/include/rover_perception_msgs/rover_perception_msgs/msg/detail\n'}
[5.047876] (rover_control_msgs) StdoutLine: {'line': b'[ 82%] Built target ament_cmake_python_build_rover_control_msgs_egg\n'}
[5.050573] (rover_perception_msgs) StdoutLine: {'line': b'-- Up-to-date: /workspaces/IRS_Rover_ROS2_Workspace/rover_ws/install/rover_perception_msgs/include/rover_perception_msgs/rover_perception_msgs/msg/detail/led_detection__type_support.c\n'}
[5.052272] (rover_perception_msgs) StdoutLine: {'line': b'-- Up-to-date: /workspaces/IRS_Rover_ROS2_Workspace/rover_ws/install/rover_perception_msgs/include/rover_perception_msgs/rover_perception_msgs/msg/detail/terrain_grid__rosidl_typesupport_introspection_c.h\n'}
[5.055767] (rover_perception_msgs) StdoutLine: {'line': b'-- Up-to-date: /workspaces/IRS_Rover_ROS2_Workspace/rover_ws/install/rover_perception_msgs/include/rover_perception_msgs/rover_perception_msgs/msg/detail/led_detection_array__type_support.c\n'}
[5.058659] (rover_perception_msgs) StdoutLine: {'line': b'-- Up-to-date: /workspaces/IRS_Rover_ROS2_Workspace/rover_ws/install/rover_perception_msgs/include/rover_perception_msgs/rover_perception_msgs/msg/detail/led_detection__rosidl_typesupport_introspection_c.h\n'}
[5.068147] (rover_perception_msgs) StdoutLine: {'line': b'-- Up-to-date: /workspaces/IRS_Rover_ROS2_Workspace/rover_ws/install/rover_perception_msgs/include/rover_perception_msgs/rover_perception_msgs/msg/detail/terrain_grid__type_support.c\n'}
[5.086255] (rover_control_msgs) StdoutLine: {'line': b'[ 89%] Built target rover_control_msgs__rosidl_generator_py\n'}
[5.093253] (rover_perception_msgs) StdoutLine: {'line': b'-- Up-to-date: /workspaces/IRS_Rover_ROS2_Workspace/rover_ws/install/rover_perception_msgs/include/rover_perception_msgs/rover_perception_msgs/msg/detail/led_detection_array__rosidl_typesupport_introspection_c.h\n'}
[5.101018] (rover_perception_msgs) StdoutLine: {'line': b'-- Up-to-date: /workspaces/IRS_Rover_ROS2_Workspace/rover_ws/install/rover_perception_msgs/include/rover_perception_msgs/rover_perception_msgs/msg/rosidl_typesupport_introspection_c__visibility_control.h\n'}
[5.104747] (rover_perception_msgs) StdoutLine: {'line': b'-- Up-to-date: /workspaces/IRS_Rover_ROS2_Workspace/rover_ws/install/rover_perception_msgs/lib/librover_perception_msgs__rosidl_typesupport_introspection_c.so\n'}
[5.127251] (rover_perception_msgs) StdoutLine: {'line': b'-- Up-to-date: /workspaces/IRS_Rover_ROS2_Workspace/rover_ws/install/rover_perception_msgs/lib/librover_perception_msgs__rosidl_typesupport_c.so\n'}
[5.139242] (rover_perception_msgs) StdoutLine: {'line': b'-- Up-to-date: /workspaces/IRS_Rover_ROS2_Workspace/rover_ws/install/rover_perception_msgs/include/rover_perception_msgs/rover_perception_msgs\n'}
[5.143257] (-) TimerEvent: {}
[5.145500] (rover_perception_msgs) StdoutLine: {'line': b'-- Up-to-date: /workspaces/IRS_Rover_ROS2_Workspace/rover_ws/install/rover_perception_msgs/include/rover_perception_msgs/rover_perception_msgs/msg\n'}
[5.157277] (rover_perception_msgs) StdoutLine: {'line': b'-- Up-to-date: /workspaces/IRS_Rover_ROS2_Workspace/rover_ws/install/rover_perception_msgs/include/rover_perception_msgs/rover_perception_msgs/msg/terrain_grid.hpp\n'}
[5.160132] (rover_perception_msgs) StdoutLine: {'line': b'-- Up-to-date: /workspaces/IRS_Rover_ROS2_Workspace/rover_ws/install/rover_perception_msgs/include/rover_perception_msgs/rover_perception_msgs/msg/led_detection_array.hpp\n'}
[5.165618] (rover_perception_msgs) StdoutLine: {'line': b'-- Up-to-date: /workspaces/IRS_Rover_ROS2_Workspace/rover_ws/install/rover_perception_msgs/include/rover_perception_msgs/rover_perception_msgs/msg/led_detection.hpp\n'}
[5.168355] (rover_perception_msgs) StdoutLine: {'line': b'-- Up-to-date: /workspaces/IRS_Rover_ROS2_Workspace/rover_ws/install/rover_perception_msgs/include/rover_perception_msgs/rover_perception_msgs/msg/detail\n'}
[5.173673] (rover_perception_msgs) StdoutLine: {'line': b'-- Up-to-date: /workspaces/IRS_Rover_ROS2_Workspace/rover_ws/install/rover_perception_msgs/include/rover_perception_msgs/rover_perception_msgs/msg/detail/led_detection_array__traits.hpp\n'}
[5.178744] (rover_perception_msgs) StdoutLine: {'line': b'-- Up-to-date: /workspaces/IRS_Rover_ROS2_Workspace/rover_ws/install/rover_perception_msgs/include/rover_perception_msgs/rover_perception_msgs/msg/detail/terrain_grid__type_support.hpp\n'}
[5.180317] (rover_perception_msgs) StdoutLine: {'line': b'-- Up-to-date: /workspaces/IRS_Rover_ROS2_Workspace/rover_ws/install/rover_perception_msgs/include/rover_perception_msgs/rover_perception_msgs/msg/detail/led_detection__struct.hpp\n'}
[5.183211] (rover_perception_msgs) StdoutLine: {'line': b'-- Up-to-date: /workspaces/IRS_Rover_ROS2_Workspace/rover_ws/install/rover_perception_msgs/include/rover_perception_msgs/rover_perception_msgs/msg/detail/terrain_grid__builder.hpp\n'}
[5.186148] (rover_perception_msgs) StdoutLine: {'line': b'-- Up-to-date: /workspaces/IRS_Rover_ROS2_Workspace/rover_ws/install/rover_perception_msgs/include/rover_perception_msgs/rover_perception_msgs/msg/detail/led_detection_array__type_support.hpp\n'}
[5.190461] (rover_perception_msgs) StdoutLine: {'line': b'-- Up-to-date: /workspaces/IRS_Rover_ROS2_Workspace/rover_ws/install/rover_perception_msgs/include/rover_perception_msgs/rover_perception_msgs/msg/detail/terrain_grid__traits.hpp\n'}
[5.195249] (rover_perception_msgs) StdoutLine: {'line': b'-- Up-to-date: /workspaces/IRS_Rover_ROS2_Workspace/rover_ws/install/rover_perception_msgs/include/rover_perception_msgs/rover_perception_msgs/msg/detail/led_detection__builder.hpp\n'}
[5.200643] (rover_perception_msgs) StdoutLine: {'line': b'-- Up-to-date: /workspaces/IRS_Rover_ROS2_Workspace/rover_ws/install/rover_perception_msgs/include/rover_perception_msgs/rover_perception_msgs/msg/detail/led_detection_array__struct.hpp\n'}
[5.205031] (rover_perception_msgs) StdoutLine: {'line': b'-- Up-to-date: /workspaces/IRS_Rover_ROS2_Workspace/rover_ws/install/rover_perception_msgs/include/rover_perception_msgs/rover_perception_msgs/msg/detail/led_detection_array__builder.hpp\n'}
[5.210075] (rover_perception_msgs) StdoutLine: {'line': b'-- Up-to-date: /workspaces/IRS_Rover_ROS2_Workspace/rover_ws/install/rover_perception_msgs/include/rover_perception_msgs/rover_perception_msgs/msg/detail/led_detection__traits.hpp\n'}
[5.212982] (rover_perception_msgs) StdoutLine: {'line': b'-- Up-to-date: /workspaces/IRS_Rover_ROS2_Workspace/rover_ws/install/rover_perception_msgs/include/rover_perception_msgs/rover_perception_msgs/msg/detail/terrain_grid__struct.hpp\n'}
[5.215327] (rover_perception_msgs) StdoutLine: {'line': b'-- Up-to-date: /workspaces/IRS_Rover_ROS2_Workspace/rover_ws/install/rover_perception_msgs/include/rover_perception_msgs/rover_perception_msgs/msg/detail/led_detection__type_support.hpp\n'}
[5.217895] (rover_perception_msgs) StdoutLine: {'line': b'-- Up-to-date: /workspaces/IRS_Rover_ROS2_Workspace/rover_ws/install/rover_perception_msgs/include/rover_perception_msgs/rover_perception_msgs/msg/rosidl_generator_cpp__visibility_control.hpp\n'}
[5.221425] (rover_perception_msgs) StdoutLine: {'line': b'-- Up-to-date: /workspaces/IRS_Rover_ROS2_Workspace/rover_ws/install/rover_perception_msgs/include/rover_perception_msgs/rover_perception_msgs\n'}
[5.223385] (rover_perception_msgs) StdoutLine: {'line': b'-- Up-to-date: /workspaces/IRS_Rover_ROS2_Workspace/rover_ws/install/rover_perception_msgs/include/rover_perception_msgs/rover_perception_msgs/msg\n'}
[5.225348] (rover_perception_msgs) StdoutLine: {'line': b'-- Up-to-date: /workspaces/IRS_Rover_ROS2_Workspace/rover_ws/install/rover_perception_msgs/include/rover_perception_msgs/rover_perception_msgs/msg/rosidl_typesupport_fastrtps_cpp__visibility_control.h\n'}
[5.227047] (rover_perception_msgs) StdoutLine: {'line': b'-- Up-to-date: /workspaces/IRS_Rover_ROS2_Workspace/rover_ws/install/rover_perception_msgs/include/rover_perception_msgs/rover_perception_msgs/msg/detail\n'}
[5.230410] (rover_perception_msgs) StdoutLine: {'line': b'-- Up-to-date: /workspaces/IRS_Rover_ROS2_Workspace/rover_ws/install/rover_perception_msgs/include/rover_perception_msgs/rover_perception_msgs/msg/detail/terrain_grid__rosidl_typesupport_fastrtps_cpp.hpp\n'}
[5.232138] (rover_perception_msgs) StdoutLine: {'line': b'-- Up-to-date: /workspaces/IRS_Rover_ROS2_Workspace/rover_ws/install/rover_perception_msgs/include/rover_perception_msgs/rover_perception_msgs/msg/detail/led_detection_array__rosidl_typesupport_fastrtps_cpp.hpp\n'}
[5.234071] (rover_perception_msgs) StdoutLine: {'line': b'-- Up-to-date: /workspaces/IRS_Rover_ROS2_Workspace/rover_ws/install/rover_perception_msgs/include/rover_perception_msgs/rover_perception_msgs/msg/detail/dds_fastrtps\n'}
[5.238214] (rover_perception_msgs) StdoutLine: {'line': b'-- Up-to-date: /workspaces/IRS_Rover_ROS2_Workspace/rover_ws/install/rover_perception_msgs/include/rover_perception_msgs/rover_perception_msgs/msg/detail/led_detection__rosidl_typesupport_fastrtps_cpp.hpp\n'}
[5.243014] (rover_perception_msgs) StdoutLine: {'line': b'-- Up-to-date: /workspaces/IRS_Rover_ROS2_Workspace/rover_ws/install/rover_perception_msgs/lib/librover_perception_msgs__rosidl_typesupport_fastrtps_cpp.so\n'}
[5.244640] (-) TimerEvent: {}
[5.247050] (rover_perception_msgs) StdoutLine: {'line': b'-- Up-to-date: /workspaces/IRS_Rover_ROS2_Workspace/rover_ws/install/rover_perception_msgs/include/rover_perception_msgs/rover_perception_msgs\n'}
[5.250772] (rover_perception_msgs) StdoutLine: {'line': b'-- Up-to-date: /workspaces/IRS_Rover_ROS2_Workspace/rover_ws/install/rover_perception_msgs/include/rover_perception_msgs/rover_perception_msgs/msg\n'}
[5.255942] (rover_perception_msgs) StdoutLine: {'line': b'-- Up-to-date: /workspaces/IRS_Rover_ROS2_Workspace/rover_ws/install/rover_perception_msgs/include/rover_perception_msgs/rover_perception_msgs/msg/detail\n'}
[5.259840] (rover_perception_msgs) StdoutLine: {'line': b'-- Up-to-date: /workspaces/IRS_Rover_ROS2_Workspace/rover_ws/install/rover_perception_msgs/include/rover_perception_msgs/rover_perception_msgs/msg/detail/led_detection_array__rosidl_typesupport_introspection_cpp.hpp\n'}
[5.262247] (rover_perception_msgs) StdoutLine: {'line': b'-- Up-to-date: /workspaces/IRS_Rover_ROS2_Workspace/rover_ws/install/rover_perception_msgs/include/rover_perception_msgs/rover_perception_msgs/msg/detail/led_detection__type_support.cpp\n'}
[5.263730] (rover_perception_msgs) StdoutLine: {'line': b'-- Up-to-date: /workspaces/IRS_Rover_ROS2_Workspace/rover_ws/install/rover_perception_msgs/include/rover_perception_msgs/rover_perception_msgs/msg/detail/led_detection__rosidl_typesupport_introspection_cpp.hpp\n'}
[5.265461] (rover_perception_msgs) StdoutLine: {'line': b'-- Up-to-date: /workspaces/IRS_Rover_ROS2_Workspace/rover_ws/install/rover_perception_msgs/include/rover_perception_msgs/rover_perception_msgs/msg/detail/led_detection_array__type_support.cpp\n'}
[5.267239] (rover_perception_msgs) StdoutLine: {'line': b'-- Up-to-date: /workspaces/IRS_Rover_ROS2_Workspace/rover_ws/install/rover_perception_msgs/include/rover_perception_msgs/rover_perception_msgs/msg/detail/terrain_grid__type_support.cpp\n'}
[5.271957] (rover_perception_msgs) StdoutLine: {'line': b'-- Up-to-date: /workspaces/IRS_Rover_ROS2_Workspace/rover_ws/install/rover_perception_msgs/include/rover_perception_msgs/rover_perception_msgs/msg/detail/terrain_grid__rosidl_typesupport_introspection_cpp.hpp\n'}
[5.275894] (rover_perception_msgs) StdoutLine: {'line': b'-- Up-to-date: /workspaces/IRS_Rover_ROS2_Workspace/rover_ws/install/rover_perception_msgs/lib/librover_perception_msgs__rosidl_typesupport_introspection_cpp.so\n'}
[5.284307] (rover_perception_msgs) StdoutLine: {'line': b'-- Up-to-date: /workspaces/IRS_Rover_ROS2_Workspace/rover_ws/install/rover_perception_msgs/lib/librover_perception_msgs__rosidl_typesupport_cpp.so\n'}
[5.289365] (rover_perception_msgs) StdoutLine: {'line': b'-- Up-to-date: /workspaces/IRS_Rover_ROS2_Workspace/rover_ws/install/rover_perception_msgs/share/rover_perception_msgs/environment/pythonpath.sh\n'}
[5.291175] (rover_perception_msgs) StdoutLine: {'line': b'-- Up-to-date: /workspaces/IRS_Rover_ROS2_Workspace/rover_ws/install/rover_perception_msgs/share/rover_perception_msgs/environment/pythonpath.dsv\n'}
[5.293153] (rover_perception_msgs) StdoutLine: {'line': b'-- Up-to-date: /workspaces/IRS_Rover_ROS2_Workspace/rover_ws/install/rover_perception_msgs/local/lib/python3.10/dist-packages/rover_perception_msgs-0.0.0-py3.10.egg-info\n'}
[5.294948] (rover_perception_msgs) StdoutLine: {'line': b'-- Installing: /workspaces/IRS_Rover_ROS2_Workspace/rover_ws/install/rover_perception_msgs/local/lib/python3.10/dist-packages/rover_perception_msgs-0.0.0-py3.10.egg-info/PKG-INFO\n'}
[5.308704] (rover_perception_msgs) StdoutLine: {'line': b'-- Installing: /workspaces/IRS_Rover_ROS2_Workspace/rover_ws/install/rover_perception_msgs/local/lib/python3.10/dist-packages/rover_perception_msgs-0.0.0-py3.10.egg-info/SOURCES.txt\n'}
[5.323993] (rover_perception_msgs) StdoutLine: {'line': b'-- Installing: /workspaces/IRS_Rover_ROS2_Workspace/rover_ws/install/rover_perception_msgs/local/lib/python3.10/dist-packages/rover_perception_msgs-0.0.0-py3.10.egg-info/top_level.txt\n'}
[5.343246] (rover_perception_msgs) StdoutLine: {'line': b'-- Installing: /workspaces/IRS_Rover_ROS2_Workspace/rover_ws/install/rover_perception_msgs/local/lib/python3.10/dist-packages/rover_perception_msgs-0.0.0-py3.10.egg-info/dependency_links.txt\n'}
[5.346007] (-) TimerEvent: {}
[5.354356] (rover_perception_msgs) StdoutLine: {'line': b'-- Up-to-date: /workspaces/IRS_Rover_ROS2_Workspace/rover_ws/install/rover_perception_msgs/local/lib/python3.10/dist-packages/rover_perception_msgs\n'}
[5.359558] (rover_perception_msgs) StdoutLine: {'line': b'-- Up-to-date: /workspaces/IRS_Rover_ROS2_Workspace/rover_ws/install/rover_perception_msgs/local/lib/python3.10/dist-packages/rover_perception_msgs/_rover_perception_msgs_s.ep.rosidl_typesupport_introspection_c.c\n'}
[5.363406] (rover_perception_msgs) StdoutLine: {'line': b'-- Up-to-date: /workspaces/IRS_Rover_ROS2_Workspace/rover_ws/install/rover_perception_msgs/local/lib/python3.10/dist-packages/rover_perception_msgs/msg\n'}
[5.365127] (rover_perception_msgs) StdoutLine: {'line': b'-- Up-to-date: /workspaces/IRS_Rover_ROS2_Workspace/rover_ws/install/rover_perception_msgs/local/lib/python3.10/dist-packages/rover_perception_msgs/msg/_led_detection_array.py\n'}
[5.366758] (rover_perception_msgs) StdoutLine: {'line': b'-- Up-to-date: /workspaces/IRS_Rover_ROS2_Workspace/rover_ws/install/rover_perception_msgs/local/lib/python3.10/dist-packages/rover_perception_msgs/msg/__init__.py\n'}
[5.368964] (rover_perception_msgs) StdoutLine: {'line': b'-- Up-to-date: /workspaces/IRS_Rover_ROS2_Workspace/rover_ws/install/rover_perception_msgs/local/lib/python3.10/dist-packages/rover_perception_msgs/msg/_led_detection_array_s.c\n'}
[5.371143] (rover_perception_msgs) StdoutLine: {'line': b'-- Up-to-date: /workspaces/IRS_Rover_ROS2_Workspace/rover_ws/install/rover_perception_msgs/local/lib/python3.10/dist-packages/rover_perception_msgs/msg/_led_detection_s.c\n'}
[5.374680] (rover_perception_msgs) StdoutLine: {'line': b'-- Up-to-date: /workspaces/IRS_Rover_ROS2_Workspace/rover_ws/install/rover_perception_msgs/local/lib/python3.10/dist-packages/rover_perception_msgs/msg/_terrain_grid.py\n'}
[5.377581] (rover_perception_msgs) StdoutLine: {'line': b'-- Up-to-date: /workspaces/IRS_Rover_ROS2_Workspace/rover_ws/install/rover_perception_msgs/local/lib/python3.10/dist-packages/rover_perception_msgs/msg/_terrain_grid_s.c\n'}
[5.381416] (rover_perception_msgs) StdoutLine: {'line': b'-- Up-to-date: /workspaces/IRS_Rover_ROS2_Workspace/rover_ws/install/rover_perception_msgs/local/lib/python3.10/dist-packages/rover_perception_msgs/msg/_led_detection.py\n'}
[5.383625] (rover_perception_msgs) StdoutLine: {'line': b'-- Up-to-date: /workspaces/IRS_Rover_ROS2_Workspace/rover_ws/install/rover_perception_msgs/local/lib/python3.10/dist-packages/rover_perception_msgs/rover_perception_msgs_s__rosidl_typesupport_c.cpython-310-x86_64-linux-gnu.so\n'}
[5.385348] (rover_perception_msgs) StdoutLine: {'line': b'-- Up-to-date: /workspaces/IRS_Rover_ROS2_Workspace/rover_ws/install/rover_perception_msgs/local/lib/python3.10/dist-packages/rover_perception_msgs/rover_perception_msgs_s__rosidl_typesupport_fastrtps_c.cpython-310-x86_64-linux-gnu.so\n'}
[5.389061] (rover_perception_msgs) StdoutLine: {'line': b'-- Up-to-date: /workspaces/IRS_Rover_ROS2_Workspace/rover_ws/install/rover_perception_msgs/local/lib/python3.10/dist-packages/rover_perception_msgs/__init__.py\n'}
[5.392546] (rover_perception_msgs) StdoutLine: {'line': b'-- Up-to-date: /workspaces/IRS_Rover_ROS2_Workspace/rover_ws/install/rover_perception_msgs/local/lib/python3.10/dist-packages/rover_perception_msgs/rover_perception_msgs_s__rosidl_typesupport_introspection_c.cpython-310-x86_64-linux-gnu.so\n'}
[5.394147] (rover_perception_msgs) StdoutLine: {'line': b'-- Up-to-date: /workspaces/IRS_Rover_ROS2_Workspace/rover_ws/install/rover_perception_msgs/local/lib/python3.10/dist-packages/rover_perception_msgs/_rover_perception_msgs_s.ep.rosidl_typesupport_fastrtps_c.c\n'}
[5.396051] (rover_perception_msgs) StdoutLine: {'line': b'-- Up-to-date: /workspaces/IRS_Rover_ROS2_Workspace/rover_ws/install/rover_perception_msgs/local/lib/python3.10/dist-packages/rover_perception_msgs/_rover_perception_msgs_s.ep.rosidl_typesupport_c.c\n'}
[5.398188] (rover_perception_msgs) StdoutLine: {'line': b'-- Up-to-date: /workspaces/IRS_Rover_ROS2_Workspace/rover_ws/install/rover_perception_msgs/local/lib/python3.10/dist-packages/rover_perception_msgs/librover_perception_msgs__rosidl_generator_py.so\n'}
[5.446871] (-) TimerEvent: {}
[5.528263] (rover_control_msgs) StdoutLine: {'line': b'[ 92%] Built target rover_control_msgs__rosidl_typesupport_c__pyext\n'}
[5.538352] (rover_perception_msgs) StdoutLine: {'line': b"Listing '/workspaces/IRS_Rover_ROS2_Workspace/rover_ws/install/rover_perception_msgs/local/lib/python3.10/dist-packages/rover_perception_msgs'...\n"}
[5.542703] (rover_perception_msgs) StdoutLine: {'line': b"Listing '/workspaces/IRS_Rover_ROS2_Workspace/rover_ws/install/rover_perception_msgs/local/lib/python3.10/dist-packages/rover_perception_msgs/msg'...\n"}
[5.557041] (-) TimerEvent: {}
[5.558680] (rover_control_msgs) StdoutLine: {'line': b'[100%] Built target rover_control_msgs__rosidl_typesupport_fastrtps_c__pyext\n'}
[5.566134] (rover_perception_msgs) StdoutLine: {'line': b'-- Up-to-date: /workspaces/IRS_Rover_ROS2_Workspace/rover_ws/install/rover_perception_msgs/local/lib/python3.10/dist-packages/rover_perception_msgs/rover_perception_msgs_s__rosidl_typesupport_fastrtps_c.cpython-310-x86_64-linux-gnu.so\n'}
[5.569066] (rover_control_msgs) StdoutLine: {'line': b'[100%] Built target rover_control_msgs__rosidl_typesupport_introspection_c__pyext\n'}
[5.575358] (rover_perception_msgs) StdoutLine: {'line': b'-- Up-to-date: /workspaces/IRS_Rover_ROS2_Workspace/rover_ws/install/rover_perception_msgs/local/lib/python3.10/dist-packages/rover_perception_msgs/rover_perception_msgs_s__rosidl_typesupport_introspection_c.cpython-310-x86_64-linux-gnu.so\n'}
[5.584942] (rover_perception_msgs) StdoutLine: {'line': b'-- Up-to-date: /workspaces/IRS_Rover_ROS2_Workspace/rover_ws/install/rover_perception_msgs/local/lib/python3.10/dist-packages/rover_perception_msgs/rover_perception_msgs_s__rosidl_typesupport_c.cpython-310-x86_64-linux-gnu.so\n'}
[5.592654] (rover_perception_msgs) StdoutLine: {'line': b'-- Up-to-date: /workspaces/IRS_Rover_ROS2_Workspace/rover_ws/install/rover_perception_msgs/lib/librover_perception_msgs__rosidl_generator_py.so\n'}
[5.599272] (rover_perception_msgs) StdoutLine: {'line': b'-- Up-to-date: /workspaces/IRS_Rover_ROS2_Workspace/rover_ws/install/rover_perception_msgs/share/ament_index/resource_index/rust_packages/rover_perception_msgs\n'}
[5.601162] (rover_perception_msgs) StdoutLine: {'line': b'-- Up-to-date: /workspaces/IRS_Rover_ROS2_Workspace/rover_ws/install/rover_perception_msgs/share/rover_perception_msgs/rust\n'}
[5.604881] (rover_perception_msgs) StdoutLine: {'line': b'-- Up-to-date: /workspaces/IRS_Rover_ROS2_Workspace/rover_ws/install/rover_perception_msgs/share/rover_perception_msgs/rust/Cargo.toml\n'}
[5.606867] (rover_perception_msgs) StdoutLine: {'line': b'-- Up-to-date: /workspaces/IRS_Rover_ROS2_Workspace/rover_ws/install/rover_perception_msgs/share/rover_perception_msgs/rust/build.rs\n'}
[5.610361] (rover_perception_msgs) StdoutLine: {'line': b'-- Up-to-date: /workspaces/IRS_Rover_ROS2_Workspace/rover_ws/install/rover_perception_msgs/share/rover_perception_msgs/rust/src\n'}
[5.614885] (rover_perception_msgs) StdoutLine: {'line': b'-- Up-to-date: /workspaces/IRS_Rover_ROS2_Workspace/rover_ws/install/rover_perception_msgs/share/rover_perception_msgs/rust/src/msg\n'}
[5.618904] (rover_perception_msgs) StdoutLine: {'line': b'-- Up-to-date: /workspaces/IRS_Rover_ROS2_Workspace/rover_ws/install/rover_perception_msgs/share/rover_perception_msgs/rust/src/msg/rmw.rs\n'}
[5.621457] (rover_perception_msgs) StdoutLine: {'line': b'-- Up-to-date: /workspaces/IRS_Rover_ROS2_Workspace/rover_ws/install/rover_perception_msgs/share/rover_perception_msgs/rust/src/lib.rs\n'}
[5.624195] (rover_perception_msgs) StdoutLine: {'line': b'-- Up-to-date: /workspaces/IRS_Rover_ROS2_Workspace/rover_ws/install/rover_perception_msgs/share/rover_perception_msgs/rust/src/msg.rs\n'}
[5.627163] (rover_perception_msgs) StdoutLine: {'line': b'-- Up-to-date: /workspaces/IRS_Rover_ROS2_Workspace/rover_ws/install/rover_perception_msgs/share/rover_perception_msgs/msg/TerrainGrid.idl\n'}
[5.629997] (rover_perception_msgs) StdoutLine: {'line': b'-- Up-to-date: /workspaces/IRS_Rover_ROS2_Workspace/rover_ws/install/rover_perception_msgs/share/rover_perception_msgs/msg/LedDetection.idl\n'}
[5.632283] (rover_perception_msgs) StdoutLine: {'line': b'-- Up-to-date: /workspaces/IRS_Rover_ROS2_Workspace/rover_ws/install/rover_perception_msgs/share/rover_perception_msgs/msg/LedDetectionArray.idl\n'}
[5.636042] (rover_perception_msgs) StdoutLine: {'line': b'-- Up-to-date: /workspaces/IRS_Rover_ROS2_Workspace/rover_ws/install/rover_perception_msgs/share/rover_perception_msgs/msg/TerrainGrid.msg\n'}
[5.638193] (rover_perception_msgs) StdoutLine: {'line': b'-- Up-to-date: /workspaces/IRS_Rover_ROS2_Workspace/rover_ws/install/rover_perception_msgs/share/rover_perception_msgs/msg/LedDetection.msg\n'}
[5.640677] (rover_perception_msgs) StdoutLine: {'line': b'-- Up-to-date: /workspaces/IRS_Rover_ROS2_Workspace/rover_ws/install/rover_perception_msgs/share/rover_perception_msgs/msg/LedDetectionArray.msg\n'}
[5.643171] (rover_perception_msgs) StdoutLine: {'line': b'-- Up-to-date: /workspaces/IRS_Rover_ROS2_Workspace/rover_ws/install/rover_perception_msgs/share/ament_index/resource_index/package_run_dependencies/rover_perception_msgs\n'}
[5.646734] (rover_perception_msgs) StdoutLine: {'line': b'-- Up-to-date: /workspaces/IRS_Rover_ROS2_Workspace/rover_ws/install/rover_perception_msgs/share/ament_index/resource_index/parent_prefix_path/rover_perception_msgs\n'}
[5.650240] (rover_perception_msgs) StdoutLine: {'line': b'-- Up-to-date: /workspaces/IRS_Rover_ROS2_Workspace/rover_ws/install/rover_perception_msgs/share/rover_perception_msgs/environment/ament_prefix_path.sh\n'}
[5.654048] (rover_perception_msgs) StdoutLine: {'line': b'-- Up-to-date: /workspaces/IRS_Rover_ROS2_Workspace/rover_ws/install/rover_perception_msgs/share/rover_perception_msgs/environment/ament_prefix_path.dsv\n'}
[5.658238] (-) TimerEvent: {}
[5.659351] (rover_perception_msgs) StdoutLine: {'line': b'-- Up-to-date: /workspaces/IRS_Rover_ROS2_Workspace/rover_ws/install/rover_perception_msgs/share/rover_perception_msgs/environment/path.sh\n'}
[5.661847] (rover_perception_msgs) StdoutLine: {'line': b'-- Up-to-date: /workspaces/IRS_Rover_ROS2_Workspace/rover_ws/install/rover_perception_msgs/share/rover_perception_msgs/environment/path.dsv\n'}
[5.664247] (rover_perception_msgs) StdoutLine: {'line': b'-- Up-to-date: /workspaces/IRS_Rover_ROS2_Workspace/rover_ws/install/rover_perception_msgs/share/rover_perception_msgs/local_setup.bash\n'}
[5.666490] (rover_perception_msgs) StdoutLine: {'line': b'-- Up-to-date: /workspaces/IRS_Rover_ROS2_Workspace/rover_ws/install/rover_perception_msgs/share/rover_perception_msgs/local_setup.sh\n'}
[5.671354] (rover_perception_msgs) StdoutLine: {'line': b'-- Up-to-date: /workspaces/IRS_Rover_ROS2_Workspace/rover_ws/install/rover_perception_msgs/share/rover_perception_msgs/local_setup.zsh\n'}
[5.673447] (rover_perception_msgs) StdoutLine: {'line': b'-- Up-to-date: /workspaces/IRS_Rover_ROS2_Workspace/rover_ws/install/rover_perception_msgs/share/rover_perception_msgs/local_setup.dsv\n'}
[5.676998] (rover_perception_msgs) StdoutLine: {'line': b'-- Installing: /workspaces/IRS_Rover_ROS2_Workspace/rover_ws/install/rover_perception_msgs/share/rover_perception_msgs/package.dsv\n'}
[5.693510] (rover_perception_msgs) StdoutLine: {'line': b'-- Up-to-date: /workspaces/IRS_Rover_ROS2_Workspace/rover_ws/install/rover_perception_msgs/share/ament_index/resource_index/packages/rover_perception_msgs\n'}
[5.705155] (rover_perception_msgs) StdoutLine: {'line': b'-- Up-to-date: /workspaces/IRS_Rover_ROS2_Workspace/rover_ws/install/rover_perception_msgs/share/rover_perception_msgs/cmake/export_rover_perception_msgs__rosidl_generator_cExport.cmake\n'}
[5.709377] (rover_control_msgs) CommandEnded: {'returncode': 0}
[5.712431] (rover_perception_msgs) StdoutLine: {'line': b'-- Up-to-date: /workspaces/IRS_Rover_ROS2_Workspace/rover_ws/install/rover_perception_msgs/share/rover_perception_msgs/cmake/export_rover_perception_msgs__rosidl_generator_cExport-noconfig.cmake\n'}
[5.714508] (rover_perception_msgs) StdoutLine: {'line': b'-- Up-to-date: /workspaces/IRS_Rover_ROS2_Workspace/rover_ws/install/rover_perception_msgs/share/rover_perception_msgs/cmake/export_rover_perception_msgs__rosidl_typesupport_fastrtps_cExport.cmake\n'}
[5.716891] (rover_perception_msgs) StdoutLine: {'line': b'-- Up-to-date: /workspaces/IRS_Rover_ROS2_Workspace/rover_ws/install/rover_perception_msgs/share/rover_perception_msgs/cmake/export_rover_perception_msgs__rosidl_typesupport_fastrtps_cExport-noconfig.cmake\n'}
[5.725236] (rover_control_msgs) JobProgress: {'identifier': 'rover_control_msgs', 'progress': 'install'}
[5.725541] (rover_control_msgs) Command: {'cmd': ['/usr/bin/cmake', '--install', '/workspaces/IRS_Rover_ROS2_Workspace/rover_ws/build/rover_control_msgs'], 'cwd': '/workspaces/IRS_Rover_ROS2_Workspace/rover_ws/build/rover_control_msgs', 'env': OrderedDict([('PYTHON_BASIC_REPL', '1'), ('HOSTNAME', '06335fee11bd'), ('GIT_ASKPASS', '/vscode/vscode-server/bin/linux-x64/4fe60c8b1cdac1c4c174f2fb180d0d758272d713/extensions/git/dist/askpass.sh'), ('SHLVL', '2'), ('LD_LIBRARY_PATH', '/workspaces/IRS_Rover_ROS2_Workspace/rover_ws/install/rover_perception_msgs/lib:/workspaces/IRS_Rover_ROS2_Workspace/rover_ws/install/rover_control_msgs/lib:/opt/ros/humble/opt/rviz_ogre_vendor/lib:/opt/ros/humble/lib/x86_64-linux-gnu:/opt/ros/humble/lib'), ('BROWSER', '/vscode/vscode-server/bin/linux-x64/4fe60c8b1cdac1c4c174f2fb180d0d758272d713/bin/helpers/browser.sh'), ('HOME', '/root'), ('OLDPWD', '/workspaces/IRS_Rover_ROS2_Workspace'), ('TERM_PROGRAM_VERSION', '1.127.0'), ('VSCODE_IPC_HOOK_CLI', '/tmp/vscode-ipc-a7d8417a-84e0-4652-a058-401c79ab84d0.sock'), ('ROS_PYTHON_VERSION', '3'), ('VSCODE_GIT_ASKPASS_MAIN', '/vscode/vscode-server/bin/linux-x64/4fe60c8b1cdac1c4c174f2fb180d0d758272d713/extensions/git/dist/askpass-main.js'), ('VSCODE_GIT_ASKPASS_NODE', '/vscode/vscode-server/bin/linux-x64/4fe60c8b1cdac1c4c174f2fb180d0d758272d713/node'), ('PYDEVD_DISABLE_FILE_VALIDATION', '1'), ('BUNDLED_DEBUGPY_PATH', '/root/.vscode-server/extensions/ms-python.debugpy-2026.6.0-linux-x64/bundled/libs/debugpy'), ('VSCODE_PYTHON_AUTOACTIVATE_GUARD', '1'), ('COLORTERM', 'truecolor'), ('REMOTE_CONTAINERS', 'true'), ('COLCON_PREFIX_PATH', '/workspaces/IRS_Rover_ROS2_Workspace/rover_ws/install'), ('ROS_DISTRO', 'humble'), ('REMOTE_CONTAINERS_IPC', '/tmp/vscode-remote-containers-ipc-8556e27b-e216-450b-b0cc-1f8365397382.sock'), ('_', '/usr/bin/colcon'), ('ROS_VERSION', '2'), ('TERM', 'xterm-256color'), ('ROS_LOCALHOST_ONLY', '0'), ('PATH', '/root/.vscode-server/data/User/globalStorage/github.copilot-chat/debugCommand:/root/.vscode-server/data/User/globalStorage/github.copilot-chat/copilotCli:/vscode/vscode-server/bin/linux-x64/4fe60c8b1cdac1c4c174f2fb180d0d758272d713/bin/remote-cli:/opt/ros/humble/bin:/usr/local/sbin:/usr/local/bin:/usr/sbin:/usr/bin:/sbin:/bin:/root/.vscode-server/extensions/ms-python.debugpy-2026.6.0-linux-x64/bundled/scripts/noConfigScripts'), ('REMOTE_CONTAINERS_SOCKETS', '["/tmp/vscode-ssh-auth-8556e27b-e216-450b-b0cc-1f8365397382.sock"]'), ('VSCODE_DEBUGPY_ADAPTER_ENDPOINTS', '/root/.vscode-server/extensions/ms-python.debugpy-2026.6.0-linux-x64/.noConfigDebugAdapterEndpoints/endpoint-1e3a0fbd7d538503.txt'), ('LANG', 'C.UTF-8'), ('PYTHONSTARTUP', '/root/.vscode-server/data/User/workspaceStorage/7242e97d3df64538730a6ed5a855f433/ms-python.python/pythonrc.py'), ('LS_COLORS', 'rs=0:di=01;34:ln=01;36:mh=00:pi=40;33:so=01;35:do=01;35:bd=40;33;01:cd=40;33;01:or=40;31;01:mi=00:su=37;41:sg=30;43:ca=30;41:tw=30;42:ow=34;42:st=37;44:ex=01;32:*.tar=01;31:*.tgz=01;31:*.arc=01;31:*.arj=01;31:*.taz=01;31:*.lha=01;31:*.lz4=01;31:*.lzh=01;31:*.lzma=01;31:*.tlz=01;31:*.txz=01;31:*.tzo=01;31:*.t7z=01;31:*.zip=01;31:*.z=01;31:*.dz=01;31:*.gz=01;31:*.lrz=01;31:*.lz=01;31:*.lzo=01;31:*.xz=01;31:*.zst=01;31:*.tzst=01;31:*.bz2=01;31:*.bz=01;31:*.tbz=01;31:*.tbz2=01;31:*.tz=01;31:*.deb=01;31:*.rpm=01;31:*.jar=01;31:*.war=01;31:*.ear=01;31:*.sar=01;31:*.rar=01;31:*.alz=01;31:*.ace=01;31:*.zoo=01;31:*.cpio=01;31:*.7z=01;31:*.rz=01;31:*.cab=01;31:*.wim=01;31:*.swm=01;31:*.dwm=01;31:*.esd=01;31:*.jpg=01;35:*.jpeg=01;35:*.mjpg=01;35:*.mjpeg=01;35:*.gif=01;35:*.bmp=01;35:*.pbm=01;35:*.pgm=01;35:*.ppm=01;35:*.tga=01;35:*.xbm=01;35:*.xpm=01;35:*.tif=01;35:*.tiff=01;35:*.png=01;35:*.svg=01;35:*.svgz=01;35:*.mng=01;35:*.pcx=01;35:*.mov=01;35:*.mpg=01;35:*.mpeg=01;35:*.m2v=01;35:*.mkv=01;35:*.webm=01;35:*.webp=01;35:*.ogm=01;35:*.mp4=01;35:*.m4v=01;35:*.mp4v=01;35:*.vob=01;35:*.qt=01;35:*.nuv=01;35:*.wmv=01;35:*.asf=01;35:*.rm=01;35:*.rmvb=01;35:*.flc=01;35:*.avi=01;35:*.fli=01;35:*.flv=01;35:*.gl=01;35:*.dl=01;35:*.xcf=01;35:*.xwd=01;35:*.yuv=01;35:*.cgm=01;35:*.emf=01;35:*.ogv=01;35:*.ogx=01;35:*.aac=00;36:*.au=00;36:*.flac=00;36:*.m4a=00;36:*.mid=00;36:*.midi=00;36:*.mka=00;36:*.mp3=00;36:*.mpc=00;36:*.ogg=00;36:*.ra=00;36:*.wav=00;36:*.oga=00;36:*.opus=00;36:*.spx=00;36:*.xspf=00;36:'), ('VSCODE_GIT_IPC_HANDLE', '/tmp/vscode-git-bb8c1a7c35.sock'), ('TERM_PROGRAM', 'vscode'), ('SSH_AUTH_SOCK', '/tmp/vscode-ssh-auth-8556e27b-e216-450b-b0cc-1f8365397382.sock'), ('AMENT_PREFIX_PATH', '/workspaces/IRS_Rover_ROS2_Workspace/rover_ws/install/rover_perception_msgs:/workspaces/IRS_Rover_ROS2_Workspace/rover_ws/install/rover_stereocam:/workspaces/IRS_Rover_ROS2_Workspace/rover_ws/install/rover_perception:/workspaces/IRS_Rover_ROS2_Workspace/rover_ws/install/rover_lidar:/workspaces/IRS_Rover_ROS2_Workspace/rover_ws/install/rover_control_msgs:/workspaces/IRS_Rover_ROS2_Workspace/rover_ws/install/rover_control:/opt/ros/humble'), ('SHELL', '/bin/bash'), ('VSCODE_GIT_ASKPASS_EXTRA_ARGS', ''), ('PWD', '/workspaces/IRS_Rover_ROS2_Workspace/rover_ws/build/rover_control_msgs'), ('LC_ALL', 'C.UTF-8'), ('COPILOT_DEBUG_NONCE', 'ebb28b2f47a55d9f123b03f75e673fb9'), ('PYTHONPATH', '/workspaces/IRS_Rover_ROS2_Workspace/rover_ws/install/rover_perception_msgs/local/lib/python3.10/dist-packages:/workspaces/IRS_Rover_ROS2_Workspace/rover_ws/install/rover_stereocam/lib/python3.10/site-packages:/workspaces/IRS_Rover_ROS2_Workspace/rover_ws/install/rover_perception/lib/python3.10/site-packages:/workspaces/IRS_Rover_ROS2_Workspace/rover_ws/install/rover_lidar/lib/python3.10/site-packages:/workspaces/IRS_Rover_ROS2_Workspace/rover_ws/install/rover_control_msgs/local/lib/python3.10/dist-packages:/workspaces/IRS_Rover_ROS2_Workspace/rover_ws/install/rover_control/lib/python3.10/site-packages:/opt/ros/humble/lib/python3.10/site-packages:/opt/ros/humble/local/lib/python3.10/dist-packages'), ('COLCON', '1'), ('CMAKE_PREFIX_PATH', '/workspaces/IRS_Rover_ROS2_Workspace/rover_ws/install/rover_perception_msgs:/workspaces/IRS_Rover_ROS2_Workspace/rover_ws/install/rover_control_msgs:/workspaces/IRS_Rover_ROS2_Workspace/rover_ws/install/rover_stereocam:/workspaces/IRS_Rover_ROS2_Workspace/rover_ws/install/rover_perception:/workspaces/IRS_Rover_ROS2_Workspace/rover_ws/install/rover_lidar:/workspaces/IRS_Rover_ROS2_Workspace/rover_ws/install/rover_control:/opt/ros/humble')]), 'shell': False}
[5.728955] (rover_perception_msgs) StdoutLine: {'line': b'-- Up-to-date: /workspaces/IRS_Rover_ROS2_Workspace/rover_ws/install/rover_perception_msgs/share/rover_perception_msgs/cmake/rover_perception_msgs__rosidl_typesupport_introspection_cExport.cmake\n'}
[5.730520] (rover_perception_msgs) StdoutLine: {'line': b'-- Up-to-date: /workspaces/IRS_Rover_ROS2_Workspace/rover_ws/install/rover_perception_msgs/share/rover_perception_msgs/cmake/rover_perception_msgs__rosidl_typesupport_introspection_cExport-noconfig.cmake\n'}
[5.731778] (rover_perception_msgs) StdoutLine: {'line': b'-- Up-to-date: /workspaces/IRS_Rover_ROS2_Workspace/rover_ws/install/rover_perception_msgs/share/rover_perception_msgs/cmake/rover_perception_msgs__rosidl_typesupport_cExport.cmake\n'}
[5.733632] (rover_perception_msgs) StdoutLine: {'line': b'-- Up-to-date: /workspaces/IRS_Rover_ROS2_Workspace/rover_ws/install/rover_perception_msgs/share/rover_perception_msgs/cmake/rover_perception_msgs__rosidl_typesupport_cExport-noconfig.cmake\n'}
[5.736142] (rover_perception_msgs) StdoutLine: {'line': b'-- Up-to-date: /workspaces/IRS_Rover_ROS2_Workspace/rover_ws/install/rover_perception_msgs/share/rover_perception_msgs/cmake/export_rover_perception_msgs__rosidl_generator_cppExport.cmake\n'}
[5.739367] (rover_perception_msgs) StdoutLine: {'line': b'-- Up-to-date: /workspaces/IRS_Rover_ROS2_Workspace/rover_ws/install/rover_perception_msgs/share/rover_perception_msgs/cmake/export_rover_perception_msgs__rosidl_typesupport_fastrtps_cppExport.cmake\n'}
[5.742058] (rover_perception_msgs) StdoutLine: {'line': b'-- Up-to-date: /workspaces/IRS_Rover_ROS2_Workspace/rover_ws/install/rover_perception_msgs/share/rover_perception_msgs/cmake/export_rover_perception_msgs__rosidl_typesupport_fastrtps_cppExport-noconfig.cmake\n'}
[5.745662] (rover_perception_msgs) StdoutLine: {'line': b'-- Up-to-date: /workspaces/IRS_Rover_ROS2_Workspace/rover_ws/install/rover_perception_msgs/share/rover_perception_msgs/cmake/rover_perception_msgs__rosidl_typesupport_introspection_cppExport.cmake\n'}
[5.747927] (rover_perception_msgs) StdoutLine: {'line': b'-- Up-to-date: /workspaces/IRS_Rover_ROS2_Workspace/rover_ws/install/rover_perception_msgs/share/rover_perception_msgs/cmake/rover_perception_msgs__rosidl_typesupport_introspection_cppExport-noconfig.cmake\n'}
[5.759938] (-) TimerEvent: {}
[5.761315] (rover_perception_msgs) StdoutLine: {'line': b'-- Up-to-date: /workspaces/IRS_Rover_ROS2_Workspace/rover_ws/install/rover_perception_msgs/share/rover_perception_msgs/cmake/rover_perception_msgs__rosidl_typesupport_cppExport.cmake\n'}
[5.763908] (rover_perception_msgs) StdoutLine: {'line': b'-- Up-to-date: /workspaces/IRS_Rover_ROS2_Workspace/rover_ws/install/rover_perception_msgs/share/rover_perception_msgs/cmake/rover_perception_msgs__rosidl_typesupport_cppExport-noconfig.cmake\n'}
[5.768077] (rover_perception_msgs) StdoutLine: {'line': b'-- Up-to-date: /workspaces/IRS_Rover_ROS2_Workspace/rover_ws/install/rover_perception_msgs/share/rover_perception_msgs/cmake/export_rover_perception_msgs__rosidl_generator_pyExport.cmake\n'}
[5.773982] (rover_perception_msgs) StdoutLine: {'line': b'-- Up-to-date: /workspaces/IRS_Rover_ROS2_Workspace/rover_ws/install/rover_perception_msgs/share/rover_perception_msgs/cmake/export_rover_perception_msgs__rosidl_generator_pyExport-noconfig.cmake\n'}
[5.776198] (rover_perception_msgs) StdoutLine: {'line': b'-- Up-to-date: /workspaces/IRS_Rover_ROS2_Workspace/rover_ws/install/rover_perception_msgs/share/rover_perception_msgs/cmake/rosidl_cmake-extras.cmake\n'}
[5.780038] (rover_perception_msgs) StdoutLine: {'line': b'-- Up-to-date: /workspaces/IRS_Rover_ROS2_Workspace/rover_ws/install/rover_perception_msgs/share/rover_perception_msgs/cmake/ament_cmake_export_dependencies-extras.cmake\n'}
[5.784897] (rover_perception_msgs) StdoutLine: {'line': b'-- Up-to-date: /workspaces/IRS_Rover_ROS2_Workspace/rover_ws/install/rover_perception_msgs/share/rover_perception_msgs/cmake/ament_cmake_export_include_directories-extras.cmake\n'}
[5.787743] (rover_perception_msgs) StdoutLine: {'line': b'-- Up-to-date: /workspaces/IRS_Rover_ROS2_Workspace/rover_ws/install/rover_perception_msgs/share/rover_perception_msgs/cmake/ament_cmake_export_libraries-extras.cmake\n'}
[5.789750] (rover_perception_msgs) StdoutLine: {'line': b'-- Up-to-date: /workspaces/IRS_Rover_ROS2_Workspace/rover_ws/install/rover_perception_msgs/share/rover_perception_msgs/cmake/ament_cmake_export_targets-extras.cmake\n'}
[5.792043] (rover_perception_msgs) StdoutLine: {'line': b'-- Up-to-date: /workspaces/IRS_Rover_ROS2_Workspace/rover_ws/install/rover_perception_msgs/share/rover_perception_msgs/cmake/rosidl_cmake_export_typesupport_targets-extras.cmake\n'}
[5.796703] (rover_perception_msgs) StdoutLine: {'line': b'-- Up-to-date: /workspaces/IRS_Rover_ROS2_Workspace/rover_ws/install/rover_perception_msgs/share/rover_perception_msgs/cmake/rosidl_cmake_export_typesupport_libraries-extras.cmake\n'}
[5.799012] (rover_perception_msgs) StdoutLine: {'line': b'-- Up-to-date: /workspaces/IRS_Rover_ROS2_Workspace/rover_ws/install/rover_perception_msgs/share/rover_perception_msgs/cmake/rover_perception_msgsConfig.cmake\n'}
[5.801918] (rover_perception_msgs) StdoutLine: {'line': b'-- Up-to-date: /workspaces/IRS_Rover_ROS2_Workspace/rover_ws/install/rover_perception_msgs/share/rover_perception_msgs/cmake/rover_perception_msgsConfig-version.cmake\n'}
[5.803485] (rover_perception_msgs) StdoutLine: {'line': b'-- Up-to-date: /workspaces/IRS_Rover_ROS2_Workspace/rover_ws/install/rover_perception_msgs/share/rover_perception_msgs/package.xml\n'}
[5.805624] (rover_control_msgs) StdoutLine: {'line': b'-- Install configuration: ""\n'}
[5.806839] (rover_control_msgs) StdoutLine: {'line': b'-- Up-to-date: /workspaces/IRS_Rover_ROS2_Workspace/rover_ws/install/rover_control_msgs/share/ament_index/resource_index/rosidl_interfaces/rover_control_msgs\n'}
[5.808421] (rover_control_msgs) StdoutLine: {'line': b'-- Up-to-date: /workspaces/IRS_Rover_ROS2_Workspace/rover_ws/install/rover_control_msgs/include/rover_control_msgs/rover_control_msgs\n'}
[5.810864] (rover_control_msgs) StdoutLine: {'line': b'-- Up-to-date: /workspaces/IRS_Rover_ROS2_Workspace/rover_ws/install/rover_control_msgs/include/rover_control_msgs/rover_control_msgs/msg\n'}
[5.814771] (rover_perception_msgs) CommandEnded: {'returncode': 0}
[5.816973] (rover_control_msgs) StdoutLine: {'line': b'-- Up-to-date: /workspaces/IRS_Rover_ROS2_Workspace/rover_ws/install/rover_control_msgs/include/rover_control_msgs/rover_control_msgs/msg/rosidl_generator_c__visibility_control.h\n'}
[5.818844] (rover_control_msgs) StdoutLine: {'line': b'-- Up-to-date: /workspaces/IRS_Rover_ROS2_Workspace/rover_ws/install/rover_control_msgs/include/rover_control_msgs/rover_control_msgs/msg/set_operational_mode.h\n'}
[5.821471] (rover_control_msgs) StdoutLine: {'line': b'-- Up-to-date: /workspaces/IRS_Rover_ROS2_Workspace/rover_ws/install/rover_control_msgs/include/rover_control_msgs/rover_control_msgs/msg/detail\n'}
[5.823872] (rover_control_msgs) StdoutLine: {'line': b'-- Up-to-date: /workspaces/IRS_Rover_ROS2_Workspace/rover_ws/install/rover_control_msgs/include/rover_control_msgs/rover_control_msgs/msg/detail/current_operational_mode__functions.h\n'}
[5.825645] (rover_control_msgs) StdoutLine: {'line': b'-- Up-to-date: /workspaces/IRS_Rover_ROS2_Workspace/rover_ws/install/rover_control_msgs/include/rover_control_msgs/rover_control_msgs/msg/detail/set_operational_mode__struct.h\n'}
[5.827623] (rover_control_msgs) StdoutLine: {'line': b'-- Up-to-date: /workspaces/IRS_Rover_ROS2_Workspace/rover_ws/install/rover_control_msgs/include/rover_control_msgs/rover_control_msgs/msg/detail/current_operational_mode__type_support.h\n'}
[5.829846] (rover_control_msgs) StdoutLine: {'line': b'-- Up-to-date: /workspaces/IRS_Rover_ROS2_Workspace/rover_ws/install/rover_control_msgs/include/rover_control_msgs/rover_control_msgs/msg/detail/set_operational_mode__functions.h\n'}
[5.831495] (rover_control_msgs) StdoutLine: {'line': b'-- Up-to-date: /workspaces/IRS_Rover_ROS2_Workspace/rover_ws/install/rover_control_msgs/include/rover_control_msgs/rover_control_msgs/msg/detail/operational_mode_settings__type_support.h\n'}
[5.833296] (rover_control_msgs) StdoutLine: {'line': b'-- Up-to-date: /workspaces/IRS_Rover_ROS2_Workspace/rover_ws/install/rover_control_msgs/include/rover_control_msgs/rover_control_msgs/msg/detail/operational_mode_settings__functions.h\n'}
[5.834551] (rover_control_msgs) StdoutLine: {'line': b'-- Up-to-date: /workspaces/IRS_Rover_ROS2_Workspace/rover_ws/install/rover_control_msgs/include/rover_control_msgs/rover_control_msgs/msg/detail/current_operational_mode__functions.c\n'}
[5.836697] (rover_control_msgs) StdoutLine: {'line': b'-- Up-to-date: /workspaces/IRS_Rover_ROS2_Workspace/rover_ws/install/rover_control_msgs/include/rover_control_msgs/rover_control_msgs/msg/detail/current_operational_mode__struct.h\n'}
[5.838242] (rover_control_msgs) StdoutLine: {'line': b'-- Up-to-date: /workspaces/IRS_Rover_ROS2_Workspace/rover_ws/install/rover_control_msgs/include/rover_control_msgs/rover_control_msgs/msg/detail/operational_mode_settings__struct.h\n'}
[5.840029] (rover_control_msgs) StdoutLine: {'line': b'-- Up-to-date: /workspaces/IRS_Rover_ROS2_Workspace/rover_ws/install/rover_control_msgs/include/rover_control_msgs/rover_control_msgs/msg/detail/set_operational_mode__type_support.h\n'}
[5.842243] (rover_control_msgs) StdoutLine: {'line': b'-- Up-to-date: /workspaces/IRS_Rover_ROS2_Workspace/rover_ws/install/rover_control_msgs/include/rover_control_msgs/rover_control_msgs/msg/detail/operational_mode_settings__functions.c\n'}
[5.843702] (rover_control_msgs) StdoutLine: {'line': b'-- Up-to-date: /workspaces/IRS_Rover_ROS2_Workspace/rover_ws/install/rover_control_msgs/include/rover_control_msgs/rover_control_msgs/msg/detail/set_operational_mode__functions.c\n'}
[5.845346] (rover_control_msgs) StdoutLine: {'line': b'-- Up-to-date: /workspaces/IRS_Rover_ROS2_Workspace/rover_ws/install/rover_control_msgs/include/rover_control_msgs/rover_control_msgs/msg/current_operational_mode.h\n'}
[5.846860] (rover_control_msgs) StdoutLine: {'line': b'-- Up-to-date: /workspaces/IRS_Rover_ROS2_Workspace/rover_ws/install/rover_control_msgs/include/rover_control_msgs/rover_control_msgs/msg/operational_mode_settings.h\n'}
[5.848820] (rover_control_msgs) StdoutLine: {'line': b'-- Up-to-date: /workspaces/IRS_Rover_ROS2_Workspace/rover_ws/install/rover_control_msgs/include/rover_control_msgs/rover_control_msgs/srv\n'}
[5.851136] (rover_control_msgs) StdoutLine: {'line': b'-- Up-to-date: /workspaces/IRS_Rover_ROS2_Workspace/rover_ws/install/rover_control_msgs/include/rover_control_msgs/rover_control_msgs/srv/set_operational_mode.h\n'}
[5.853505] (rover_control_msgs) StdoutLine: {'line': b'-- Up-to-date: /workspaces/IRS_Rover_ROS2_Workspace/rover_ws/install/rover_control_msgs/include/rover_control_msgs/rover_control_msgs/srv/detail\n'}
[5.855850] (rover_control_msgs) StdoutLine: {'line': b'-- Up-to-date: /workspaces/IRS_Rover_ROS2_Workspace/rover_ws/install/rover_control_msgs/include/rover_control_msgs/rover_control_msgs/srv/detail/set_operational_mode__struct.h\n'}
[5.858181] (rover_control_msgs) StdoutLine: {'line': b'-- Up-to-date: /workspaces/IRS_Rover_ROS2_Workspace/rover_ws/install/rover_control_msgs/include/rover_control_msgs/rover_control_msgs/srv/detail/set_operational_mode__functions.h\n'}
[5.859669] (rover_control_msgs) StdoutLine: {'line': b'-- Up-to-date: /workspaces/IRS_Rover_ROS2_Workspace/rover_ws/install/rover_control_msgs/include/rover_control_msgs/rover_control_msgs/srv/detail/set_operational_mode__type_support.h\n'}
[5.862028] (-) TimerEvent: {}
[5.862881] (rover_control_msgs) StdoutLine: {'line': b'-- Up-to-date: /workspaces/IRS_Rover_ROS2_Workspace/rover_ws/install/rover_control_msgs/include/rover_control_msgs/rover_control_msgs/srv/detail/set_operational_mode__functions.c\n'}
[5.864445] (rover_control_msgs) StdoutLine: {'line': b'-- Up-to-date: /workspaces/IRS_Rover_ROS2_Workspace/rover_ws/install/rover_control_msgs/share/rover_control_msgs/environment/library_path.sh\n'}
[5.867250] (rover_control_msgs) StdoutLine: {'line': b'-- Up-to-date: /workspaces/IRS_Rover_ROS2_Workspace/rover_ws/install/rover_control_msgs/share/rover_control_msgs/environment/library_path.dsv\n'}
[5.869422] (rover_control_msgs) StdoutLine: {'line': b'-- Up-to-date: /workspaces/IRS_Rover_ROS2_Workspace/rover_ws/install/rover_control_msgs/lib/librover_control_msgs__rosidl_generator_c.so\n'}
[5.872082] (rover_control_msgs) StdoutLine: {'line': b'-- Up-to-date: /workspaces/IRS_Rover_ROS2_Workspace/rover_ws/install/rover_control_msgs/include/rover_control_msgs/rover_control_msgs\n'}
[5.875004] (rover_control_msgs) StdoutLine: {'line': b'-- Up-to-date: /workspaces/IRS_Rover_ROS2_Workspace/rover_ws/install/rover_control_msgs/include/rover_control_msgs/rover_control_msgs/msg\n'}
[5.877187] (rover_control_msgs) StdoutLine: {'line': b'-- Up-to-date: /workspaces/IRS_Rover_ROS2_Workspace/rover_ws/install/rover_control_msgs/include/rover_control_msgs/rover_control_msgs/msg/detail\n'}
[5.880440] (rover_control_msgs) StdoutLine: {'line': b'-- Up-to-date: /workspaces/IRS_Rover_ROS2_Workspace/rover_ws/install/rover_control_msgs/include/rover_control_msgs/rover_control_msgs/msg/detail/operational_mode_settings__rosidl_typesupport_fastrtps_c.h\n'}
[5.883087] (rover_control_msgs) StdoutLine: {'line': b'-- Up-to-date: /workspaces/IRS_Rover_ROS2_Workspace/rover_ws/install/rover_control_msgs/include/rover_control_msgs/rover_control_msgs/msg/detail/set_operational_mode__rosidl_typesupport_fastrtps_c.h\n'}
[5.886487] (rover_control_msgs) StdoutLine: {'line': b'-- Up-to-date: /workspaces/IRS_Rover_ROS2_Workspace/rover_ws/install/rover_control_msgs/include/rover_control_msgs/rover_control_msgs/msg/detail/current_operational_mode__rosidl_typesupport_fastrtps_c.h\n'}
[5.888107] (rover_control_msgs) StdoutLine: {'line': b'-- Up-to-date: /workspaces/IRS_Rover_ROS2_Workspace/rover_ws/install/rover_control_msgs/include/rover_control_msgs/rover_control_msgs/msg/rosidl_typesupport_fastrtps_c__visibility_control.h\n'}
[5.891647] (rover_control_msgs) StdoutLine: {'line': b'-- Up-to-date: /workspaces/IRS_Rover_ROS2_Workspace/rover_ws/install/rover_control_msgs/include/rover_control_msgs/rover_control_msgs/srv\n'}
[5.895188] (rover_control_msgs) StdoutLine: {'line': b'-- Up-to-date: /workspaces/IRS_Rover_ROS2_Workspace/rover_ws/install/rover_control_msgs/include/rover_control_msgs/rover_control_msgs/srv/detail\n'}
[5.897412] (rover_control_msgs) StdoutLine: {'line': b'-- Up-to-date: /workspaces/IRS_Rover_ROS2_Workspace/rover_ws/install/rover_control_msgs/include/rover_control_msgs/rover_control_msgs/srv/detail/set_operational_mode__rosidl_typesupport_fastrtps_c.h\n'}
[5.904445] (rover_control_msgs) StdoutLine: {'line': b'-- Up-to-date: /workspaces/IRS_Rover_ROS2_Workspace/rover_ws/install/rover_control_msgs/lib/librover_control_msgs__rosidl_typesupport_fastrtps_c.so\n'}
[5.907363] (rover_control_msgs) StdoutLine: {'line': b'-- Up-to-date: /workspaces/IRS_Rover_ROS2_Workspace/rover_ws/install/rover_control_msgs/include/rover_control_msgs/rover_control_msgs\n'}
[5.911362] (rover_control_msgs) StdoutLine: {'line': b'-- Up-to-date: /workspaces/IRS_Rover_ROS2_Workspace/rover_ws/install/rover_control_msgs/include/rover_control_msgs/rover_control_msgs/msg\n'}
[5.913830] (rover_control_msgs) StdoutLine: {'line': b'-- Up-to-date: /workspaces/IRS_Rover_ROS2_Workspace/rover_ws/install/rover_control_msgs/include/rover_control_msgs/rover_control_msgs/msg/detail\n'}
[5.917533] (rover_control_msgs) StdoutLine: {'line': b'-- Up-to-date: /workspaces/IRS_Rover_ROS2_Workspace/rover_ws/install/rover_control_msgs/include/rover_control_msgs/rover_control_msgs/msg/detail/current_operational_mode__rosidl_typesupport_introspection_c.h\n'}
[5.920496] (rover_control_msgs) StdoutLine: {'line': b'-- Up-to-date: /workspaces/IRS_Rover_ROS2_Workspace/rover_ws/install/rover_control_msgs/include/rover_control_msgs/rover_control_msgs/msg/detail/set_operational_mode__rosidl_typesupport_introspection_c.h\n'}
[5.927094] (rover_control_msgs) StdoutLine: {'line': b'-- Up-to-date: /workspaces/IRS_Rover_ROS2_Workspace/rover_ws/install/rover_control_msgs/include/rover_control_msgs/rover_control_msgs/msg/detail/set_operational_mode__type_support.c\n'}
[5.929306] (rover_control_msgs) StdoutLine: {'line': b'-- Up-to-date: /workspaces/IRS_Rover_ROS2_Workspace/rover_ws/install/rover_control_msgs/include/rover_control_msgs/rover_control_msgs/msg/detail/operational_mode_settings__rosidl_typesupport_introspection_c.h\n'}
[5.931448] (rover_control_msgs) StdoutLine: {'line': b'-- Up-to-date: /workspaces/IRS_Rover_ROS2_Workspace/rover_ws/install/rover_control_msgs/include/rover_control_msgs/rover_control_msgs/msg/detail/current_operational_mode__type_support.c\n'}
[5.933173] (rover_control_msgs) StdoutLine: {'line': b'-- Up-to-date: /workspaces/IRS_Rover_ROS2_Workspace/rover_ws/install/rover_control_msgs/include/rover_control_msgs/rover_control_msgs/msg/detail/operational_mode_settings__type_support.c\n'}
[5.935169] (rover_control_msgs) StdoutLine: {'line': b'-- Up-to-date: /workspaces/IRS_Rover_ROS2_Workspace/rover_ws/install/rover_control_msgs/include/rover_control_msgs/rover_control_msgs/msg/rosidl_typesupport_introspection_c__visibility_control.h\n'}
[5.937381] (rover_control_msgs) StdoutLine: {'line': b'-- Up-to-date: /workspaces/IRS_Rover_ROS2_Workspace/rover_ws/install/rover_control_msgs/include/rover_control_msgs/rover_control_msgs/srv\n'}
[5.939640] (rover_control_msgs) StdoutLine: {'line': b'-- Up-to-date: /workspaces/IRS_Rover_ROS2_Workspace/rover_ws/install/rover_control_msgs/include/rover_control_msgs/rover_control_msgs/srv/detail\n'}
[5.943117] (rover_control_msgs) StdoutLine: {'line': b'-- Up-to-date: /workspaces/IRS_Rover_ROS2_Workspace/rover_ws/install/rover_control_msgs/include/rover_control_msgs/rover_control_msgs/srv/detail/set_operational_mode__rosidl_typesupport_introspection_c.h\n'}
[5.944360] (rover_control_msgs) StdoutLine: {'line': b'-- Up-to-date: /workspaces/IRS_Rover_ROS2_Workspace/rover_ws/install/rover_control_msgs/include/rover_control_msgs/rover_control_msgs/srv/detail/set_operational_mode__type_support.c\n'}
[5.945980] (rover_control_msgs) StdoutLine: {'line': b'-- Up-to-date: /workspaces/IRS_Rover_ROS2_Workspace/rover_ws/install/rover_control_msgs/lib/librover_control_msgs__rosidl_typesupport_introspection_c.so\n'}
[5.947829] (rover_control_msgs) StdoutLine: {'line': b'-- Up-to-date: /workspaces/IRS_Rover_ROS2_Workspace/rover_ws/install/rover_control_msgs/lib/librover_control_msgs__rosidl_typesupport_c.so\n'}
[5.949711] (rover_control_msgs) StdoutLine: {'line': b'-- Up-to-date: /workspaces/IRS_Rover_ROS2_Workspace/rover_ws/install/rover_control_msgs/include/rover_control_msgs/rover_control_msgs\n'}
[5.952147] (rover_control_msgs) StdoutLine: {'line': b'-- Up-to-date: /workspaces/IRS_Rover_ROS2_Workspace/rover_ws/install/rover_control_msgs/include/rover_control_msgs/rover_control_msgs/msg\n'}
[5.956072] (rover_control_msgs) StdoutLine: {'line': b'-- Up-to-date: /workspaces/IRS_Rover_ROS2_Workspace/rover_ws/install/rover_control_msgs/include/rover_control_msgs/rover_control_msgs/msg/current_operational_mode.hpp\n'}
[5.958155] (rover_control_msgs) StdoutLine: {'line': b'-- Up-to-date: /workspaces/IRS_Rover_ROS2_Workspace/rover_ws/install/rover_control_msgs/include/rover_control_msgs/rover_control_msgs/msg/set_operational_mode.hpp\n'}
[5.960065] (rover_control_msgs) StdoutLine: {'line': b'-- Up-to-date: /workspaces/IRS_Rover_ROS2_Workspace/rover_ws/install/rover_control_msgs/include/rover_control_msgs/rover_control_msgs/msg/detail\n'}
[5.961723] (rover_control_msgs) StdoutLine: {'line': b'-- Up-to-date: /workspaces/IRS_Rover_ROS2_Workspace/rover_ws/install/rover_control_msgs/include/rover_control_msgs/rover_control_msgs/msg/detail/operational_mode_settings__traits.hpp\n'}
[5.963668] (-) TimerEvent: {}
[5.964268] (rover_control_msgs) StdoutLine: {'line': b'-- Up-to-date: /workspaces/IRS_Rover_ROS2_Workspace/rover_ws/install/rover_control_msgs/include/rover_control_msgs/rover_control_msgs/msg/detail/current_operational_mode__type_support.hpp\n'}
[5.966913] (rover_control_msgs) StdoutLine: {'line': b'-- Up-to-date: /workspaces/IRS_Rover_ROS2_Workspace/rover_ws/install/rover_control_msgs/include/rover_control_msgs/rover_control_msgs/msg/detail/set_operational_mode__type_support.hpp\n'}
[5.969581] (rover_control_msgs) StdoutLine: {'line': b'-- Up-to-date: /workspaces/IRS_Rover_ROS2_Workspace/rover_ws/install/rover_control_msgs/include/rover_control_msgs/rover_control_msgs/msg/detail/current_operational_mode__traits.hpp\n'}
[5.971342] (rover_control_msgs) StdoutLine: {'line': b'-- Up-to-date: /workspaces/IRS_Rover_ROS2_Workspace/rover_ws/install/rover_control_msgs/include/rover_control_msgs/rover_control_msgs/msg/detail/set_operational_mode__struct.hpp\n'}
[5.973101] (rover_control_msgs) StdoutLine: {'line': b'-- Up-to-date: /workspaces/IRS_Rover_ROS2_Workspace/rover_ws/install/rover_control_msgs/include/rover_control_msgs/rover_control_msgs/msg/detail/operational_mode_settings__builder.hpp\n'}
[5.976432] (rover_control_msgs) StdoutLine: {'line': b'-- Up-to-date: /workspaces/IRS_Rover_ROS2_Workspace/rover_ws/install/rover_control_msgs/include/rover_control_msgs/rover_control_msgs/msg/detail/operational_mode_settings__struct.hpp\n'}
[5.978891] (rover_control_msgs) StdoutLine: {'line': b'-- Up-to-date: /workspaces/IRS_Rover_ROS2_Workspace/rover_ws/install/rover_control_msgs/include/rover_control_msgs/rover_control_msgs/msg/detail/set_operational_mode__builder.hpp\n'}
[5.980474] (rover_control_msgs) StdoutLine: {'line': b'-- Up-to-date: /workspaces/IRS_Rover_ROS2_Workspace/rover_ws/install/rover_control_msgs/include/rover_control_msgs/rover_control_msgs/msg/detail/current_operational_mode__struct.hpp\n'}
[5.982322] (rover_control_msgs) StdoutLine: {'line': b'-- Up-to-date: /workspaces/IRS_Rover_ROS2_Workspace/rover_ws/install/rover_control_msgs/include/rover_control_msgs/rover_control_msgs/msg/detail/current_operational_mode__builder.hpp\n'}
[5.985069] (rover_control_msgs) StdoutLine: {'line': b'-- Up-to-date: /workspaces/IRS_Rover_ROS2_Workspace/rover_ws/install/rover_control_msgs/include/rover_control_msgs/rover_control_msgs/msg/detail/set_operational_mode__traits.hpp\n'}
[5.986434] (rover_control_msgs) StdoutLine: {'line': b'-- Up-to-date: /workspaces/IRS_Rover_ROS2_Workspace/rover_ws/install/rover_control_msgs/include/rover_control_msgs/rover_control_msgs/msg/detail/operational_mode_settings__type_support.hpp\n'}
[5.990037] (rover_control_msgs) StdoutLine: {'line': b'-- Up-to-date: /workspaces/IRS_Rover_ROS2_Workspace/rover_ws/install/rover_control_msgs/include/rover_control_msgs/rover_control_msgs/msg/rosidl_generator_cpp__visibility_control.hpp\n'}
[5.993580] (rover_control_msgs) StdoutLine: {'line': b'-- Up-to-date: /workspaces/IRS_Rover_ROS2_Workspace/rover_ws/install/rover_control_msgs/include/rover_control_msgs/rover_control_msgs/msg/operational_mode_settings.hpp\n'}
[6.000218] (rover_control_msgs) StdoutLine: {'line': b'-- Up-to-date: /workspaces/IRS_Rover_ROS2_Workspace/rover_ws/install/rover_control_msgs/include/rover_control_msgs/rover_control_msgs/srv\n'}
[6.002626] (rover_control_msgs) StdoutLine: {'line': b'-- Up-to-date: /workspaces/IRS_Rover_ROS2_Workspace/rover_ws/install/rover_control_msgs/include/rover_control_msgs/rover_control_msgs/srv/set_operational_mode.hpp\n'}
[6.004864] (rover_control_msgs) StdoutLine: {'line': b'-- Up-to-date: /workspaces/IRS_Rover_ROS2_Workspace/rover_ws/install/rover_control_msgs/include/rover_control_msgs/rover_control_msgs/srv/detail\n'}
[6.009082] (rover_control_msgs) StdoutLine: {'line': b'-- Up-to-date: /workspaces/IRS_Rover_ROS2_Workspace/rover_ws/install/rover_control_msgs/include/rover_control_msgs/rover_control_msgs/srv/detail/set_operational_mode__type_support.hpp\n'}
[6.013467] (rover_control_msgs) StdoutLine: {'line': b'-- Up-to-date: /workspaces/IRS_Rover_ROS2_Workspace/rover_ws/install/rover_control_msgs/include/rover_control_msgs/rover_control_msgs/srv/detail/set_operational_mode__struct.hpp\n'}
[6.016542] (rover_control_msgs) StdoutLine: {'line': b'-- Up-to-date: /workspaces/IRS_Rover_ROS2_Workspace/rover_ws/install/rover_control_msgs/include/rover_control_msgs/rover_control_msgs/srv/detail/set_operational_mode__builder.hpp\n'}
[6.020778] (rover_control_msgs) StdoutLine: {'line': b'-- Up-to-date: /workspaces/IRS_Rover_ROS2_Workspace/rover_ws/install/rover_control_msgs/include/rover_control_msgs/rover_control_msgs/srv/detail/set_operational_mode__traits.hpp\n'}
[6.025495] (rover_control_msgs) StdoutLine: {'line': b'-- Up-to-date: /workspaces/IRS_Rover_ROS2_Workspace/rover_ws/install/rover_control_msgs/include/rover_control_msgs/rover_control_msgs\n'}
[6.031982] (rover_control_msgs) StdoutLine: {'line': b'-- Up-to-date: /workspaces/IRS_Rover_ROS2_Workspace/rover_ws/install/rover_control_msgs/include/rover_control_msgs/rover_control_msgs/msg\n'}
[6.034642] (rover_control_msgs) StdoutLine: {'line': b'-- Up-to-date: /workspaces/IRS_Rover_ROS2_Workspace/rover_ws/install/rover_control_msgs/include/rover_control_msgs/rover_control_msgs/msg/rosidl_typesupport_fastrtps_cpp__visibility_control.h\n'}
[6.038335] (rover_control_msgs) StdoutLine: {'line': b'-- Up-to-date: /workspaces/IRS_Rover_ROS2_Workspace/rover_ws/install/rover_control_msgs/include/rover_control_msgs/rover_control_msgs/msg/detail\n'}
[6.042396] (rover_control_msgs) StdoutLine: {'line': b'-- Up-to-date: /workspaces/IRS_Rover_ROS2_Workspace/rover_ws/install/rover_control_msgs/include/rover_control_msgs/rover_control_msgs/msg/detail/operational_mode_settings__rosidl_typesupport_fastrtps_cpp.hpp\n'}
[6.044858] (rover_control_msgs) StdoutLine: {'line': b'-- Up-to-date: /workspaces/IRS_Rover_ROS2_Workspace/rover_ws/install/rover_control_msgs/include/rover_control_msgs/rover_control_msgs/msg/detail/current_operational_mode__rosidl_typesupport_fastrtps_cpp.hpp\n'}
[6.050046] (rover_control_msgs) StdoutLine: {'line': b'-- Up-to-date: /workspaces/IRS_Rover_ROS2_Workspace/rover_ws/install/rover_control_msgs/include/rover_control_msgs/rover_control_msgs/msg/detail/set_operational_mode__rosidl_typesupport_fastrtps_cpp.hpp\n'}
[6.056418] (rover_control_msgs) StdoutLine: {'line': b'-- Up-to-date: /workspaces/IRS_Rover_ROS2_Workspace/rover_ws/install/rover_control_msgs/include/rover_control_msgs/rover_control_msgs/msg/detail/dds_fastrtps\n'}
[6.059031] (rover_control_msgs) StdoutLine: {'line': b'-- Up-to-date: /workspaces/IRS_Rover_ROS2_Workspace/rover_ws/install/rover_control_msgs/include/rover_control_msgs/rover_control_msgs/srv\n'}
[6.062165] (rover_control_msgs) StdoutLine: {'line': b'-- Up-to-date: /workspaces/IRS_Rover_ROS2_Workspace/rover_ws/install/rover_control_msgs/include/rover_control_msgs/rover_control_msgs/srv/detail\n'}
[6.065118] (-) TimerEvent: {}
[6.067136] (rover_control_msgs) StdoutLine: {'line': b'-- Up-to-date: /workspaces/IRS_Rover_ROS2_Workspace/rover_ws/install/rover_control_msgs/include/rover_control_msgs/rover_control_msgs/srv/detail/set_operational_mode__rosidl_typesupport_fastrtps_cpp.hpp\n'}
[6.073982] (rover_control_msgs) StdoutLine: {'line': b'-- Up-to-date: /workspaces/IRS_Rover_ROS2_Workspace/rover_ws/install/rover_control_msgs/include/rover_control_msgs/rover_control_msgs/srv/detail/dds_fastrtps\n'}
[6.080455] (rover_control_msgs) StdoutLine: {'line': b'-- Up-to-date: /workspaces/IRS_Rover_ROS2_Workspace/rover_ws/install/rover_control_msgs/lib/librover_control_msgs__rosidl_typesupport_fastrtps_cpp.so\n'}
[6.081941] (rover_control_msgs) StdoutLine: {'line': b'-- Up-to-date: /workspaces/IRS_Rover_ROS2_Workspace/rover_ws/install/rover_control_msgs/include/rover_control_msgs/rover_control_msgs\n'}
[6.089567] (rover_control_msgs) StdoutLine: {'line': b'-- Up-to-date: /workspaces/IRS_Rover_ROS2_Workspace/rover_ws/install/rover_control_msgs/include/rover_control_msgs/rover_control_msgs/msg\n'}
[6.097479] (rover_control_msgs) StdoutLine: {'line': b'-- Up-to-date: /workspaces/IRS_Rover_ROS2_Workspace/rover_ws/install/rover_control_msgs/include/rover_control_msgs/rover_control_msgs/msg/detail\n'}
[6.102582] (rover_control_msgs) StdoutLine: {'line': b'-- Up-to-date: /workspaces/IRS_Rover_ROS2_Workspace/rover_ws/install/rover_control_msgs/include/rover_control_msgs/rover_control_msgs/msg/detail/operational_mode_settings__type_support.cpp\n'}
[6.107911] (rover_control_msgs) StdoutLine: {'line': b'-- Up-to-date: /workspaces/IRS_Rover_ROS2_Workspace/rover_ws/install/rover_control_msgs/include/rover_control_msgs/rover_control_msgs/msg/detail/operational_mode_settings__rosidl_typesupport_introspection_cpp.hpp\n'}
[6.111900] (rover_control_msgs) StdoutLine: {'line': b'-- Up-to-date: /workspaces/IRS_Rover_ROS2_Workspace/rover_ws/install/rover_control_msgs/include/rover_control_msgs/rover_control_msgs/msg/detail/current_operational_mode__rosidl_typesupport_introspection_cpp.hpp\n'}
[6.118718] (rover_control_msgs) StdoutLine: {'line': b'-- Up-to-date: /workspaces/IRS_Rover_ROS2_Workspace/rover_ws/install/rover_control_msgs/include/rover_control_msgs/rover_control_msgs/msg/detail/set_operational_mode__rosidl_typesupport_introspection_cpp.hpp\n'}
[6.122244] (rover_control_msgs) StdoutLine: {'line': b'-- Up-to-date: /workspaces/IRS_Rover_ROS2_Workspace/rover_ws/install/rover_control_msgs/include/rover_control_msgs/rover_control_msgs/msg/detail/current_operational_mode__type_support.cpp\n'}
[6.124121] (rover_control_msgs) StdoutLine: {'line': b'-- Up-to-date: /workspaces/IRS_Rover_ROS2_Workspace/rover_ws/install/rover_control_msgs/include/rover_control_msgs/rover_control_msgs/msg/detail/set_operational_mode__type_support.cpp\n'}
[6.127610] (rover_control_msgs) StdoutLine: {'line': b'-- Up-to-date: /workspaces/IRS_Rover_ROS2_Workspace/rover_ws/install/rover_control_msgs/include/rover_control_msgs/rover_control_msgs/srv\n'}
[6.130624] (rover_control_msgs) StdoutLine: {'line': b'-- Up-to-date: /workspaces/IRS_Rover_ROS2_Workspace/rover_ws/install/rover_control_msgs/include/rover_control_msgs/rover_control_msgs/srv/detail\n'}
[6.135494] (rover_control_msgs) StdoutLine: {'line': b'-- Up-to-date: /workspaces/IRS_Rover_ROS2_Workspace/rover_ws/install/rover_control_msgs/include/rover_control_msgs/rover_control_msgs/srv/detail/set_operational_mode__rosidl_typesupport_introspection_cpp.hpp\n'}
[6.137596] (rover_control_msgs) StdoutLine: {'line': b'-- Up-to-date: /workspaces/IRS_Rover_ROS2_Workspace/rover_ws/install/rover_control_msgs/include/rover_control_msgs/rover_control_msgs/srv/detail/set_operational_mode__type_support.cpp\n'}
[6.142546] (rover_control_msgs) StdoutLine: {'line': b'-- Up-to-date: /workspaces/IRS_Rover_ROS2_Workspace/rover_ws/install/rover_control_msgs/lib/librover_control_msgs__rosidl_typesupport_introspection_cpp.so\n'}
[6.144381] (rover_perception_msgs) JobEnded: {'identifier': 'rover_perception_msgs', 'rc': 0}
[6.152934] (rover_perception) JobStarted: {'identifier': 'rover_perception'}
[6.153491] (rover_control_msgs) StdoutLine: {'line': b'-- Up-to-date: /workspaces/IRS_Rover_ROS2_Workspace/rover_ws/install/rover_control_msgs/lib/librover_control_msgs__rosidl_typesupport_cpp.so\n'}
[6.156045] (rover_control_msgs) StdoutLine: {'line': b'-- Up-to-date: /workspaces/IRS_Rover_ROS2_Workspace/rover_ws/install/rover_control_msgs/share/rover_control_msgs/environment/pythonpath.sh\n'}
[6.159122] (rover_control_msgs) StdoutLine: {'line': b'-- Up-to-date: /workspaces/IRS_Rover_ROS2_Workspace/rover_ws/install/rover_control_msgs/share/rover_control_msgs/environment/pythonpath.dsv\n'}
[6.162478] (rover_control_msgs) StdoutLine: {'line': b'-- Up-to-date: /workspaces/IRS_Rover_ROS2_Workspace/rover_ws/install/rover_control_msgs/local/lib/python3.10/dist-packages/rover_control_msgs-0.0.0-py3.10.egg-info\n'}
[6.167131] (-) TimerEvent: {}
[6.170937] (rover_control_msgs) StdoutLine: {'line': b'-- Installing: /workspaces/IRS_Rover_ROS2_Workspace/rover_ws/install/rover_control_msgs/local/lib/python3.10/dist-packages/rover_control_msgs-0.0.0-py3.10.egg-info/PKG-INFO\n'}
[6.179720] (rover_control_msgs) StdoutLine: {'line': b'-- Installing: /workspaces/IRS_Rover_ROS2_Workspace/rover_ws/install/rover_control_msgs/local/lib/python3.10/dist-packages/rover_control_msgs-0.0.0-py3.10.egg-info/SOURCES.txt\n'}
[6.182386] (rover_control_msgs) StdoutLine: {'line': b'-- Installing: /workspaces/IRS_Rover_ROS2_Workspace/rover_ws/install/rover_control_msgs/local/lib/python3.10/dist-packages/rover_control_msgs-0.0.0-py3.10.egg-info/top_level.txt\n'}
[6.185119] (rover_control_msgs) StdoutLine: {'line': b'-- Installing: /workspaces/IRS_Rover_ROS2_Workspace/rover_ws/install/rover_control_msgs/local/lib/python3.10/dist-packages/rover_control_msgs-0.0.0-py3.10.egg-info/dependency_links.txt\n'}
[6.187456] (rover_control_msgs) StdoutLine: {'line': b'-- Up-to-date: /workspaces/IRS_Rover_ROS2_Workspace/rover_ws/install/rover_control_msgs/local/lib/python3.10/dist-packages/rover_control_msgs\n'}
[6.193390] (rover_control_msgs) StdoutLine: {'line': b'-- Up-to-date: /workspaces/IRS_Rover_ROS2_Workspace/rover_ws/install/rover_control_msgs/local/lib/python3.10/dist-packages/rover_control_msgs/rover_control_msgs_s__rosidl_typesupport_introspection_c.cpython-310-x86_64-linux-gnu.so\n'}
[6.200843] (rover_control_msgs) StdoutLine: {'line': b'-- Up-to-date: /workspaces/IRS_Rover_ROS2_Workspace/rover_ws/install/rover_control_msgs/local/lib/python3.10/dist-packages/rover_control_msgs/_rover_control_msgs_s.ep.rosidl_typesupport_introspection_c.c\n'}
[6.204278] (rover_control_msgs) StdoutLine: {'line': b'-- Up-to-date: /workspaces/IRS_Rover_ROS2_Workspace/rover_ws/install/rover_control_msgs/local/lib/python3.10/dist-packages/rover_control_msgs/msg\n'}
[6.206532] (rover_control_msgs) StdoutLine: {'line': b'-- Up-to-date: /workspaces/IRS_Rover_ROS2_Workspace/rover_ws/install/rover_control_msgs/local/lib/python3.10/dist-packages/rover_control_msgs/msg/_operational_mode_settings_s.c\n'}
[6.210140] (rover_control_msgs) StdoutLine: {'line': b'-- Up-to-date: /workspaces/IRS_Rover_ROS2_Workspace/rover_ws/install/rover_control_msgs/local/lib/python3.10/dist-packages/rover_control_msgs/msg/_current_operational_mode.py\n'}
[6.212619] (rover_control_msgs) StdoutLine: {'line': b'-- Up-to-date: /workspaces/IRS_Rover_ROS2_Workspace/rover_ws/install/rover_control_msgs/local/lib/python3.10/dist-packages/rover_control_msgs/msg/_set_operational_mode_s.c\n'}
[6.215590] (rover_control_msgs) StdoutLine: {'line': b'-- Up-to-date: /workspaces/IRS_Rover_ROS2_Workspace/rover_ws/install/rover_control_msgs/local/lib/python3.10/dist-packages/rover_control_msgs/msg/_set_operational_mode.py\n'}
[6.217660] (rover_control_msgs) StdoutLine: {'line': b'-- Up-to-date: /workspaces/IRS_Rover_ROS2_Workspace/rover_ws/install/rover_control_msgs/local/lib/python3.10/dist-packages/rover_control_msgs/msg/__init__.py\n'}
[6.219922] (rover_control_msgs) StdoutLine: {'line': b'-- Up-to-date: /workspaces/IRS_Rover_ROS2_Workspace/rover_ws/install/rover_control_msgs/local/lib/python3.10/dist-packages/rover_control_msgs/msg/_current_operational_mode_s.c\n'}
[6.221774] (rover_control_msgs) StdoutLine: {'line': b'-- Up-to-date: /workspaces/IRS_Rover_ROS2_Workspace/rover_ws/install/rover_control_msgs/local/lib/python3.10/dist-packages/rover_control_msgs/msg/_operational_mode_settings.py\n'}
[6.224186] (rover_control_msgs) StdoutLine: {'line': b'-- Up-to-date: /workspaces/IRS_Rover_ROS2_Workspace/rover_ws/install/rover_control_msgs/local/lib/python3.10/dist-packages/rover_control_msgs/_rover_control_msgs_s.ep.rosidl_typesupport_c.c\n'}
[6.225619] (rover_control_msgs) StdoutLine: {'line': b'-- Up-to-date: /workspaces/IRS_Rover_ROS2_Workspace/rover_ws/install/rover_control_msgs/local/lib/python3.10/dist-packages/rover_control_msgs/_rover_control_msgs_s.ep.rosidl_typesupport_fastrtps_c.c\n'}
[6.227597] (rover_control_msgs) StdoutLine: {'line': b'-- Up-to-date: /workspaces/IRS_Rover_ROS2_Workspace/rover_ws/install/rover_control_msgs/local/lib/python3.10/dist-packages/rover_control_msgs/__init__.py\n'}
[6.229961] (rover_control_msgs) StdoutLine: {'line': b'-- Up-to-date: /workspaces/IRS_Rover_ROS2_Workspace/rover_ws/install/rover_control_msgs/local/lib/python3.10/dist-packages/rover_control_msgs/rover_control_msgs_s__rosidl_typesupport_c.cpython-310-x86_64-linux-gnu.so\n'}
[6.232202] (rover_control_msgs) StdoutLine: {'line': b'-- Up-to-date: /workspaces/IRS_Rover_ROS2_Workspace/rover_ws/install/rover_control_msgs/local/lib/python3.10/dist-packages/rover_control_msgs/rover_control_msgs_s__rosidl_typesupport_fastrtps_c.cpython-310-x86_64-linux-gnu.so\n'}
[6.233644] (rover_control_msgs) StdoutLine: {'line': b'-- Up-to-date: /workspaces/IRS_Rover_ROS2_Workspace/rover_ws/install/rover_control_msgs/local/lib/python3.10/dist-packages/rover_control_msgs/librover_control_msgs__rosidl_generator_py.so\n'}
[6.235461] (rover_control_msgs) StdoutLine: {'line': b'-- Up-to-date: /workspaces/IRS_Rover_ROS2_Workspace/rover_ws/install/rover_control_msgs/local/lib/python3.10/dist-packages/rover_control_msgs/srv\n'}
[6.238199] (rover_control_msgs) StdoutLine: {'line': b'-- Up-to-date: /workspaces/IRS_Rover_ROS2_Workspace/rover_ws/install/rover_control_msgs/local/lib/python3.10/dist-packages/rover_control_msgs/srv/_set_operational_mode_s.c\n'}
[6.239878] (rover_control_msgs) StdoutLine: {'line': b'-- Up-to-date: /workspaces/IRS_Rover_ROS2_Workspace/rover_ws/install/rover_control_msgs/local/lib/python3.10/dist-packages/rover_control_msgs/srv/_set_operational_mode.py\n'}
[6.241642] (rover_control_msgs) StdoutLine: {'line': b'-- Up-to-date: /workspaces/IRS_Rover_ROS2_Workspace/rover_ws/install/rover_control_msgs/local/lib/python3.10/dist-packages/rover_control_msgs/srv/__init__.py\n'}
[6.269451] (-) TimerEvent: {}
[6.372559] (-) TimerEvent: {}
[6.407162] (rover_control_msgs) StdoutLine: {'line': b"Listing '/workspaces/IRS_Rover_ROS2_Workspace/rover_ws/install/rover_control_msgs/local/lib/python3.10/dist-packages/rover_control_msgs'...\n"}
[6.408666] (rover_control_msgs) StdoutLine: {'line': b"Listing '/workspaces/IRS_Rover_ROS2_Workspace/rover_ws/install/rover_control_msgs/local/lib/python3.10/dist-packages/rover_control_msgs/msg'...\n"}
[6.417663] (rover_control_msgs) StdoutLine: {'line': b"Listing '/workspaces/IRS_Rover_ROS2_Workspace/rover_ws/install/rover_control_msgs/local/lib/python3.10/dist-packages/rover_control_msgs/srv'...\n"}
[6.427137] (rover_control_msgs) StdoutLine: {'line': b'-- Up-to-date: /workspaces/IRS_Rover_ROS2_Workspace/rover_ws/install/rover_control_msgs/local/lib/python3.10/dist-packages/rover_control_msgs/rover_control_msgs_s__rosidl_typesupport_fastrtps_c.cpython-310-x86_64-linux-gnu.so\n'}
[6.433476] (rover_control_msgs) StdoutLine: {'line': b'-- Up-to-date: /workspaces/IRS_Rover_ROS2_Workspace/rover_ws/install/rover_control_msgs/local/lib/python3.10/dist-packages/rover_control_msgs/rover_control_msgs_s__rosidl_typesupport_introspection_c.cpython-310-x86_64-linux-gnu.so\n'}
[6.444681] (rover_control_msgs) StdoutLine: {'line': b'-- Up-to-date: /workspaces/IRS_Rover_ROS2_Workspace/rover_ws/install/rover_control_msgs/local/lib/python3.10/dist-packages/rover_control_msgs/rover_control_msgs_s__rosidl_typesupport_c.cpython-310-x86_64-linux-gnu.so\n'}
[6.464085] (rover_control_msgs) StdoutLine: {'line': b'-- Up-to-date: /workspaces/IRS_Rover_ROS2_Workspace/rover_ws/install/rover_control_msgs/lib/librover_control_msgs__rosidl_generator_py.so\n'}
[6.467680] (rover_control_msgs) StdoutLine: {'line': b'-- Up-to-date: /workspaces/IRS_Rover_ROS2_Workspace/rover_ws/install/rover_control_msgs/share/ament_index/resource_index/rust_packages/rover_control_msgs\n'}
[6.471424] (rover_control_msgs) StdoutLine: {'line': b'-- Up-to-date: /workspaces/IRS_Rover_ROS2_Workspace/rover_ws/install/rover_control_msgs/share/rover_control_msgs/rust\n'}
[6.474026] (-) TimerEvent: {}
[6.478644] (rover_control_msgs) StdoutLine: {'line': b'-- Up-to-date: /workspaces/IRS_Rover_ROS2_Workspace/rover_ws/install/rover_control_msgs/share/rover_control_msgs/rust/Cargo.toml\n'}
[6.481683] (rover_control_msgs) StdoutLine: {'line': b'-- Up-to-date: /workspaces/IRS_Rover_ROS2_Workspace/rover_ws/install/rover_control_msgs/share/rover_control_msgs/rust/build.rs\n'}
[6.486552] (rover_control_msgs) StdoutLine: {'line': b'-- Up-to-date: /workspaces/IRS_Rover_ROS2_Workspace/rover_ws/install/rover_control_msgs/share/rover_control_msgs/rust/src\n'}
[6.488664] (rover_control_msgs) StdoutLine: {'line': b'-- Up-to-date: /workspaces/IRS_Rover_ROS2_Workspace/rover_ws/install/rover_control_msgs/share/rover_control_msgs/rust/src/msg\n'}
[6.492594] (rover_control_msgs) StdoutLine: {'line': b'-- Up-to-date: /workspaces/IRS_Rover_ROS2_Workspace/rover_ws/install/rover_control_msgs/share/rover_control_msgs/rust/src/msg/rmw.rs\n'}
[6.496655] (rover_control_msgs) StdoutLine: {'line': b'-- Up-to-date: /workspaces/IRS_Rover_ROS2_Workspace/rover_ws/install/rover_control_msgs/share/rover_control_msgs/rust/src/lib.rs\n'}
[6.498979] (rover_control_msgs) StdoutLine: {'line': b'-- Up-to-date: /workspaces/IRS_Rover_ROS2_Workspace/rover_ws/install/rover_control_msgs/share/rover_control_msgs/rust/src/srv.rs\n'}
[6.501491] (rover_control_msgs) StdoutLine: {'line': b'-- Up-to-date: /workspaces/IRS_Rover_ROS2_Workspace/rover_ws/install/rover_control_msgs/share/rover_control_msgs/rust/src/msg.rs\n'}
[6.505169] (rover_control_msgs) StdoutLine: {'line': b'-- Up-to-date: /workspaces/IRS_Rover_ROS2_Workspace/rover_ws/install/rover_control_msgs/share/rover_control_msgs/rust/src/srv\n'}
[6.509605] (rover_control_msgs) StdoutLine: {'line': b'-- Up-to-date: /workspaces/IRS_Rover_ROS2_Workspace/rover_ws/install/rover_control_msgs/share/rover_control_msgs/rust/src/srv/rmw.rs\n'}
[6.512442] (rover_control_msgs) StdoutLine: {'line': b'-- Up-to-date: /workspaces/IRS_Rover_ROS2_Workspace/rover_ws/install/rover_control_msgs/share/rover_control_msgs/srv/SetOperationalMode.idl\n'}
[6.515014] (rover_control_msgs) StdoutLine: {'line': b'-- Up-to-date: /workspaces/IRS_Rover_ROS2_Workspace/rover_ws/install/rover_control_msgs/share/rover_control_msgs/msg/SetOperationalMode.idl\n'}
[6.522383] (rover_control_msgs) StdoutLine: {'line': b'-- Up-to-date: /workspaces/IRS_Rover_ROS2_Workspace/rover_ws/install/rover_control_msgs/share/rover_control_msgs/msg/OperationalModeSettings.idl\n'}
[6.524316] (rover_control_msgs) StdoutLine: {'line': b'-- Up-to-date: /workspaces/IRS_Rover_ROS2_Workspace/rover_ws/install/rover_control_msgs/share/rover_control_msgs/msg/CurrentOperationalMode.idl\n'}
[6.525778] (rover_control_msgs) StdoutLine: {'line': b'-- Up-to-date: /workspaces/IRS_Rover_ROS2_Workspace/rover_ws/install/rover_control_msgs/share/rover_control_msgs/srv/SetOperationalMode.srv\n'}
[6.527485] (rover_control_msgs) StdoutLine: {'line': b'-- Up-to-date: /workspaces/IRS_Rover_ROS2_Workspace/rover_ws/install/rover_control_msgs/share/rover_control_msgs/srv/SetOperationalMode_Request.msg\n'}
[6.531655] (rover_control_msgs) StdoutLine: {'line': b'-- Up-to-date: /workspaces/IRS_Rover_ROS2_Workspace/rover_ws/install/rover_control_msgs/share/rover_control_msgs/srv/SetOperationalMode_Response.msg\n'}
[6.537201] (rover_control_msgs) StdoutLine: {'line': b'-- Up-to-date: /workspaces/IRS_Rover_ROS2_Workspace/rover_ws/install/rover_control_msgs/share/rover_control_msgs/msg/SetOperationalMode.msg\n'}
[6.539536] (rover_control_msgs) StdoutLine: {'line': b'-- Up-to-date: /workspaces/IRS_Rover_ROS2_Workspace/rover_ws/install/rover_control_msgs/share/rover_control_msgs/msg/OperationalModeSettings.msg\n'}
[6.542671] (rover_control_msgs) StdoutLine: {'line': b'-- Up-to-date: /workspaces/IRS_Rover_ROS2_Workspace/rover_ws/install/rover_control_msgs/share/rover_control_msgs/msg/CurrentOperationalMode.msg\n'}
[6.545246] (rover_control_msgs) StdoutLine: {'line': b'-- Up-to-date: /workspaces/IRS_Rover_ROS2_Workspace/rover_ws/install/rover_control_msgs/share/ament_index/resource_index/package_run_dependencies/rover_control_msgs\n'}
[6.547286] (rover_control_msgs) StdoutLine: {'line': b'-- Up-to-date: /workspaces/IRS_Rover_ROS2_Workspace/rover_ws/install/rover_control_msgs/share/ament_index/resource_index/parent_prefix_path/rover_control_msgs\n'}
[6.552174] (rover_control_msgs) StdoutLine: {'line': b'-- Up-to-date: /workspaces/IRS_Rover_ROS2_Workspace/rover_ws/install/rover_control_msgs/share/rover_control_msgs/environment/ament_prefix_path.sh\n'}
[6.559110] (rover_control_msgs) StdoutLine: {'line': b'-- Up-to-date: /workspaces/IRS_Rover_ROS2_Workspace/rover_ws/install/rover_control_msgs/share/rover_control_msgs/environment/ament_prefix_path.dsv\n'}
[6.564102] (rover_control_msgs) StdoutLine: {'line': b'-- Up-to-date: /workspaces/IRS_Rover_ROS2_Workspace/rover_ws/install/rover_control_msgs/share/rover_control_msgs/environment/path.sh\n'}
[6.566081] (rover_control_msgs) StdoutLine: {'line': b'-- Up-to-date: /workspaces/IRS_Rover_ROS2_Workspace/rover_ws/install/rover_control_msgs/share/rover_control_msgs/environment/path.dsv\n'}
[6.567847] (rover_control_msgs) StdoutLine: {'line': b'-- Up-to-date: /workspaces/IRS_Rover_ROS2_Workspace/rover_ws/install/rover_control_msgs/share/rover_control_msgs/local_setup.bash\n'}
[6.570257] (rover_control_msgs) StdoutLine: {'line': b'-- Up-to-date: /workspaces/IRS_Rover_ROS2_Workspace/rover_ws/install/rover_control_msgs/share/rover_control_msgs/local_setup.sh\n'}
[6.572320] (rover_control_msgs) StdoutLine: {'line': b'-- Up-to-date: /workspaces/IRS_Rover_ROS2_Workspace/rover_ws/install/rover_control_msgs/share/rover_control_msgs/local_setup.zsh\n'}
[6.575385] (-) TimerEvent: {}
[6.576157] (rover_control_msgs) StdoutLine: {'line': b'-- Up-to-date: /workspaces/IRS_Rover_ROS2_Workspace/rover_ws/install/rover_control_msgs/share/rover_control_msgs/local_setup.dsv\n'}
[6.579669] (rover_control_msgs) StdoutLine: {'line': b'-- Installing: /workspaces/IRS_Rover_ROS2_Workspace/rover_ws/install/rover_control_msgs/share/rover_control_msgs/package.dsv\n'}
[6.582472] (rover_control_msgs) StdoutLine: {'line': b'-- Up-to-date: /workspaces/IRS_Rover_ROS2_Workspace/rover_ws/install/rover_control_msgs/share/ament_index/resource_index/packages/rover_control_msgs\n'}
[6.584427] (rover_control_msgs) StdoutLine: {'line': b'-- Up-to-date: /workspaces/IRS_Rover_ROS2_Workspace/rover_ws/install/rover_control_msgs/share/rover_control_msgs/cmake/export_rover_control_msgs__rosidl_generator_cExport.cmake\n'}
[6.589060] (rover_control_msgs) StdoutLine: {'line': b'-- Up-to-date: /workspaces/IRS_Rover_ROS2_Workspace/rover_ws/install/rover_control_msgs/share/rover_control_msgs/cmake/export_rover_control_msgs__rosidl_generator_cExport-noconfig.cmake\n'}
[6.591951] (rover_control_msgs) StdoutLine: {'line': b'-- Up-to-date: /workspaces/IRS_Rover_ROS2_Workspace/rover_ws/install/rover_control_msgs/share/rover_control_msgs/cmake/export_rover_control_msgs__rosidl_typesupport_fastrtps_cExport.cmake\n'}
[6.596460] (rover_control_msgs) StdoutLine: {'line': b'-- Up-to-date: /workspaces/IRS_Rover_ROS2_Workspace/rover_ws/install/rover_control_msgs/share/rover_control_msgs/cmake/export_rover_control_msgs__rosidl_typesupport_fastrtps_cExport-noconfig.cmake\n'}
[6.599839] (rover_control_msgs) StdoutLine: {'line': b'-- Up-to-date: /workspaces/IRS_Rover_ROS2_Workspace/rover_ws/install/rover_control_msgs/share/rover_control_msgs/cmake/rover_control_msgs__rosidl_typesupport_introspection_cExport.cmake\n'}
[6.601917] (rover_control_msgs) StdoutLine: {'line': b'-- Up-to-date: /workspaces/IRS_Rover_ROS2_Workspace/rover_ws/install/rover_control_msgs/share/rover_control_msgs/cmake/rover_control_msgs__rosidl_typesupport_introspection_cExport-noconfig.cmake\n'}
[6.611019] (rover_control_msgs) StdoutLine: {'line': b'-- Up-to-date: /workspaces/IRS_Rover_ROS2_Workspace/rover_ws/install/rover_control_msgs/share/rover_control_msgs/cmake/rover_control_msgs__rosidl_typesupport_cExport.cmake\n'}
[6.614653] (rover_control_msgs) StdoutLine: {'line': b'-- Up-to-date: /workspaces/IRS_Rover_ROS2_Workspace/rover_ws/install/rover_control_msgs/share/rover_control_msgs/cmake/rover_control_msgs__rosidl_typesupport_cExport-noconfig.cmake\n'}
[6.618465] (rover_control_msgs) StdoutLine: {'line': b'-- Up-to-date: /workspaces/IRS_Rover_ROS2_Workspace/rover_ws/install/rover_control_msgs/share/rover_control_msgs/cmake/export_rover_control_msgs__rosidl_generator_cppExport.cmake\n'}
[6.621796] (rover_control_msgs) StdoutLine: {'line': b'-- Up-to-date: /workspaces/IRS_Rover_ROS2_Workspace/rover_ws/install/rover_control_msgs/share/rover_control_msgs/cmake/export_rover_control_msgs__rosidl_typesupport_fastrtps_cppExport.cmake\n'}
[6.627144] (rover_control_msgs) StdoutLine: {'line': b'-- Up-to-date: /workspaces/IRS_Rover_ROS2_Workspace/rover_ws/install/rover_control_msgs/share/rover_control_msgs/cmake/export_rover_control_msgs__rosidl_typesupport_fastrtps_cppExport-noconfig.cmake\n'}
[6.634431] (rover_control_msgs) StdoutLine: {'line': b'-- Up-to-date: /workspaces/IRS_Rover_ROS2_Workspace/rover_ws/install/rover_control_msgs/share/rover_control_msgs/cmake/rover_control_msgs__rosidl_typesupport_introspection_cppExport.cmake\n'}
[6.640389] (rover_control_msgs) StdoutLine: {'line': b'-- Up-to-date: /workspaces/IRS_Rover_ROS2_Workspace/rover_ws/install/rover_control_msgs/share/rover_control_msgs/cmake/rover_control_msgs__rosidl_typesupport_introspection_cppExport-noconfig.cmake\n'}
[6.646087] (rover_control_msgs) StdoutLine: {'line': b'-- Up-to-date: /workspaces/IRS_Rover_ROS2_Workspace/rover_ws/install/rover_control_msgs/share/rover_control_msgs/cmake/rover_control_msgs__rosidl_typesupport_cppExport.cmake\n'}
[6.648427] (rover_control_msgs) StdoutLine: {'line': b'-- Up-to-date: /workspaces/IRS_Rover_ROS2_Workspace/rover_ws/install/rover_control_msgs/share/rover_control_msgs/cmake/rover_control_msgs__rosidl_typesupport_cppExport-noconfig.cmake\n'}
[6.654766] (rover_control_msgs) StdoutLine: {'line': b'-- Up-to-date: /workspaces/IRS_Rover_ROS2_Workspace/rover_ws/install/rover_control_msgs/share/rover_control_msgs/cmake/export_rover_control_msgs__rosidl_generator_pyExport.cmake\n'}
[6.657159] (rover_control_msgs) StdoutLine: {'line': b'-- Up-to-date: /workspaces/IRS_Rover_ROS2_Workspace/rover_ws/install/rover_control_msgs/share/rover_control_msgs/cmake/export_rover_control_msgs__rosidl_generator_pyExport-noconfig.cmake\n'}
[6.660585] (rover_control_msgs) StdoutLine: {'line': b'-- Up-to-date: /workspaces/IRS_Rover_ROS2_Workspace/rover_ws/install/rover_control_msgs/share/rover_control_msgs/cmake/rosidl_cmake-extras.cmake\n'}
[6.663067] (rover_control_msgs) StdoutLine: {'line': b'-- Up-to-date: /workspaces/IRS_Rover_ROS2_Workspace/rover_ws/install/rover_control_msgs/share/rover_control_msgs/cmake/ament_cmake_export_include_directories-extras.cmake\n'}
[6.666091] (rover_control_msgs) StdoutLine: {'line': b'-- Up-to-date: /workspaces/IRS_Rover_ROS2_Workspace/rover_ws/install/rover_control_msgs/share/rover_control_msgs/cmake/ament_cmake_export_libraries-extras.cmake\n'}
[6.671262] (rover_control_msgs) StdoutLine: {'line': b'-- Up-to-date: /workspaces/IRS_Rover_ROS2_Workspace/rover_ws/install/rover_control_msgs/share/rover_control_msgs/cmake/ament_cmake_export_targets-extras.cmake\n'}
[6.675141] (rover_control_msgs) StdoutLine: {'line': b'-- Up-to-date: /workspaces/IRS_Rover_ROS2_Workspace/rover_ws/install/rover_control_msgs/share/rover_control_msgs/cmake/rosidl_cmake_export_typesupport_targets-extras.cmake\n'}
[6.678492] (-) TimerEvent: {}
[6.680619] (rover_control_msgs) StdoutLine: {'line': b'-- Up-to-date: /workspaces/IRS_Rover_ROS2_Workspace/rover_ws/install/rover_control_msgs/share/rover_control_msgs/cmake/ament_cmake_export_dependencies-extras.cmake\n'}
[6.683297] (rover_control_msgs) StdoutLine: {'line': b'-- Up-to-date: /workspaces/IRS_Rover_ROS2_Workspace/rover_ws/install/rover_control_msgs/share/rover_control_msgs/cmake/rosidl_cmake_export_typesupport_libraries-extras.cmake\n'}
[6.686284] (rover_control_msgs) StdoutLine: {'line': b'-- Up-to-date: /workspaces/IRS_Rover_ROS2_Workspace/rover_ws/install/rover_control_msgs/share/rover_control_msgs/cmake/rover_control_msgsConfig.cmake\n'}
[6.689437] (rover_control_msgs) StdoutLine: {'line': b'-- Up-to-date: /workspaces/IRS_Rover_ROS2_Workspace/rover_ws/install/rover_control_msgs/share/rover_control_msgs/cmake/rover_control_msgsConfig-version.cmake\n'}
[6.693923] (rover_control_msgs) StdoutLine: {'line': b'-- Up-to-date: /workspaces/IRS_Rover_ROS2_Workspace/rover_ws/install/rover_control_msgs/share/rover_control_msgs/package.xml\n'}
[6.779410] (-) TimerEvent: {}
[6.884049] (-) TimerEvent: {}
[6.985980] (-) TimerEvent: {}
[7.089980] (-) TimerEvent: {}
[7.184736] (rover_control_msgs) CommandEnded: {'returncode': 0}
[7.191245] (-) TimerEvent: {}
[7.292828] (-) TimerEvent: {}
[7.394870] (-) TimerEvent: {}
[7.435223] (rover_control_msgs) JobEnded: {'identifier': 'rover_control_msgs', 'rc': 0}
[7.496039] (-) TimerEvent: {}
[7.597888] (-) TimerEvent: {}
[7.698909] (-) TimerEvent: {}
[7.801630] (-) TimerEvent: {}
[7.903866] (-) TimerEvent: {}
[8.006057] (-) TimerEvent: {}
[8.107123] (-) TimerEvent: {}
[8.209027] (-) TimerEvent: {}
[8.310077] (-) TimerEvent: {}
[8.411870] (-) TimerEvent: {}
[8.496900] (rover_perception) Command: {'cmd': ['/usr/bin/python3', '-W', 'ignore:setup.py install is deprecated', '-W', 'ignore:easy_install command is deprecated', 'setup.py', 'egg_info', '--egg-base', '../../build/rover_perception', 'build', '--build-base', '/workspaces/IRS_Rover_ROS2_Workspace/rover_ws/build/rover_perception/build', 'install', '--record', '/workspaces/IRS_Rover_ROS2_Workspace/rover_ws/build/rover_perception/install.log', '--single-version-externally-managed', 'install_data'], 'cwd': '/workspaces/IRS_Rover_ROS2_Workspace/rover_ws/src/rover_perception', 'env': {'PYTHON_BASIC_REPL': '1', 'HOSTNAME': '06335fee11bd', 'GIT_ASKPASS': '/vscode/vscode-server/bin/linux-x64/4fe60c8b1cdac1c4c174f2fb180d0d758272d713/extensions/git/dist/askpass.sh', 'SHLVL': '2', 'LD_LIBRARY_PATH': '/workspaces/IRS_Rover_ROS2_Workspace/rover_ws/install/rover_perception_msgs/lib:/workspaces/IRS_Rover_ROS2_Workspace/rover_ws/install/rover_control_msgs/lib:/opt/ros/humble/opt/rviz_ogre_vendor/lib:/opt/ros/humble/lib/x86_64-linux-gnu:/opt/ros/humble/lib', 'BROWSER': '/vscode/vscode-server/bin/linux-x64/4fe60c8b1cdac1c4c174f2fb180d0d758272d713/bin/helpers/browser.sh', 'HOME': '/root', 'OLDPWD': '/workspaces/IRS_Rover_ROS2_Workspace', 'TERM_PROGRAM_VERSION': '1.127.0', 'VSCODE_IPC_HOOK_CLI': '/tmp/vscode-ipc-a7d8417a-84e0-4652-a058-401c79ab84d0.sock', 'ROS_PYTHON_VERSION': '3', 'VSCODE_GIT_ASKPASS_MAIN': '/vscode/vscode-server/bin/linux-x64/4fe60c8b1cdac1c4c174f2fb180d0d758272d713/extensions/git/dist/askpass-main.js', 'VSCODE_GIT_ASKPASS_NODE': '/vscode/vscode-server/bin/linux-x64/4fe60c8b1cdac1c4c174f2fb180d0d758272d713/node', 'PYDEVD_DISABLE_FILE_VALIDATION': '1', 'BUNDLED_DEBUGPY_PATH': '/root/.vscode-server/extensions/ms-python.debugpy-2026.6.0-linux-x64/bundled/libs/debugpy', 'VSCODE_PYTHON_AUTOACTIVATE_GUARD': '1', 'COLORTERM': 'truecolor', 'REMOTE_CONTAINERS': 'true', 'COLCON_PREFIX_PATH': '/workspaces/IRS_Rover_ROS2_Workspace/rover_ws/install', 'ROS_DISTRO': 'humble', 'REMOTE_CONTAINERS_IPC': '/tmp/vscode-remote-containers-ipc-8556e27b-e216-450b-b0cc-1f8365397382.sock', '_': '/usr/bin/colcon', 'ROS_VERSION': '2', 'TERM': 'xterm-256color', 'ROS_LOCALHOST_ONLY': '0', 'PATH': '/root/.vscode-server/data/User/globalStorage/github.copilot-chat/debugCommand:/root/.vscode-server/data/User/globalStorage/github.copilot-chat/copilotCli:/vscode/vscode-server/bin/linux-x64/4fe60c8b1cdac1c4c174f2fb180d0d758272d713/bin/remote-cli:/opt/ros/humble/bin:/usr/local/sbin:/usr/local/bin:/usr/sbin:/usr/bin:/sbin:/bin:/root/.vscode-server/extensions/ms-python.debugpy-2026.6.0-linux-x64/bundled/scripts/noConfigScripts', 'REMOTE_CONTAINERS_SOCKETS': '["/tmp/vscode-ssh-auth-8556e27b-e216-450b-b0cc-1f8365397382.sock"]', 'VSCODE_DEBUGPY_ADAPTER_ENDPOINTS': '/root/.vscode-server/extensions/ms-python.debugpy-2026.6.0-linux-x64/.noConfigDebugAdapterEndpoints/endpoint-1e3a0fbd7d538503.txt', 'LANG': 'C.UTF-8', 'PYTHONSTARTUP': '/root/.vscode-server/data/User/workspaceStorage/7242e97d3df64538730a6ed5a855f433/ms-python.python/pythonrc.py', 'LS_COLORS': 'rs=0:di=01;34:ln=01;36:mh=00:pi=40;33:so=01;35:do=01;35:bd=40;33;01:cd=40;33;01:or=40;31;01:mi=00:su=37;41:sg=30;43:ca=30;41:tw=30;42:ow=34;42:st=37;44:ex=01;32:*.tar=01;31:*.tgz=01;31:*.arc=01;31:*.arj=01;31:*.taz=01;31:*.lha=01;31:*.lz4=01;31:*.lzh=01;31:*.lzma=01;31:*.tlz=01;31:*.txz=01;31:*.tzo=01;31:*.t7z=01;31:*.zip=01;31:*.z=01;31:*.dz=01;31:*.gz=01;31:*.lrz=01;31:*.lz=01;31:*.lzo=01;31:*.xz=01;31:*.zst=01;31:*.tzst=01;31:*.bz2=01;31:*.bz=01;31:*.tbz=01;31:*.tbz2=01;31:*.tz=01;31:*.deb=01;31:*.rpm=01;31:*.jar=01;31:*.war=01;31:*.ear=01;31:*.sar=01;31:*.rar=01;31:*.alz=01;31:*.ace=01;31:*.zoo=01;31:*.cpio=01;31:*.7z=01;31:*.rz=01;31:*.cab=01;31:*.wim=01;31:*.swm=01;31:*.dwm=01;31:*.esd=01;31:*.jpg=01;35:*.jpeg=01;35:*.mjpg=01;35:*.mjpeg=01;35:*.gif=01;35:*.bmp=01;35:*.pbm=01;35:*.pgm=01;35:*.ppm=01;35:*.tga=01;35:*.xbm=01;35:*.xpm=01;35:*.tif=01;35:*.tiff=01;35:*.png=01;35:*.svg=01;35:*.svgz=01;35:*.mng=01;35:*.pcx=01;35:*.mov=01;35:*.mpg=01;35:*.mpeg=01;35:*.m2v=01;35:*.mkv=01;35:*.webm=01;35:*.webp=01;35:*.ogm=01;35:*.mp4=01;35:*.m4v=01;35:*.mp4v=01;35:*.vob=01;35:*.qt=01;35:*.nuv=01;35:*.wmv=01;35:*.asf=01;35:*.rm=01;35:*.rmvb=01;35:*.flc=01;35:*.avi=01;35:*.fli=01;35:*.flv=01;35:*.gl=01;35:*.dl=01;35:*.xcf=01;35:*.xwd=01;35:*.yuv=01;35:*.cgm=01;35:*.emf=01;35:*.ogv=01;35:*.ogx=01;35:*.aac=00;36:*.au=00;36:*.flac=00;36:*.m4a=00;36:*.mid=00;36:*.midi=00;36:*.mka=00;36:*.mp3=00;36:*.mpc=00;36:*.ogg=00;36:*.ra=00;36:*.wav=00;36:*.oga=00;36:*.opus=00;36:*.spx=00;36:*.xspf=00;36:', 'VSCODE_GIT_IPC_HANDLE': '/tmp/vscode-git-bb8c1a7c35.sock', 'TERM_PROGRAM': 'vscode', 'SSH_AUTH_SOCK': '/tmp/vscode-ssh-auth-8556e27b-e216-450b-b0cc-1f8365397382.sock', 'AMENT_PREFIX_PATH': '/workspaces/IRS_Rover_ROS2_Workspace/rover_ws/install/rover_lidar:/workspaces/IRS_Rover_ROS2_Workspace/rover_ws/install/rover_perception_msgs:/workspaces/IRS_Rover_ROS2_Workspace/rover_ws/install/rover_stereocam:/workspaces/IRS_Rover_ROS2_Workspace/rover_ws/install/rover_perception:/workspaces/IRS_Rover_ROS2_Workspace/rover_ws/install/rover_control_msgs:/workspaces/IRS_Rover_ROS2_Workspace/rover_ws/install/rover_control:/opt/ros/humble', 'SHELL': '/bin/bash', 'VSCODE_GIT_ASKPASS_EXTRA_ARGS': '', 'PWD': '/workspaces/IRS_Rover_ROS2_Workspace/rover_ws/build/rover_perception', 'LC_ALL': 'C.UTF-8', 'COPILOT_DEBUG_NONCE': 'ebb28b2f47a55d9f123b03f75e673fb9', 'PYTHONPATH': '/workspaces/IRS_Rover_ROS2_Workspace/rover_ws/build/rover_perception/prefix_override:/usr/lib/python3/dist-packages/colcon_core/task/python/colcon_distutils_commands:/workspaces/IRS_Rover_ROS2_Workspace/rover_ws/install/rover_perception/lib/python3.10/site-packages:/workspaces/IRS_Rover_ROS2_Workspace/rover_ws/install/rover_lidar/lib/python3.10/site-packages:/workspaces/IRS_Rover_ROS2_Workspace/rover_ws/install/rover_perception_msgs/local/lib/python3.10/dist-packages:/workspaces/IRS_Rover_ROS2_Workspace/rover_ws/install/rover_stereocam/lib/python3.10/site-packages:/workspaces/IRS_Rover_ROS2_Workspace/rover_ws/install/rover_perception/lib/python3.10/site-packages:/workspaces/IRS_Rover_ROS2_Workspace/rover_ws/install/rover_control_msgs/local/lib/python3.10/dist-packages:/workspaces/IRS_Rover_ROS2_Workspace/rover_ws/install/rover_control/lib/python3.10/site-packages:/opt/ros/humble/lib/python3.10/site-packages:/opt/ros/humble/local/lib/python3.10/dist-packages', 'COLCON': '1', 'CMAKE_PREFIX_PATH': '/workspaces/IRS_Rover_ROS2_Workspace/rover_ws/install/rover_perception_msgs:/workspaces/IRS_Rover_ROS2_Workspace/rover_ws/install/rover_control_msgs'}, 'shell': False}
[8.526926] (-) TimerEvent: {}
[8.631817] (-) TimerEvent: {}
[8.738137] (-) TimerEvent: {}
[8.839944] (-) TimerEvent: {}
[8.941900] (-) TimerEvent: {}
[9.043062] (-) TimerEvent: {}
[9.144840] (-) TimerEvent: {}
[9.247928] (-) TimerEvent: {}
[9.352382] (-) TimerEvent: {}
[9.402618] (rover_perception) StdoutLine: {'line': b'running egg_info\n'}
[9.405792] (rover_perception) StdoutLine: {'line': b'writing ../../build/rover_perception/rover_perception.egg-info/PKG-INFO\n'}
[9.411768] (rover_perception) StdoutLine: {'line': b'writing dependency_links to ../../build/rover_perception/rover_perception.egg-info/dependency_links.txt\n'}
[9.419257] (rover_perception) StdoutLine: {'line': b'writing entry points to ../../build/rover_perception/rover_perception.egg-info/entry_points.txt\n'}
[9.424192] (rover_perception) StdoutLine: {'line': b'writing requirements to ../../build/rover_perception/rover_perception.egg-info/requires.txt\n'}
[9.426560] (rover_perception) StdoutLine: {'line': b'writing top-level names to ../../build/rover_perception/rover_perception.egg-info/top_level.txt\n'}
[9.450998] (rover_perception) StdoutLine: {'line': b"reading manifest file '../../build/rover_perception/rover_perception.egg-info/SOURCES.txt'\n"}
[9.452861] (-) TimerEvent: {}
[9.457772] (rover_perception) StdoutLine: {'line': b"writing manifest file '../../build/rover_perception/rover_perception.egg-info/SOURCES.txt'\n"}
[9.459659] (rover_perception) StdoutLine: {'line': b'running build\n'}
[9.464327] (rover_perception) StdoutLine: {'line': b'running build_py\n'}
[9.466164] (rover_perception) StdoutLine: {'line': b'copying rover_perception/fake_mono_camera_node.py -> /workspaces/IRS_Rover_ROS2_Workspace/rover_ws/build/rover_perception/build/lib/rover_perception\n'}
[9.478622] (rover_perception) StdoutLine: {'line': b'running install\n'}
[9.483952] (rover_perception) StdoutLine: {'line': b'running install_lib\n'}
[9.486074] (rover_perception) StdoutLine: {'line': b'copying /workspaces/IRS_Rover_ROS2_Workspace/rover_ws/build/rover_perception/build/lib/rover_perception/fake_mono_camera_node.py -> /workspaces/IRS_Rover_ROS2_Workspace/rover_ws/install/rover_perception/lib/python3.10/site-packages/rover_perception\n'}
[9.504913] (rover_perception) StdoutLine: {'line': b'byte-compiling /workspaces/IRS_Rover_ROS2_Workspace/rover_ws/install/rover_perception/lib/python3.10/site-packages/rover_perception/fake_mono_camera_node.py to fake_mono_camera_node.cpython-310.pyc\n'}
[9.518223] (rover_perception) StdoutLine: {'line': b'running install_data\n'}
[9.530135] (rover_perception) StdoutLine: {'line': b'running install_egg_info\n'}
[9.534654] (rover_perception) StdoutLine: {'line': b"removing '/workspaces/IRS_Rover_ROS2_Workspace/rover_ws/install/rover_perception/lib/python3.10/site-packages/rover_perception-0.0.0-py3.10.egg-info' (and everything under it)\n"}
[9.537240] (rover_perception) StdoutLine: {'line': b'Copying ../../build/rover_perception/rover_perception.egg-info to /workspaces/IRS_Rover_ROS2_Workspace/rover_ws/install/rover_perception/lib/python3.10/site-packages/rover_perception-0.0.0-py3.10.egg-info\n'}
[9.554633] (-) TimerEvent: {}
[9.595213] (rover_perception) StdoutLine: {'line': b'running install_scripts\n'}
[9.655799] (-) TimerEvent: {}
[9.682588] (rover_perception) StdoutLine: {'line': b'Installing fake_mast_hw_node script to /workspaces/IRS_Rover_ROS2_Workspace/rover_ws/install/rover_perception/lib/rover_perception\n'}
[9.688240] (rover_perception) StdoutLine: {'line': b'Installing fake_mono_camera_node script to /workspaces/IRS_Rover_ROS2_Workspace/rover_ws/install/rover_perception/lib/rover_perception\n'}
[9.701589] (rover_perception) StdoutLine: {'line': b'Installing fake_stereo_camera_node script to /workspaces/IRS_Rover_ROS2_Workspace/rover_ws/install/rover_perception/lib/rover_perception\n'}
[9.707298] (rover_perception) StdoutLine: {'line': b'Installing frame_transform_node script to /workspaces/IRS_Rover_ROS2_Workspace/rover_ws/install/rover_perception/lib/rover_perception\n'}
[9.712048] (rover_perception) StdoutLine: {'line': b'Installing global_pointcloud_fusion_node script to /workspaces/IRS_Rover_ROS2_Workspace/rover_ws/install/rover_perception/lib/rover_perception\n'}
[9.722466] (rover_perception) StdoutLine: {'line': b'Installing led_detector_node script to /workspaces/IRS_Rover_ROS2_Workspace/rover_ws/install/rover_perception/lib/rover_perception\n'}
[9.726243] (rover_perception) StdoutLine: {'line': b'Installing mast_pose_node script to /workspaces/IRS_Rover_ROS2_Workspace/rover_ws/install/rover_perception/lib/rover_perception\n'}
[9.731106] (rover_perception) StdoutLine: {'line': b'Installing obstacle_grid_node script to /workspaces/IRS_Rover_ROS2_Workspace/rover_ws/install/rover_perception/lib/rover_perception\n'}
[9.736407] (rover_perception) StdoutLine: {'line': b'Installing pointcloud_preprocessing_node script to /workspaces/IRS_Rover_ROS2_Workspace/rover_ws/install/rover_perception/lib/rover_perception\n'}
[9.742126] (rover_perception) StdoutLine: {'line': b'Installing position_rover_node script to /workspaces/IRS_Rover_ROS2_Workspace/rover_ws/install/rover_perception/lib/rover_perception\n'}
[9.747556] (rover_perception) StdoutLine: {'line': b'Installing stereo_pointcloud_node script to /workspaces/IRS_Rover_ROS2_Workspace/rover_ws/install/rover_perception/lib/rover_perception\n'}
[9.753480] (rover_perception) StdoutLine: {'line': b'Installing terrain_visualization_node script to /workspaces/IRS_Rover_ROS2_Workspace/rover_ws/install/rover_perception/lib/rover_perception\n'}
[9.756557] (-) TimerEvent: {}
[9.763472] (rover_perception) StdoutLine: {'line': b"writing list of installed files to '/workspaces/IRS_Rover_ROS2_Workspace/rover_ws/build/rover_perception/install.log'\n"}
[9.838353] (rover_perception) CommandEnded: {'returncode': 0}
[9.857392] (-) TimerEvent: {}
[9.959168] (-) TimerEvent: {}
[9.961662] (rover_perception) JobEnded: {'identifier': 'rover_perception', 'rc': 0}
[9.974261] (-) EventReactorShutdown: {}
