[0.000000] (-) TimerEvent: {}
[0.002977] (rover_control) JobQueued: {'identifier': 'rover_control', 'dependencies': OrderedDict()}
[0.004508] (rover_control_msgs) JobQueued: {'identifier': 'rover_control_msgs', 'dependencies': OrderedDict()}
[0.005322] (rover_lidar) JobQueued: {'identifier': 'rover_lidar', 'dependencies': OrderedDict()}
[0.005799] (rover_perception_msgs) JobQueued: {'identifier': 'rover_perception_msgs', 'dependencies': OrderedDict()}
[0.006837] (rover_perception) JobQueued: {'identifier': 'rover_perception', 'dependencies': OrderedDict([('rover_lidar', '/workspaces/IRS_Rover_ROS2_Workspace/rover_ws/install/rover_lidar'), ('rover_perception_msgs', '/workspaces/IRS_Rover_ROS2_Workspace/rover_ws/install/rover_perception_msgs')])}
[0.007025] (rover_lidar) JobStarted: {'identifier': 'rover_lidar'}
[0.046795] (rover_perception_msgs) JobStarted: {'identifier': 'rover_perception_msgs'}
[0.077544] (rover_control) JobStarted: {'identifier': 'rover_control'}
[0.097314] (-) TimerEvent: {}
[0.125685] (rover_control_msgs) JobStarted: {'identifier': 'rover_control_msgs'}
[0.199246] (-) TimerEvent: {}
[0.301432] (-) TimerEvent: {}
[0.403542] (-) TimerEvent: {}
[0.504455] (-) TimerEvent: {}
[0.605454] (-) TimerEvent: {}
[0.686705] (rover_perception_msgs) JobProgress: {'identifier': 'rover_perception_msgs', 'progress': 'cmake'}
[0.690507] (rover_perception_msgs) JobProgress: {'identifier': 'rover_perception_msgs', 'progress': 'build'}
[0.692457] (rover_perception_msgs) Command: {'cmd': ['/usr/bin/cmake', '--build', '/workspaces/IRS_Rover_ROS2_Workspace/rover_ws/build/rover_perception_msgs', '--', '-j12', '-l12'], 'cwd': '/workspaces/IRS_Rover_ROS2_Workspace/rover_ws/build/rover_perception_msgs', 'env': OrderedDict([('PYTHON_BASIC_REPL', '1'), ('HOSTNAME', '06335fee11bd'), ('GIT_ASKPASS', '/vscode/vscode-server/bin/linux-x64/4fe60c8b1cdac1c4c174f2fb180d0d758272d713/extensions/git/dist/askpass.sh'), ('SHLVL', '2'), ('LD_LIBRARY_PATH', '/workspaces/IRS_Rover_ROS2_Workspace/rover_ws/install/rover_perception_msgs/lib:/workspaces/IRS_Rover_ROS2_Workspace/rover_ws/install/rover_control_msgs/lib:/opt/ros/humble/opt/rviz_ogre_vendor/lib:/opt/ros/humble/lib/x86_64-linux-gnu:/opt/ros/humble/lib'), ('BROWSER', '/vscode/vscode-server/bin/linux-x64/4fe60c8b1cdac1c4c174f2fb180d0d758272d713/bin/helpers/browser.sh'), ('HOME', '/root'), ('OLDPWD', '/workspaces/IRS_Rover_ROS2_Workspace'), ('TERM_PROGRAM_VERSION', '1.127.0'), ('VSCODE_IPC_HOOK_CLI', '/tmp/vscode-ipc-a7d8417a-84e0-4652-a058-401c79ab84d0.sock'), ('ROS_PYTHON_VERSION', '3'), ('VSCODE_GIT_ASKPASS_MAIN', '/vscode/vscode-server/bin/linux-x64/4fe60c8b1cdac1c4c174f2fb180d0d758272d713/extensions/git/dist/askpass-main.js'), ('VSCODE_GIT_ASKPASS_NODE', '/vscode/vscode-server/bin/linux-x64/4fe60c8b1cdac1c4c174f2fb180d0d758272d713/node'), ('PYDEVD_DISABLE_FILE_VALIDATION', '1'), ('BUNDLED_DEBUGPY_PATH', '/root/.vscode-server/extensions/ms-python.debugpy-2026.6.0-linux-x64/bundled/libs/debugpy'), ('VSCODE_PYTHON_AUTOACTIVATE_GUARD', '1'), ('COLORTERM', 'truecolor'), ('REMOTE_CONTAINERS', 'true'), ('COLCON_PREFIX_PATH', '/workspaces/IRS_Rover_ROS2_Workspace/rover_ws/install'), ('ROS_DISTRO', 'humble'), ('REMOTE_CONTAINERS_IPC', '/tmp/vscode-remote-containers-ipc-8556e27b-e216-450b-b0cc-1f8365397382.sock'), ('_', '/usr/bin/colcon'), ('ROS_VERSION', '2'), ('TERM', 'xterm-256color'), ('ROS_LOCALHOST_ONLY', '0'), ('PATH', '/root/.vscode-server/data/User/globalStorage/github.copilot-chat/debugCommand:/root/.vscode-server/data/User/globalStorage/github.copilot-chat/copilotCli:/vscode/vscode-server/bin/linux-x64/4fe60c8b1cdac1c4c174f2fb180d0d758272d713/bin/remote-cli:/opt/ros/humble/bin:/usr/local/sbin:/usr/local/bin:/usr/sbin:/usr/bin:/sbin:/bin:/root/.vscode-server/extensions/ms-python.debugpy-2026.6.0-linux-x64/bundled/scripts/noConfigScripts'), ('REMOTE_CONTAINERS_SOCKETS', '["/tmp/vscode-ssh-auth-8556e27b-e216-450b-b0cc-1f8365397382.sock"]'), ('VSCODE_DEBUGPY_ADAPTER_ENDPOINTS', '/root/.vscode-server/extensions/ms-python.debugpy-2026.6.0-linux-x64/.noConfigDebugAdapterEndpoints/endpoint-1e3a0fbd7d538503.txt'), ('LANG', 'C.UTF-8'), ('PYTHONSTARTUP', '/root/.vscode-server/data/User/workspaceStorage/7242e97d3df64538730a6ed5a855f433/ms-python.python/pythonrc.py'), ('LS_COLORS', 'rs=0:di=01;34:ln=01;36:mh=00:pi=40;33:so=01;35:do=01;35:bd=40;33;01:cd=40;33;01:or=40;31;01:mi=00:su=37;41:sg=30;43:ca=30;41:tw=30;42:ow=34;42:st=37;44:ex=01;32:*.tar=01;31:*.tgz=01;31:*.arc=01;31:*.arj=01;31:*.taz=01;31:*.lha=01;31:*.lz4=01;31:*.lzh=01;31:*.lzma=01;31:*.tlz=01;31:*.txz=01;31:*.tzo=01;31:*.t7z=01;31:*.zip=01;31:*.z=01;31:*.dz=01;31:*.gz=01;31:*.lrz=01;31:*.lz=01;31:*.lzo=01;31:*.xz=01;31:*.zst=01;31:*.tzst=01;31:*.bz2=01;31:*.bz=01;31:*.tbz=01;31:*.tbz2=01;31:*.tz=01;31:*.deb=01;31:*.rpm=01;31:*.jar=01;31:*.war=01;31:*.ear=01;31:*.sar=01;31:*.rar=01;31:*.alz=01;31:*.ace=01;31:*.zoo=01;31:*.cpio=01;31:*.7z=01;31:*.rz=01;31:*.cab=01;31:*.wim=01;31:*.swm=01;31:*.dwm=01;31:*.esd=01;31:*.jpg=01;35:*.jpeg=01;35:*.mjpg=01;35:*.mjpeg=01;35:*.gif=01;35:*.bmp=01;35:*.pbm=01;35:*.pgm=01;35:*.ppm=01;35:*.tga=01;35:*.xbm=01;35:*.xpm=01;35:*.tif=01;35:*.tiff=01;35:*.png=01;35:*.svg=01;35:*.svgz=01;35:*.mng=01;35:*.pcx=01;35:*.mov=01;35:*.mpg=01;35:*.mpeg=01;35:*.m2v=01;35:*.mkv=01;35:*.webm=01;35:*.webp=01;35:*.ogm=01;35:*.mp4=01;35:*.m4v=01;35:*.mp4v=01;35:*.vob=01;35:*.qt=01;35:*.nuv=01;35:*.wmv=01;35:*.asf=01;35:*.rm=01;35:*.rmvb=01;35:*.flc=01;35:*.avi=01;35:*.fli=01;35:*.flv=01;35:*.gl=01;35:*.dl=01;35:*.xcf=01;35:*.xwd=01;35:*.yuv=01;35:*.cgm=01;35:*.emf=01;35:*.ogv=01;35:*.ogx=01;35:*.aac=00;36:*.au=00;36:*.flac=00;36:*.m4a=00;36:*.mid=00;36:*.midi=00;36:*.mka=00;36:*.mp3=00;36:*.mpc=00;36:*.ogg=00;36:*.ra=00;36:*.wav=00;36:*.oga=00;36:*.opus=00;36:*.spx=00;36:*.xspf=00;36:'), ('VSCODE_GIT_IPC_HANDLE', '/tmp/vscode-git-bb8c1a7c35.sock'), ('TERM_PROGRAM', 'vscode'), ('SSH_AUTH_SOCK', '/tmp/vscode-ssh-auth-8556e27b-e216-450b-b0cc-1f8365397382.sock'), ('AMENT_PREFIX_PATH', '/workspaces/IRS_Rover_ROS2_Workspace/rover_ws/install/rover_perception_msgs:/workspaces/IRS_Rover_ROS2_Workspace/rover_ws/install/rover_stereocam:/workspaces/IRS_Rover_ROS2_Workspace/rover_ws/install/rover_perception:/workspaces/IRS_Rover_ROS2_Workspace/rover_ws/install/rover_lidar:/workspaces/IRS_Rover_ROS2_Workspace/rover_ws/install/rover_control_msgs:/workspaces/IRS_Rover_ROS2_Workspace/rover_ws/install/rover_control:/opt/ros/humble'), ('SHELL', '/bin/bash'), ('VSCODE_GIT_ASKPASS_EXTRA_ARGS', ''), ('PWD', '/workspaces/IRS_Rover_ROS2_Workspace/rover_ws/build/rover_perception_msgs'), ('LC_ALL', 'C.UTF-8'), ('COPILOT_DEBUG_NONCE', 'ebb28b2f47a55d9f123b03f75e673fb9'), ('PYTHONPATH', '/workspaces/IRS_Rover_ROS2_Workspace/rover_ws/install/rover_perception_msgs/local/lib/python3.10/dist-packages:/workspaces/IRS_Rover_ROS2_Workspace/rover_ws/install/rover_stereocam/lib/python3.10/site-packages:/workspaces/IRS_Rover_ROS2_Workspace/rover_ws/install/rover_perception/lib/python3.10/site-packages:/workspaces/IRS_Rover_ROS2_Workspace/rover_ws/install/rover_lidar/lib/python3.10/site-packages:/workspaces/IRS_Rover_ROS2_Workspace/rover_ws/install/rover_control_msgs/local/lib/python3.10/dist-packages:/workspaces/IRS_Rover_ROS2_Workspace/rover_ws/install/rover_control/lib/python3.10/site-packages:/opt/ros/humble/lib/python3.10/site-packages:/opt/ros/humble/local/lib/python3.10/dist-packages'), ('COLCON', '1'), ('CMAKE_PREFIX_PATH', '/workspaces/IRS_Rover_ROS2_Workspace/rover_ws/install/rover_perception_msgs:/workspaces/IRS_Rover_ROS2_Workspace/rover_ws/install/rover_control_msgs:/workspaces/IRS_Rover_ROS2_Workspace/rover_ws/install/rover_stereocam:/workspaces/IRS_Rover_ROS2_Workspace/rover_ws/install/rover_perception:/workspaces/IRS_Rover_ROS2_Workspace/rover_ws/install/rover_lidar:/workspaces/IRS_Rover_ROS2_Workspace/rover_ws/install/rover_control:/opt/ros/humble')]), 'shell': False}
[0.706234] (-) TimerEvent: {}
[0.807307] (-) TimerEvent: {}
[0.908432] (-) TimerEvent: {}
[1.009396] (-) TimerEvent: {}
[1.110300] (-) TimerEvent: {}
[1.212435] (-) TimerEvent: {}
[1.313268] (-) TimerEvent: {}
[1.374289] (rover_perception_msgs) StdoutLine: {'line': b'[  2%] Built target rover_perception_msgs__rs\n'}
[1.383146] (rover_perception_msgs) StdoutLine: {'line': b'[ 12%] Built target rover_perception_msgs__cpp\n'}
[1.388123] (rover_perception_msgs) StdoutLine: {'line': b'[ 14%] Built target rover_perception_msgs__rosidl_generator_c\n'}
[1.391088] (rover_control_msgs) JobProgress: {'identifier': 'rover_control_msgs', 'progress': 'cmake'}
[1.393634] (rover_control_msgs) JobProgress: {'identifier': 'rover_control_msgs', 'progress': 'build'}
[1.407701] (rover_control_msgs) Command: {'cmd': ['/usr/bin/cmake', '--build', '/workspaces/IRS_Rover_ROS2_Workspace/rover_ws/build/rover_control_msgs', '--', '-j12', '-l12'], 'cwd': '/workspaces/IRS_Rover_ROS2_Workspace/rover_ws/build/rover_control_msgs', 'env': OrderedDict([('PYTHON_BASIC_REPL', '1'), ('HOSTNAME', '06335fee11bd'), ('GIT_ASKPASS', '/vscode/vscode-server/bin/linux-x64/4fe60c8b1cdac1c4c174f2fb180d0d758272d713/extensions/git/dist/askpass.sh'), ('SHLVL', '2'), ('LD_LIBRARY_PATH', '/workspaces/IRS_Rover_ROS2_Workspace/rover_ws/install/rover_perception_msgs/lib:/workspaces/IRS_Rover_ROS2_Workspace/rover_ws/install/rover_control_msgs/lib:/opt/ros/humble/opt/rviz_ogre_vendor/lib:/opt/ros/humble/lib/x86_64-linux-gnu:/opt/ros/humble/lib'), ('BROWSER', '/vscode/vscode-server/bin/linux-x64/4fe60c8b1cdac1c4c174f2fb180d0d758272d713/bin/helpers/browser.sh'), ('HOME', '/root'), ('OLDPWD', '/workspaces/IRS_Rover_ROS2_Workspace'), ('TERM_PROGRAM_VERSION', '1.127.0'), ('VSCODE_IPC_HOOK_CLI', '/tmp/vscode-ipc-a7d8417a-84e0-4652-a058-401c79ab84d0.sock'), ('ROS_PYTHON_VERSION', '3'), ('VSCODE_GIT_ASKPASS_MAIN', '/vscode/vscode-server/bin/linux-x64/4fe60c8b1cdac1c4c174f2fb180d0d758272d713/extensions/git/dist/askpass-main.js'), ('VSCODE_GIT_ASKPASS_NODE', '/vscode/vscode-server/bin/linux-x64/4fe60c8b1cdac1c4c174f2fb180d0d758272d713/node'), ('PYDEVD_DISABLE_FILE_VALIDATION', '1'), ('BUNDLED_DEBUGPY_PATH', '/root/.vscode-server/extensions/ms-python.debugpy-2026.6.0-linux-x64/bundled/libs/debugpy'), ('VSCODE_PYTHON_AUTOACTIVATE_GUARD', '1'), ('COLORTERM', 'truecolor'), ('REMOTE_CONTAINERS', 'true'), ('COLCON_PREFIX_PATH', '/workspaces/IRS_Rover_ROS2_Workspace/rover_ws/install'), ('ROS_DISTRO', 'humble'), ('REMOTE_CONTAINERS_IPC', '/tmp/vscode-remote-containers-ipc-8556e27b-e216-450b-b0cc-1f8365397382.sock'), ('_', '/usr/bin/colcon'), ('ROS_VERSION', '2'), ('TERM', 'xterm-256color'), ('ROS_LOCALHOST_ONLY', '0'), ('PATH', '/root/.vscode-server/data/User/globalStorage/github.copilot-chat/debugCommand:/root/.vscode-server/data/User/globalStorage/github.copilot-chat/copilotCli:/vscode/vscode-server/bin/linux-x64/4fe60c8b1cdac1c4c174f2fb180d0d758272d713/bin/remote-cli:/opt/ros/humble/bin:/usr/local/sbin:/usr/local/bin:/usr/sbin:/usr/bin:/sbin:/bin:/root/.vscode-server/extensions/ms-python.debugpy-2026.6.0-linux-x64/bundled/scripts/noConfigScripts'), ('REMOTE_CONTAINERS_SOCKETS', '["/tmp/vscode-ssh-auth-8556e27b-e216-450b-b0cc-1f8365397382.sock"]'), ('VSCODE_DEBUGPY_ADAPTER_ENDPOINTS', '/root/.vscode-server/extensions/ms-python.debugpy-2026.6.0-linux-x64/.noConfigDebugAdapterEndpoints/endpoint-1e3a0fbd7d538503.txt'), ('LANG', 'C.UTF-8'), ('PYTHONSTARTUP', '/root/.vscode-server/data/User/workspaceStorage/7242e97d3df64538730a6ed5a855f433/ms-python.python/pythonrc.py'), ('LS_COLORS', 'rs=0:di=01;34:ln=01;36:mh=00:pi=40;33:so=01;35:do=01;35:bd=40;33;01:cd=40;33;01:or=40;31;01:mi=00:su=37;41:sg=30;43:ca=30;41:tw=30;42:ow=34;42:st=37;44:ex=01;32:*.tar=01;31:*.tgz=01;31:*.arc=01;31:*.arj=01;31:*.taz=01;31:*.lha=01;31:*.lz4=01;31:*.lzh=01;31:*.lzma=01;31:*.tlz=01;31:*.txz=01;31:*.tzo=01;31:*.t7z=01;31:*.zip=01;31:*.z=01;31:*.dz=01;31:*.gz=01;31:*.lrz=01;31:*.lz=01;31:*.lzo=01;31:*.xz=01;31:*.zst=01;31:*.tzst=01;31:*.bz2=01;31:*.bz=01;31:*.tbz=01;31:*.tbz2=01;31:*.tz=01;31:*.deb=01;31:*.rpm=01;31:*.jar=01;31:*.war=01;31:*.ear=01;31:*.sar=01;31:*.rar=01;31:*.alz=01;31:*.ace=01;31:*.zoo=01;31:*.cpio=01;31:*.7z=01;31:*.rz=01;31:*.cab=01;31:*.wim=01;31:*.swm=01;31:*.dwm=01;31:*.esd=01;31:*.jpg=01;35:*.jpeg=01;35:*.mjpg=01;35:*.mjpeg=01;35:*.gif=01;35:*.bmp=01;35:*.pbm=01;35:*.pgm=01;35:*.ppm=01;35:*.tga=01;35:*.xbm=01;35:*.xpm=01;35:*.tif=01;35:*.tiff=01;35:*.png=01;35:*.svg=01;35:*.svgz=01;35:*.mng=01;35:*.pcx=01;35:*.mov=01;35:*.mpg=01;35:*.mpeg=01;35:*.m2v=01;35:*.mkv=01;35:*.webm=01;35:*.webp=01;35:*.ogm=01;35:*.mp4=01;35:*.m4v=01;35:*.mp4v=01;35:*.vob=01;35:*.qt=01;35:*.nuv=01;35:*.wmv=01;35:*.asf=01;35:*.rm=01;35:*.rmvb=01;35:*.flc=01;35:*.avi=01;35:*.fli=01;35:*.flv=01;35:*.gl=01;35:*.dl=01;35:*.xcf=01;35:*.xwd=01;35:*.yuv=01;35:*.cgm=01;35:*.emf=01;35:*.ogv=01;35:*.ogx=01;35:*.aac=00;36:*.au=00;36:*.flac=00;36:*.m4a=00;36:*.mid=00;36:*.midi=00;36:*.mka=00;36:*.mp3=00;36:*.mpc=00;36:*.ogg=00;36:*.ra=00;36:*.wav=00;36:*.oga=00;36:*.opus=00;36:*.spx=00;36:*.xspf=00;36:'), ('VSCODE_GIT_IPC_HANDLE', '/tmp/vscode-git-bb8c1a7c35.sock'), ('TERM_PROGRAM', 'vscode'), ('SSH_AUTH_SOCK', '/tmp/vscode-ssh-auth-8556e27b-e216-450b-b0cc-1f8365397382.sock'), ('AMENT_PREFIX_PATH', '/workspaces/IRS_Rover_ROS2_Workspace/rover_ws/install/rover_perception_msgs:/workspaces/IRS_Rover_ROS2_Workspace/rover_ws/install/rover_stereocam:/workspaces/IRS_Rover_ROS2_Workspace/rover_ws/install/rover_perception:/workspaces/IRS_Rover_ROS2_Workspace/rover_ws/install/rover_lidar:/workspaces/IRS_Rover_ROS2_Workspace/rover_ws/install/rover_control_msgs:/workspaces/IRS_Rover_ROS2_Workspace/rover_ws/install/rover_control:/opt/ros/humble'), ('SHELL', '/bin/bash'), ('VSCODE_GIT_ASKPASS_EXTRA_ARGS', ''), ('PWD', '/workspaces/IRS_Rover_ROS2_Workspace/rover_ws/build/rover_control_msgs'), ('LC_ALL', 'C.UTF-8'), ('COPILOT_DEBUG_NONCE', 'ebb28b2f47a55d9f123b03f75e673fb9'), ('PYTHONPATH', '/workspaces/IRS_Rover_ROS2_Workspace/rover_ws/install/rover_perception_msgs/local/lib/python3.10/dist-packages:/workspaces/IRS_Rover_ROS2_Workspace/rover_ws/install/rover_stereocam/lib/python3.10/site-packages:/workspaces/IRS_Rover_ROS2_Workspace/rover_ws/install/rover_perception/lib/python3.10/site-packages:/workspaces/IRS_Rover_ROS2_Workspace/rover_ws/install/rover_lidar/lib/python3.10/site-packages:/workspaces/IRS_Rover_ROS2_Workspace/rover_ws/install/rover_control_msgs/local/lib/python3.10/dist-packages:/workspaces/IRS_Rover_ROS2_Workspace/rover_ws/install/rover_control/lib/python3.10/site-packages:/opt/ros/humble/lib/python3.10/site-packages:/opt/ros/humble/local/lib/python3.10/dist-packages'), ('COLCON', '1'), ('CMAKE_PREFIX_PATH', '/workspaces/IRS_Rover_ROS2_Workspace/rover_ws/install/rover_perception_msgs:/workspaces/IRS_Rover_ROS2_Workspace/rover_ws/install/rover_control_msgs:/workspaces/IRS_Rover_ROS2_Workspace/rover_ws/install/rover_stereocam:/workspaces/IRS_Rover_ROS2_Workspace/rover_ws/install/rover_perception:/workspaces/IRS_Rover_ROS2_Workspace/rover_ws/install/rover_lidar:/workspaces/IRS_Rover_ROS2_Workspace/rover_ws/install/rover_control:/opt/ros/humble')]), 'shell': False}
[1.471118] (-) TimerEvent: {}
[1.569560] (rover_perception_msgs) StdoutLine: {'line': b'[ 14%] Built target ament_cmake_python_copy_rover_perception_msgs\n'}
[1.571722] (-) TimerEvent: {}
[1.674309] (-) TimerEvent: {}
[1.728094] (rover_perception_msgs) StdoutLine: {'line': b'[ 25%] Built target rover_perception_msgs__rosidl_typesupport_introspection_cpp\n'}
[1.767496] (rover_perception_msgs) StdoutLine: {'line': b'[ 35%] Built target rover_perception_msgs__rosidl_typesupport_fastrtps_c\n'}
[1.775288] (-) TimerEvent: {}
[1.805376] (rover_perception_msgs) StdoutLine: {'line': b'[ 45%] Built target rover_perception_msgs__rosidl_typesupport_introspection_c\n'}
[1.828866] (rover_perception_msgs) StdoutLine: {'line': b'[ 56%] Built target rover_perception_msgs__rosidl_typesupport_c\n'}
[1.849751] (rover_perception_msgs) StdoutLine: {'line': b'[ 68%] Built target rover_perception_msgs__rosidl_typesupport_fastrtps_cpp\n'}
[1.858584] (rover_perception_msgs) StdoutLine: {'line': b'[ 77%] Built target rover_perception_msgs__rosidl_typesupport_cpp\n'}
[1.876753] (-) TimerEvent: {}
[1.978928] (-) TimerEvent: {}
[2.082224] (-) TimerEvent: {}
[2.186383] (-) TimerEvent: {}
[2.291126] (-) TimerEvent: {}
[2.395264] (-) TimerEvent: {}
[2.475151] (rover_perception_msgs) StdoutLine: {'line': b'[ 77%] Built target rover_perception_msgs\n'}
[2.504834] (-) TimerEvent: {}
[2.623357] (-) TimerEvent: {}
[2.724307] (-) TimerEvent: {}
[2.825523] (-) TimerEvent: {}
[2.883697] (rover_control_msgs) StdoutLine: {'line': b'[ 14%] Built target rover_control_msgs__cpp\n'}
[2.890076] (rover_control_msgs) StdoutLine: {'line': b'[ 14%] Built target rover_control_msgs__rosidl_generator_c\n'}
[2.896763] (rover_control_msgs) StdoutLine: {'line': b'[ 14%] Built target rover_control_msgs__rs\n'}
[2.926986] (-) TimerEvent: {}
[3.031394] (-) TimerEvent: {}
[3.069299] (rover_perception_msgs) StdoutLine: {'line': b'running egg_info\n'}
[3.071530] (rover_perception_msgs) StdoutLine: {'line': b'writing rover_perception_msgs.egg-info/PKG-INFO\n'}
[3.076635] (rover_perception_msgs) StdoutLine: {'line': b'writing dependency_links to rover_perception_msgs.egg-info/dependency_links.txt\n'}
[3.094731] (rover_lidar) Command: {'cmd': ['/usr/bin/python3', '-W', 'ignore:setup.py install is deprecated', '-W', 'ignore:easy_install command is deprecated', 'setup.py', 'egg_info', '--egg-base', '../../build/rover_lidar', 'build', '--build-base', '/workspaces/IRS_Rover_ROS2_Workspace/rover_ws/build/rover_lidar/build', 'install', '--record', '/workspaces/IRS_Rover_ROS2_Workspace/rover_ws/build/rover_lidar/install.log', '--single-version-externally-managed', 'install_data'], 'cwd': '/workspaces/IRS_Rover_ROS2_Workspace/rover_ws/src/rover_lidar', 'env': {'PYTHON_BASIC_REPL': '1', 'HOSTNAME': '06335fee11bd', 'GIT_ASKPASS': '/vscode/vscode-server/bin/linux-x64/4fe60c8b1cdac1c4c174f2fb180d0d758272d713/extensions/git/dist/askpass.sh', 'SHLVL': '2', 'LD_LIBRARY_PATH': '/workspaces/IRS_Rover_ROS2_Workspace/rover_ws/install/rover_perception_msgs/lib:/workspaces/IRS_Rover_ROS2_Workspace/rover_ws/install/rover_control_msgs/lib:/opt/ros/humble/opt/rviz_ogre_vendor/lib:/opt/ros/humble/lib/x86_64-linux-gnu:/opt/ros/humble/lib', 'BROWSER': '/vscode/vscode-server/bin/linux-x64/4fe60c8b1cdac1c4c174f2fb180d0d758272d713/bin/helpers/browser.sh', 'HOME': '/root', 'OLDPWD': '/workspaces/IRS_Rover_ROS2_Workspace', 'TERM_PROGRAM_VERSION': '1.127.0', 'VSCODE_IPC_HOOK_CLI': '/tmp/vscode-ipc-a7d8417a-84e0-4652-a058-401c79ab84d0.sock', 'ROS_PYTHON_VERSION': '3', 'VSCODE_GIT_ASKPASS_MAIN': '/vscode/vscode-server/bin/linux-x64/4fe60c8b1cdac1c4c174f2fb180d0d758272d713/extensions/git/dist/askpass-main.js', 'VSCODE_GIT_ASKPASS_NODE': '/vscode/vscode-server/bin/linux-x64/4fe60c8b1cdac1c4c174f2fb180d0d758272d713/node', 'PYDEVD_DISABLE_FILE_VALIDATION': '1', 'BUNDLED_DEBUGPY_PATH': '/root/.vscode-server/extensions/ms-python.debugpy-2026.6.0-linux-x64/bundled/libs/debugpy', 'VSCODE_PYTHON_AUTOACTIVATE_GUARD': '1', 'COLORTERM': 'truecolor', 'REMOTE_CONTAINERS': 'true', 'COLCON_PREFIX_PATH': '/workspaces/IRS_Rover_ROS2_Workspace/rover_ws/install', 'ROS_DISTRO': 'humble', 'REMOTE_CONTAINERS_IPC': '/tmp/vscode-remote-containers-ipc-8556e27b-e216-450b-b0cc-1f8365397382.sock', '_': '/usr/bin/colcon', 'ROS_VERSION': '2', 'TERM': 'xterm-256color', 'ROS_LOCALHOST_ONLY': '0', 'PATH': '/root/.vscode-server/data/User/globalStorage/github.copilot-chat/debugCommand:/root/.vscode-server/data/User/globalStorage/github.copilot-chat/copilotCli:/vscode/vscode-server/bin/linux-x64/4fe60c8b1cdac1c4c174f2fb180d0d758272d713/bin/remote-cli:/opt/ros/humble/bin:/usr/local/sbin:/usr/local/bin:/usr/sbin:/usr/bin:/sbin:/bin:/root/.vscode-server/extensions/ms-python.debugpy-2026.6.0-linux-x64/bundled/scripts/noConfigScripts', 'REMOTE_CONTAINERS_SOCKETS': '["/tmp/vscode-ssh-auth-8556e27b-e216-450b-b0cc-1f8365397382.sock"]', 'VSCODE_DEBUGPY_ADAPTER_ENDPOINTS': '/root/.vscode-server/extensions/ms-python.debugpy-2026.6.0-linux-x64/.noConfigDebugAdapterEndpoints/endpoint-1e3a0fbd7d538503.txt', 'LANG': 'C.UTF-8', 'PYTHONSTARTUP': '/root/.vscode-server/data/User/workspaceStorage/7242e97d3df64538730a6ed5a855f433/ms-python.python/pythonrc.py', 'LS_COLORS': 'rs=0:di=01;34:ln=01;36:mh=00:pi=40;33:so=01;35:do=01;35:bd=40;33;01:cd=40;33;01:or=40;31;01:mi=00:su=37;41:sg=30;43:ca=30;41:tw=30;42:ow=34;42:st=37;44:ex=01;32:*.tar=01;31:*.tgz=01;31:*.arc=01;31:*.arj=01;31:*.taz=01;31:*.lha=01;31:*.lz4=01;31:*.lzh=01;31:*.lzma=01;31:*.tlz=01;31:*.txz=01;31:*.tzo=01;31:*.t7z=01;31:*.zip=01;31:*.z=01;31:*.dz=01;31:*.gz=01;31:*.lrz=01;31:*.lz=01;31:*.lzo=01;31:*.xz=01;31:*.zst=01;31:*.tzst=01;31:*.bz2=01;31:*.bz=01;31:*.tbz=01;31:*.tbz2=01;31:*.tz=01;31:*.deb=01;31:*.rpm=01;31:*.jar=01;31:*.war=01;31:*.ear=01;31:*.sar=01;31:*.rar=01;31:*.alz=01;31:*.ace=01;31:*.zoo=01;31:*.cpio=01;31:*.7z=01;31:*.rz=01;31:*.cab=01;31:*.wim=01;31:*.swm=01;31:*.dwm=01;31:*.esd=01;31:*.jpg=01;35:*.jpeg=01;35:*.mjpg=01;35:*.mjpeg=01;35:*.gif=01;35:*.bmp=01;35:*.pbm=01;35:*.pgm=01;35:*.ppm=01;35:*.tga=01;35:*.xbm=01;35:*.xpm=01;35:*.tif=01;35:*.tiff=01;35:*.png=01;35:*.svg=01;35:*.svgz=01;35:*.mng=01;35:*.pcx=01;35:*.mov=01;35:*.mpg=01;35:*.mpeg=01;35:*.m2v=01;35:*.mkv=01;35:*.webm=01;35:*.webp=01;35:*.ogm=01;35:*.mp4=01;35:*.m4v=01;35:*.mp4v=01;35:*.vob=01;35:*.qt=01;35:*.nuv=01;35:*.wmv=01;35:*.asf=01;35:*.rm=01;35:*.rmvb=01;35:*.flc=01;35:*.avi=01;35:*.fli=01;35:*.flv=01;35:*.gl=01;35:*.dl=01;35:*.xcf=01;35:*.xwd=01;35:*.yuv=01;35:*.cgm=01;35:*.emf=01;35:*.ogv=01;35:*.ogx=01;35:*.aac=00;36:*.au=00;36:*.flac=00;36:*.m4a=00;36:*.mid=00;36:*.midi=00;36:*.mka=00;36:*.mp3=00;36:*.mpc=00;36:*.ogg=00;36:*.ra=00;36:*.wav=00;36:*.oga=00;36:*.opus=00;36:*.spx=00;36:*.xspf=00;36:', 'VSCODE_GIT_IPC_HANDLE': '/tmp/vscode-git-bb8c1a7c35.sock', 'TERM_PROGRAM': 'vscode', 'SSH_AUTH_SOCK': '/tmp/vscode-ssh-auth-8556e27b-e216-450b-b0cc-1f8365397382.sock', 'AMENT_PREFIX_PATH': '/workspaces/IRS_Rover_ROS2_Workspace/rover_ws/install/rover_perception_msgs:/workspaces/IRS_Rover_ROS2_Workspace/rover_ws/install/rover_stereocam:/workspaces/IRS_Rover_ROS2_Workspace/rover_ws/install/rover_perception:/workspaces/IRS_Rover_ROS2_Workspace/rover_ws/install/rover_lidar:/workspaces/IRS_Rover_ROS2_Workspace/rover_ws/install/rover_control_msgs:/workspaces/IRS_Rover_ROS2_Workspace/rover_ws/install/rover_control:/opt/ros/humble', 'SHELL': '/bin/bash', 'VSCODE_GIT_ASKPASS_EXTRA_ARGS': '', 'PWD': '/workspaces/IRS_Rover_ROS2_Workspace/rover_ws/build/rover_lidar', 'LC_ALL': 'C.UTF-8', 'COPILOT_DEBUG_NONCE': 'ebb28b2f47a55d9f123b03f75e673fb9', 'PYTHONPATH': '/workspaces/IRS_Rover_ROS2_Workspace/rover_ws/build/rover_lidar/prefix_override:/usr/lib/python3/dist-packages/colcon_core/task/python/colcon_distutils_commands:/workspaces/IRS_Rover_ROS2_Workspace/rover_ws/install/rover_lidar/lib/python3.10/site-packages:/workspaces/IRS_Rover_ROS2_Workspace/rover_ws/install/rover_perception_msgs/local/lib/python3.10/dist-packages:/workspaces/IRS_Rover_ROS2_Workspace/rover_ws/install/rover_stereocam/lib/python3.10/site-packages:/workspaces/IRS_Rover_ROS2_Workspace/rover_ws/install/rover_perception/lib/python3.10/site-packages:/workspaces/IRS_Rover_ROS2_Workspace/rover_ws/install/rover_lidar/lib/python3.10/site-packages:/workspaces/IRS_Rover_ROS2_Workspace/rover_ws/install/rover_control_msgs/local/lib/python3.10/dist-packages:/workspaces/IRS_Rover_ROS2_Workspace/rover_ws/install/rover_control/lib/python3.10/site-packages:/opt/ros/humble/lib/python3.10/site-packages:/opt/ros/humble/local/lib/python3.10/dist-packages', 'COLCON': '1', 'CMAKE_PREFIX_PATH': '/workspaces/IRS_Rover_ROS2_Workspace/rover_ws/install/rover_perception_msgs:/workspaces/IRS_Rover_ROS2_Workspace/rover_ws/install/rover_control_msgs'}, 'shell': False}
[3.117200] (rover_perception_msgs) StdoutLine: {'line': b'writing top-level names to rover_perception_msgs.egg-info/top_level.txt\n'}
[3.120073] (rover_perception_msgs) StdoutLine: {'line': b"reading manifest file 'rover_perception_msgs.egg-info/SOURCES.txt'\n"}
[3.122778] (rover_perception_msgs) StdoutLine: {'line': b"writing manifest file 'rover_perception_msgs.egg-info/SOURCES.txt'\n"}
[3.132525] (-) TimerEvent: {}
[3.159366] (rover_control) Command: {'cmd': ['/usr/bin/python3', '-W', 'ignore:setup.py install is deprecated', '-W', 'ignore:easy_install command is deprecated', 'setup.py', 'egg_info', '--egg-base', '../../build/rover_control', 'build', '--build-base', '/workspaces/IRS_Rover_ROS2_Workspace/rover_ws/build/rover_control/build', 'install', '--record', '/workspaces/IRS_Rover_ROS2_Workspace/rover_ws/build/rover_control/install.log', '--single-version-externally-managed', 'install_data'], 'cwd': '/workspaces/IRS_Rover_ROS2_Workspace/rover_ws/src/rover_control', 'env': {'PYTHON_BASIC_REPL': '1', 'HOSTNAME': '06335fee11bd', 'GIT_ASKPASS': '/vscode/vscode-server/bin/linux-x64/4fe60c8b1cdac1c4c174f2fb180d0d758272d713/extensions/git/dist/askpass.sh', 'SHLVL': '2', 'LD_LIBRARY_PATH': '/workspaces/IRS_Rover_ROS2_Workspace/rover_ws/install/rover_perception_msgs/lib:/workspaces/IRS_Rover_ROS2_Workspace/rover_ws/install/rover_control_msgs/lib:/opt/ros/humble/opt/rviz_ogre_vendor/lib:/opt/ros/humble/lib/x86_64-linux-gnu:/opt/ros/humble/lib', 'BROWSER': '/vscode/vscode-server/bin/linux-x64/4fe60c8b1cdac1c4c174f2fb180d0d758272d713/bin/helpers/browser.sh', 'HOME': '/root', 'OLDPWD': '/workspaces/IRS_Rover_ROS2_Workspace', 'TERM_PROGRAM_VERSION': '1.127.0', 'VSCODE_IPC_HOOK_CLI': '/tmp/vscode-ipc-a7d8417a-84e0-4652-a058-401c79ab84d0.sock', 'ROS_PYTHON_VERSION': '3', 'VSCODE_GIT_ASKPASS_MAIN': '/vscode/vscode-server/bin/linux-x64/4fe60c8b1cdac1c4c174f2fb180d0d758272d713/extensions/git/dist/askpass-main.js', 'VSCODE_GIT_ASKPASS_NODE': '/vscode/vscode-server/bin/linux-x64/4fe60c8b1cdac1c4c174f2fb180d0d758272d713/node', 'PYDEVD_DISABLE_FILE_VALIDATION': '1', 'BUNDLED_DEBUGPY_PATH': '/root/.vscode-server/extensions/ms-python.debugpy-2026.6.0-linux-x64/bundled/libs/debugpy', 'VSCODE_PYTHON_AUTOACTIVATE_GUARD': '1', 'COLORTERM': 'truecolor', 'REMOTE_CONTAINERS': 'true', 'COLCON_PREFIX_PATH': '/workspaces/IRS_Rover_ROS2_Workspace/rover_ws/install', 'ROS_DISTRO': 'humble', 'REMOTE_CONTAINERS_IPC': '/tmp/vscode-remote-containers-ipc-8556e27b-e216-450b-b0cc-1f8365397382.sock', '_': '/usr/bin/colcon', 'ROS_VERSION': '2', 'TERM': 'xterm-256color', 'ROS_LOCALHOST_ONLY': '0', 'PATH': '/root/.vscode-server/data/User/globalStorage/github.copilot-chat/debugCommand:/root/.vscode-server/data/User/globalStorage/github.copilot-chat/copilotCli:/vscode/vscode-server/bin/linux-x64/4fe60c8b1cdac1c4c174f2fb180d0d758272d713/bin/remote-cli:/opt/ros/humble/bin:/usr/local/sbin:/usr/local/bin:/usr/sbin:/usr/bin:/sbin:/bin:/root/.vscode-server/extensions/ms-python.debugpy-2026.6.0-linux-x64/bundled/scripts/noConfigScripts', 'REMOTE_CONTAINERS_SOCKETS': '["/tmp/vscode-ssh-auth-8556e27b-e216-450b-b0cc-1f8365397382.sock"]', 'VSCODE_DEBUGPY_ADAPTER_ENDPOINTS': '/root/.vscode-server/extensions/ms-python.debugpy-2026.6.0-linux-x64/.noConfigDebugAdapterEndpoints/endpoint-1e3a0fbd7d538503.txt', 'LANG': 'C.UTF-8', 'PYTHONSTARTUP': '/root/.vscode-server/data/User/workspaceStorage/7242e97d3df64538730a6ed5a855f433/ms-python.python/pythonrc.py', 'LS_COLORS': 'rs=0:di=01;34:ln=01;36:mh=00:pi=40;33:so=01;35:do=01;35:bd=40;33;01:cd=40;33;01:or=40;31;01:mi=00:su=37;41:sg=30;43:ca=30;41:tw=30;42:ow=34;42:st=37;44:ex=01;32:*.tar=01;31:*.tgz=01;31:*.arc=01;31:*.arj=01;31:*.taz=01;31:*.lha=01;31:*.lz4=01;31:*.lzh=01;31:*.lzma=01;31:*.tlz=01;31:*.txz=01;31:*.tzo=01;31:*.t7z=01;31:*.zip=01;31:*.z=01;31:*.dz=01;31:*.gz=01;31:*.lrz=01;31:*.lz=01;31:*.lzo=01;31:*.xz=01;31:*.zst=01;31:*.tzst=01;31:*.bz2=01;31:*.bz=01;31:*.tbz=01;31:*.tbz2=01;31:*.tz=01;31:*.deb=01;31:*.rpm=01;31:*.jar=01;31:*.war=01;31:*.ear=01;31:*.sar=01;31:*.rar=01;31:*.alz=01;31:*.ace=01;31:*.zoo=01;31:*.cpio=01;31:*.7z=01;31:*.rz=01;31:*.cab=01;31:*.wim=01;31:*.swm=01;31:*.dwm=01;31:*.esd=01;31:*.jpg=01;35:*.jpeg=01;35:*.mjpg=01;35:*.mjpeg=01;35:*.gif=01;35:*.bmp=01;35:*.pbm=01;35:*.pgm=01;35:*.ppm=01;35:*.tga=01;35:*.xbm=01;35:*.xpm=01;35:*.tif=01;35:*.tiff=01;35:*.png=01;35:*.svg=01;35:*.svgz=01;35:*.mng=01;35:*.pcx=01;35:*.mov=01;35:*.mpg=01;35:*.mpeg=01;35:*.m2v=01;35:*.mkv=01;35:*.webm=01;35:*.webp=01;35:*.ogm=01;35:*.mp4=01;35:*.m4v=01;35:*.mp4v=01;35:*.vob=01;35:*.qt=01;35:*.nuv=01;35:*.wmv=01;35:*.asf=01;35:*.rm=01;35:*.rmvb=01;35:*.flc=01;35:*.avi=01;35:*.fli=01;35:*.flv=01;35:*.gl=01;35:*.dl=01;35:*.xcf=01;35:*.xwd=01;35:*.yuv=01;35:*.cgm=01;35:*.emf=01;35:*.ogv=01;35:*.ogx=01;35:*.aac=00;36:*.au=00;36:*.flac=00;36:*.m4a=00;36:*.mid=00;36:*.midi=00;36:*.mka=00;36:*.mp3=00;36:*.mpc=00;36:*.ogg=00;36:*.ra=00;36:*.wav=00;36:*.oga=00;36:*.opus=00;36:*.spx=00;36:*.xspf=00;36:', 'VSCODE_GIT_IPC_HANDLE': '/tmp/vscode-git-bb8c1a7c35.sock', 'TERM_PROGRAM': 'vscode', 'SSH_AUTH_SOCK': '/tmp/vscode-ssh-auth-8556e27b-e216-450b-b0cc-1f8365397382.sock', 'AMENT_PREFIX_PATH': '/workspaces/IRS_Rover_ROS2_Workspace/rover_ws/install/rover_perception_msgs:/workspaces/IRS_Rover_ROS2_Workspace/rover_ws/install/rover_stereocam:/workspaces/IRS_Rover_ROS2_Workspace/rover_ws/install/rover_perception:/workspaces/IRS_Rover_ROS2_Workspace/rover_ws/install/rover_lidar:/workspaces/IRS_Rover_ROS2_Workspace/rover_ws/install/rover_control_msgs:/workspaces/IRS_Rover_ROS2_Workspace/rover_ws/install/rover_control:/opt/ros/humble', 'SHELL': '/bin/bash', 'VSCODE_GIT_ASKPASS_EXTRA_ARGS': '', 'PWD': '/workspaces/IRS_Rover_ROS2_Workspace/rover_ws/build/rover_control', 'LC_ALL': 'C.UTF-8', 'COPILOT_DEBUG_NONCE': 'ebb28b2f47a55d9f123b03f75e673fb9', 'PYTHONPATH': '/workspaces/IRS_Rover_ROS2_Workspace/rover_ws/build/rover_control/prefix_override:/usr/lib/python3/dist-packages/colcon_core/task/python/colcon_distutils_commands:/workspaces/IRS_Rover_ROS2_Workspace/rover_ws/install/rover_control/lib/python3.10/site-packages:/workspaces/IRS_Rover_ROS2_Workspace/rover_ws/install/rover_perception_msgs/local/lib/python3.10/dist-packages:/workspaces/IRS_Rover_ROS2_Workspace/rover_ws/install/rover_stereocam/lib/python3.10/site-packages:/workspaces/IRS_Rover_ROS2_Workspace/rover_ws/install/rover_perception/lib/python3.10/site-packages:/workspaces/IRS_Rover_ROS2_Workspace/rover_ws/install/rover_lidar/lib/python3.10/site-packages:/workspaces/IRS_Rover_ROS2_Workspace/rover_ws/install/rover_control_msgs/local/lib/python3.10/dist-packages:/workspaces/IRS_Rover_ROS2_Workspace/rover_ws/install/rover_control/lib/python3.10/site-packages:/opt/ros/humble/lib/python3.10/site-packages:/opt/ros/humble/local/lib/python3.10/dist-packages', 'COLCON': '1', 'CMAKE_PREFIX_PATH': '/workspaces/IRS_Rover_ROS2_Workspace/rover_ws/install/rover_perception_msgs:/workspaces/IRS_Rover_ROS2_Workspace/rover_ws/install/rover_control_msgs'}, 'shell': False}
[3.233265] (-) TimerEvent: {}
[3.335402] (-) TimerEvent: {}
[3.393944] (rover_perception_msgs) StdoutLine: {'line': b'[ 79%] Built target rover_perception_msgs__py\n'}
[3.436577] (-) TimerEvent: {}
[3.540250] (-) TimerEvent: {}
[3.568710] (rover_perception_msgs) StdoutLine: {'line': b'[ 79%] Built target ament_cmake_python_build_rover_perception_msgs_egg\n'}
[3.590442] (rover_control_msgs) StdoutLine: {'line': b'[ 14%] Built target ament_cmake_python_copy_rover_control_msgs\n'}
[3.640464] (-) TimerEvent: {}
[3.742252] (-) TimerEvent: {}
[3.816430] (rover_control_msgs) StdoutLine: {'line': b'[ 25%] Built target rover_control_msgs__rosidl_typesupport_c\n'}
[3.842653] (rover_control_msgs) StdoutLine: {'line': b'[ 35%] Built target rover_control_msgs__rosidl_typesupport_fastrtps_cpp\n'}
[3.845183] (-) TimerEvent: {}
[3.867118] (rover_control_msgs) StdoutLine: {'line': b'[ 51%] Built target rover_control_msgs__rosidl_typesupport_introspection_c\n'}
[3.886269] (rover_control_msgs) StdoutLine: {'line': b'[ 64%] Built target rover_control_msgs__rosidl_typesupport_introspection_cpp\n'}
[3.893298] (rover_control_msgs) StdoutLine: {'line': b'[ 69%] Built target rover_control_msgs__rosidl_typesupport_fastrtps_c\n'}
[3.906092] (rover_control_msgs) StdoutLine: {'line': b'[ 78%] Built target rover_control_msgs__rosidl_typesupport_cpp\n'}
[3.945160] (rover_lidar) StdoutLine: {'line': b'running egg_info\n'}
[3.946745] (-) TimerEvent: {}
[3.947527] (rover_lidar) StdoutLine: {'line': b'writing ../../build/rover_lidar/rover_lidar.egg-info/PKG-INFO\n'}
[3.949259] (rover_lidar) StdoutLine: {'line': b'writing dependency_links to ../../build/rover_lidar/rover_lidar.egg-info/dependency_links.txt\n'}
[3.951732] (rover_lidar) StdoutLine: {'line': b'writing entry points to ../../build/rover_lidar/rover_lidar.egg-info/entry_points.txt\n'}
[3.955000] (rover_lidar) StdoutLine: {'line': b'writing requirements to ../../build/rover_lidar/rover_lidar.egg-info/requires.txt\n'}
[3.957739] (rover_lidar) StdoutLine: {'line': b'writing top-level names to ../../build/rover_lidar/rover_lidar.egg-info/top_level.txt\n'}
[3.971757] (rover_lidar) StdoutLine: {'line': b"reading manifest file '../../build/rover_lidar/rover_lidar.egg-info/SOURCES.txt'\n"}
[3.978371] (rover_lidar) StdoutLine: {'line': b"writing manifest file '../../build/rover_lidar/rover_lidar.egg-info/SOURCES.txt'\n"}
[3.980316] (rover_lidar) StdoutLine: {'line': b'running build\n'}
[3.982062] (rover_lidar) StdoutLine: {'line': b'running build_py\n'}
[3.984947] (rover_lidar) StdoutLine: {'line': b'running install\n'}
[3.987664] (rover_lidar) StdoutLine: {'line': b'running install_lib\n'}
[3.992008] (rover_lidar) StdoutLine: {'line': b'running install_data\n'}
[3.993004] (rover_lidar) StdoutLine: {'line': b'running install_egg_info\n'}
[3.996393] (rover_lidar) StdoutLine: {'line': b"removing '/workspaces/IRS_Rover_ROS2_Workspace/rover_ws/install/rover_lidar/lib/python3.10/site-packages/rover_lidar-0.0.0-py3.10.egg-info' (and everything under it)\n"}
[4.006167] (rover_lidar) StdoutLine: {'line': b'Copying ../../build/rover_lidar/rover_lidar.egg-info to /workspaces/IRS_Rover_ROS2_Workspace/rover_ws/install/rover_lidar/lib/python3.10/site-packages/rover_lidar-0.0.0-py3.10.egg-info\n'}
[4.023170] (rover_perception_msgs) StdoutLine: {'line': b'[ 87%] Built target rover_perception_msgs__rosidl_generator_py\n'}
[4.048949] (-) TimerEvent: {}
[4.062496] (rover_lidar) StdoutLine: {'line': b'running install_scripts\n'}
[4.070577] (rover_control) StdoutLine: {'line': b'running egg_info\n'}
[4.073117] (rover_control) StdoutLine: {'line': b'writing ../../build/rover_control/rover_control.egg-info/PKG-INFO\n'}
[4.075626] (rover_control) StdoutLine: {'line': b'writing dependency_links to ../../build/rover_control/rover_control.egg-info/dependency_links.txt\n'}
[4.077545] (rover_control) StdoutLine: {'line': b'writing entry points to ../../build/rover_control/rover_control.egg-info/entry_points.txt\n'}
[4.080287] (rover_control) StdoutLine: {'line': b'writing requirements to ../../build/rover_control/rover_control.egg-info/requires.txt\n'}
[4.082757] (rover_control) StdoutLine: {'line': b'writing top-level names to ../../build/rover_control/rover_control.egg-info/top_level.txt\n'}
[4.097156] (rover_control) StdoutLine: {'line': b"reading manifest file '../../build/rover_control/rover_control.egg-info/SOURCES.txt'\n"}
[4.105469] (rover_control) StdoutLine: {'line': b"writing manifest file '../../build/rover_control/rover_control.egg-info/SOURCES.txt'\n"}
[4.108328] (rover_control) StdoutLine: {'line': b'running build\n'}
[4.110635] (rover_control) StdoutLine: {'line': b'running build_py\n'}
[4.112152] (rover_control) StdoutLine: {'line': b'copying rover_control/set_mode_node.py -> /workspaces/IRS_Rover_ROS2_Workspace/rover_ws/build/rover_control/build/lib/rover_control\n'}
[4.118053] (rover_control) StdoutLine: {'line': b'running install\n'}
[4.119855] (rover_control) StdoutLine: {'line': b'running install_lib\n'}
[4.124521] (rover_control) StdoutLine: {'line': b'copying /workspaces/IRS_Rover_ROS2_Workspace/rover_ws/build/rover_control/build/lib/rover_control/set_mode_node.py -> /workspaces/IRS_Rover_ROS2_Workspace/rover_ws/install/rover_control/lib/python3.10/site-packages/rover_control\n'}
[4.133193] (rover_control) StdoutLine: {'line': b'byte-compiling /workspaces/IRS_Rover_ROS2_Workspace/rover_ws/install/rover_control/lib/python3.10/site-packages/rover_control/set_mode_node.py to set_mode_node.cpython-310.pyc\n'}
[4.140516] (rover_control) StdoutLine: {'line': b'running install_data\n'}
[4.142347] (rover_control) StdoutLine: {'line': b'running install_egg_info\n'}
[4.146165] (rover_control) StdoutLine: {'line': b"removing '/workspaces/IRS_Rover_ROS2_Workspace/rover_ws/install/rover_control/lib/python3.10/site-packages/rover_control-0.0.0-py3.10.egg-info' (and everything under it)\n"}
[4.149555] (-) TimerEvent: {}
[4.153270] (rover_control) StdoutLine: {'line': b'Copying ../../build/rover_control/rover_control.egg-info to /workspaces/IRS_Rover_ROS2_Workspace/rover_ws/install/rover_control/lib/python3.10/site-packages/rover_control-0.0.0-py3.10.egg-info\n'}
[4.155416] (rover_lidar) StdoutLine: {'line': b'Installing fake_lidar_node script to /workspaces/IRS_Rover_ROS2_Workspace/rover_ws/install/rover_lidar/lib/rover_lidar\n'}
[4.158994] (rover_lidar) StdoutLine: {'line': b'Installing lidar_processing_node script to /workspaces/IRS_Rover_ROS2_Workspace/rover_ws/install/rover_lidar/lib/rover_lidar\n'}
[4.164554] (rover_lidar) StdoutLine: {'line': b"writing list of installed files to '/workspaces/IRS_Rover_ROS2_Workspace/rover_ws/build/rover_lidar/install.log'\n"}
[4.210392] (rover_control) StdoutLine: {'line': b'running install_scripts\n'}
[4.220564] (rover_control_msgs) StdoutLine: {'line': b'[ 78%] Built target rover_control_msgs\n'}
[4.228222] (rover_lidar) CommandEnded: {'returncode': 0}
[4.250592] (-) TimerEvent: {}
[4.291441] (rover_control) StdoutLine: {'line': b'Installing command_node script to /workspaces/IRS_Rover_ROS2_Workspace/rover_ws/install/rover_control/lib/rover_control\n'}
[4.294832] (rover_control) StdoutLine: {'line': b'Installing fake_stm32_bridge_node script to /workspaces/IRS_Rover_ROS2_Workspace/rover_ws/install/rover_control/lib/rover_control\n'}
[4.298202] (rover_control) StdoutLine: {'line': b'Installing rover_pose_node script to /workspaces/IRS_Rover_ROS2_Workspace/rover_ws/install/rover_control/lib/rover_control\n'}
[4.301832] (rover_control) StdoutLine: {'line': b'Installing set_mode_node script to /workspaces/IRS_Rover_ROS2_Workspace/rover_ws/install/rover_control/lib/rover_control\n'}
[4.308532] (rover_control) StdoutLine: {'line': b'Installing stm_bridge_node script to /workspaces/IRS_Rover_ROS2_Workspace/rover_ws/install/rover_control/lib/rover_control\n'}
[4.314268] (rover_control) StdoutLine: {'line': b'Installing wifi_node script to /workspaces/IRS_Rover_ROS2_Workspace/rover_ws/install/rover_control/lib/rover_control\n'}
[4.316246] (rover_control) StdoutLine: {'line': b"writing list of installed files to '/workspaces/IRS_Rover_ROS2_Workspace/rover_ws/build/rover_control/install.log'\n"}
[4.342758] (rover_lidar) JobEnded: {'identifier': 'rover_lidar', 'rc': 0}
[4.353293] (-) TimerEvent: {}
[4.381685] (rover_control) CommandEnded: {'returncode': 0}
[4.433022] (rover_perception_msgs) StdoutLine: {'line': b'[ 95%] Built target rover_perception_msgs__rosidl_typesupport_fastrtps_c__pyext\n'}
[4.434984] (rover_perception_msgs) StdoutLine: {'line': b'[ 95%] Built target rover_perception_msgs__rosidl_typesupport_introspection_c__pyext\n'}
[4.442983] (rover_perception_msgs) StdoutLine: {'line': b'[100%] Built target rover_perception_msgs__rosidl_typesupport_c__pyext\n'}
[4.457633] (-) TimerEvent: {}
[4.463034] (rover_control) JobEnded: {'identifier': 'rover_control', 'rc': 0}
[4.532165] (rover_control_msgs) StdoutLine: {'line': b'[ 80%] Built target rover_control_msgs__py\n'}
[4.558542] (-) TimerEvent: {}
[4.577754] (rover_perception_msgs) CommandEnded: {'returncode': 0}
[4.596247] (rover_perception_msgs) JobProgress: {'identifier': 'rover_perception_msgs', 'progress': 'install'}
[4.659912] (-) TimerEvent: {}
[4.693360] (rover_perception_msgs) Command: {'cmd': ['/usr/bin/cmake', '--install', '/workspaces/IRS_Rover_ROS2_Workspace/rover_ws/build/rover_perception_msgs'], 'cwd': '/workspaces/IRS_Rover_ROS2_Workspace/rover_ws/build/rover_perception_msgs', 'env': OrderedDict([('PYTHON_BASIC_REPL', '1'), ('HOSTNAME', '06335fee11bd'), ('GIT_ASKPASS', '/vscode/vscode-server/bin/linux-x64/4fe60c8b1cdac1c4c174f2fb180d0d758272d713/extensions/git/dist/askpass.sh'), ('SHLVL', '2'), ('LD_LIBRARY_PATH', '/workspaces/IRS_Rover_ROS2_Workspace/rover_ws/install/rover_perception_msgs/lib:/workspaces/IRS_Rover_ROS2_Workspace/rover_ws/install/rover_control_msgs/lib:/opt/ros/humble/opt/rviz_ogre_vendor/lib:/opt/ros/humble/lib/x86_64-linux-gnu:/opt/ros/humble/lib'), ('BROWSER', '/vscode/vscode-server/bin/linux-x64/4fe60c8b1cdac1c4c174f2fb180d0d758272d713/bin/helpers/browser.sh'), ('HOME', '/root'), ('OLDPWD', '/workspaces/IRS_Rover_ROS2_Workspace'), ('TERM_PROGRAM_VERSION', '1.127.0'), ('VSCODE_IPC_HOOK_CLI', '/tmp/vscode-ipc-a7d8417a-84e0-4652-a058-401c79ab84d0.sock'), ('ROS_PYTHON_VERSION', '3'), ('VSCODE_GIT_ASKPASS_MAIN', '/vscode/vscode-server/bin/linux-x64/4fe60c8b1cdac1c4c174f2fb180d0d758272d713/extensions/git/dist/askpass-main.js'), ('VSCODE_GIT_ASKPASS_NODE', '/vscode/vscode-server/bin/linux-x64/4fe60c8b1cdac1c4c174f2fb180d0d758272d713/node'), ('PYDEVD_DISABLE_FILE_VALIDATION', '1'), ('BUNDLED_DEBUGPY_PATH', '/root/.vscode-server/extensions/ms-python.debugpy-2026.6.0-linux-x64/bundled/libs/debugpy'), ('VSCODE_PYTHON_AUTOACTIVATE_GUARD', '1'), ('COLORTERM', 'truecolor'), ('REMOTE_CONTAINERS', 'true'), ('COLCON_PREFIX_PATH', '/workspaces/IRS_Rover_ROS2_Workspace/rover_ws/install'), ('ROS_DISTRO', 'humble'), ('REMOTE_CONTAINERS_IPC', '/tmp/vscode-remote-containers-ipc-8556e27b-e216-450b-b0cc-1f8365397382.sock'), ('_', '/usr/bin/colcon'), ('ROS_VERSION', '2'), ('TERM', 'xterm-256color'), ('ROS_LOCALHOST_ONLY', '0'), ('PATH', '/root/.vscode-server/data/User/globalStorage/github.copilot-chat/debugCommand:/root/.vscode-server/data/User/globalStorage/github.copilot-chat/copilotCli:/vscode/vscode-server/bin/linux-x64/4fe60c8b1cdac1c4c174f2fb180d0d758272d713/bin/remote-cli:/opt/ros/humble/bin:/usr/local/sbin:/usr/local/bin:/usr/sbin:/usr/bin:/sbin:/bin:/root/.vscode-server/extensions/ms-python.debugpy-2026.6.0-linux-x64/bundled/scripts/noConfigScripts'), ('REMOTE_CONTAINERS_SOCKETS', '["/tmp/vscode-ssh-auth-8556e27b-e216-450b-b0cc-1f8365397382.sock"]'), ('VSCODE_DEBUGPY_ADAPTER_ENDPOINTS', '/root/.vscode-server/extensions/ms-python.debugpy-2026.6.0-linux-x64/.noConfigDebugAdapterEndpoints/endpoint-1e3a0fbd7d538503.txt'), ('LANG', 'C.UTF-8'), ('PYTHONSTARTUP', '/root/.vscode-server/data/User/workspaceStorage/7242e97d3df64538730a6ed5a855f433/ms-python.python/pythonrc.py'), ('LS_COLORS', 'rs=0:di=01;34:ln=01;36:mh=00:pi=40;33:so=01;35:do=01;35:bd=40;33;01:cd=40;33;01:or=40;31;01:mi=00:su=37;41:sg=30;43:ca=30;41:tw=30;42:ow=34;42:st=37;44:ex=01;32:*.tar=01;31:*.tgz=01;31:*.arc=01;31:*.arj=01;31:*.taz=01;31:*.lha=01;31:*.lz4=01;31:*.lzh=01;31:*.lzma=01;31:*.tlz=01;31:*.txz=01;31:*.tzo=01;31:*.t7z=01;31:*.zip=01;31:*.z=01;31:*.dz=01;31:*.gz=01;31:*.lrz=01;31:*.lz=01;31:*.lzo=01;31:*.xz=01;31:*.zst=01;31:*.tzst=01;31:*.bz2=01;31:*.bz=01;31:*.tbz=01;31:*.tbz2=01;31:*.tz=01;31:*.deb=01;31:*.rpm=01;31:*.jar=01;31:*.war=01;31:*.ear=01;31:*.sar=01;31:*.rar=01;31:*.alz=01;31:*.ace=01;31:*.zoo=01;31:*.cpio=01;31:*.7z=01;31:*.rz=01;31:*.cab=01;31:*.wim=01;31:*.swm=01;31:*.dwm=01;31:*.esd=01;31:*.jpg=01;35:*.jpeg=01;35:*.mjpg=01;35:*.mjpeg=01;35:*.gif=01;35:*.bmp=01;35:*.pbm=01;35:*.pgm=01;35:*.ppm=01;35:*.tga=01;35:*.xbm=01;35:*.xpm=01;35:*.tif=01;35:*.tiff=01;35:*.png=01;35:*.svg=01;35:*.svgz=01;35:*.mng=01;35:*.pcx=01;35:*.mov=01;35:*.mpg=01;35:*.mpeg=01;35:*.m2v=01;35:*.mkv=01;35:*.webm=01;35:*.webp=01;35:*.ogm=01;35:*.mp4=01;35:*.m4v=01;35:*.mp4v=01;35:*.vob=01;35:*.qt=01;35:*.nuv=01;35:*.wmv=01;35:*.asf=01;35:*.rm=01;35:*.rmvb=01;35:*.flc=01;35:*.avi=01;35:*.fli=01;35:*.flv=01;35:*.gl=01;35:*.dl=01;35:*.xcf=01;35:*.xwd=01;35:*.yuv=01;35:*.cgm=01;35:*.emf=01;35:*.ogv=01;35:*.ogx=01;35:*.aac=00;36:*.au=00;36:*.flac=00;36:*.m4a=00;36:*.mid=00;36:*.midi=00;36:*.mka=00;36:*.mp3=00;36:*.mpc=00;36:*.ogg=00;36:*.ra=00;36:*.wav=00;36:*.oga=00;36:*.opus=00;36:*.spx=00;36:*.xspf=00;36:'), ('VSCODE_GIT_IPC_HANDLE', '/tmp/vscode-git-bb8c1a7c35.sock'), ('TERM_PROGRAM', 'vscode'), ('SSH_AUTH_SOCK', '/tmp/vscode-ssh-auth-8556e27b-e216-450b-b0cc-1f8365397382.sock'), ('AMENT_PREFIX_PATH', '/workspaces/IRS_Rover_ROS2_Workspace/rover_ws/install/rover_perception_msgs:/workspaces/IRS_Rover_ROS2_Workspace/rover_ws/install/rover_stereocam:/workspaces/IRS_Rover_ROS2_Workspace/rover_ws/install/rover_perception:/workspaces/IRS_Rover_ROS2_Workspace/rover_ws/install/rover_lidar:/workspaces/IRS_Rover_ROS2_Workspace/rover_ws/install/rover_control_msgs:/workspaces/IRS_Rover_ROS2_Workspace/rover_ws/install/rover_control:/opt/ros/humble'), ('SHELL', '/bin/bash'), ('VSCODE_GIT_ASKPASS_EXTRA_ARGS', ''), ('PWD', '/workspaces/IRS_Rover_ROS2_Workspace/rover_ws/build/rover_perception_msgs'), ('LC_ALL', 'C.UTF-8'), ('COPILOT_DEBUG_NONCE', 'ebb28b2f47a55d9f123b03f75e673fb9'), ('PYTHONPATH', '/workspaces/IRS_Rover_ROS2_Workspace/rover_ws/install/rover_perception_msgs/local/lib/python3.10/dist-packages:/workspaces/IRS_Rover_ROS2_Workspace/rover_ws/install/rover_stereocam/lib/python3.10/site-packages:/workspaces/IRS_Rover_ROS2_Workspace/rover_ws/install/rover_perception/lib/python3.10/site-packages:/workspaces/IRS_Rover_ROS2_Workspace/rover_ws/install/rover_lidar/lib/python3.10/site-packages:/workspaces/IRS_Rover_ROS2_Workspace/rover_ws/install/rover_control_msgs/local/lib/python3.10/dist-packages:/workspaces/IRS_Rover_ROS2_Workspace/rover_ws/install/rover_control/lib/python3.10/site-packages:/opt/ros/humble/lib/python3.10/site-packages:/opt/ros/humble/local/lib/python3.10/dist-packages'), ('COLCON', '1'), ('CMAKE_PREFIX_PATH', '/workspaces/IRS_Rover_ROS2_Workspace/rover_ws/install/rover_perception_msgs:/workspaces/IRS_Rover_ROS2_Workspace/rover_ws/install/rover_control_msgs:/workspaces/IRS_Rover_ROS2_Workspace/rover_ws/install/rover_stereocam:/workspaces/IRS_Rover_ROS2_Workspace/rover_ws/install/rover_perception:/workspaces/IRS_Rover_ROS2_Workspace/rover_ws/install/rover_lidar:/workspaces/IRS_Rover_ROS2_Workspace/rover_ws/install/rover_control:/opt/ros/humble')]), 'shell': False}
[4.743010] (rover_control_msgs) StdoutLine: {'line': b'running egg_info\n'}
[4.746238] (rover_control_msgs) StdoutLine: {'line': b'writing rover_control_msgs.egg-info/PKG-INFO\n'}
[4.749973] (rover_control_msgs) StdoutLine: {'line': b'writing dependency_links to rover_control_msgs.egg-info/dependency_links.txt\n'}
[4.754411] (rover_control_msgs) StdoutLine: {'line': b'writing top-level names to rover_control_msgs.egg-info/top_level.txt\n'}
[4.760449] (-) TimerEvent: {}
[4.772514] (rover_control_msgs) StdoutLine: {'line': b"reading manifest file 'rover_control_msgs.egg-info/SOURCES.txt'\n"}
[4.774323] (rover_perception_msgs) StdoutLine: {'line': b'-- Install configuration: ""\n'}
[4.775975] (rover_perception_msgs) StdoutLine: {'line': b'-- Up-to-date: /workspaces/IRS_Rover_ROS2_Workspace/rover_ws/install/rover_perception_msgs/share/ament_index/resource_index/rosidl_interfaces/rover_perception_msgs\n'}
[4.777913] (rover_perception_msgs) StdoutLine: {'line': b'-- Up-to-date: /workspaces/IRS_Rover_ROS2_Workspace/rover_ws/install/rover_perception_msgs/include/rover_perception_msgs/rover_perception_msgs\n'}
[4.779647] (rover_perception_msgs) StdoutLine: {'line': b'-- Up-to-date: /workspaces/IRS_Rover_ROS2_Workspace/rover_ws/install/rover_perception_msgs/include/rover_perception_msgs/rover_perception_msgs/msg\n'}
[4.781462] (rover_control_msgs) StdoutLine: {'line': b"writing manifest file 'rover_control_msgs.egg-info/SOURCES.txt'\n"}
[4.784410] (rover_perception_msgs) StdoutLine: {'line': b'-- Up-to-date: /workspaces/IRS_Rover_ROS2_Workspace/rover_ws/install/rover_perception_msgs/include/rover_perception_msgs/rover_perception_msgs/msg/rosidl_generator_c__visibility_control.h\n'}
[4.786846] (rover_perception_msgs) StdoutLine: {'line': b'-- Up-to-date: /workspaces/IRS_Rover_ROS2_Workspace/rover_ws/install/rover_perception_msgs/include/rover_perception_msgs/rover_perception_msgs/msg/terrain_grid.h\n'}
[4.789336] (rover_perception_msgs) StdoutLine: {'line': b'-- Up-to-date: /workspaces/IRS_Rover_ROS2_Workspace/rover_ws/install/rover_perception_msgs/include/rover_perception_msgs/rover_perception_msgs/msg/led_detection_array.h\n'}
[4.792012] (rover_perception_msgs) StdoutLine: {'line': b'-- Up-to-date: /workspaces/IRS_Rover_ROS2_Workspace/rover_ws/install/rover_perception_msgs/include/rover_perception_msgs/rover_perception_msgs/msg/detail\n'}
[4.793069] (rover_perception_msgs) StdoutLine: {'line': b'-- Up-to-date: /workspaces/IRS_Rover_ROS2_Workspace/rover_ws/install/rover_perception_msgs/include/rover_perception_msgs/rover_perception_msgs/msg/detail/terrain_grid__functions.c\n'}
[4.794578] (rover_perception_msgs) StdoutLine: {'line': b'-- Up-to-date: /workspaces/IRS_Rover_ROS2_Workspace/rover_ws/install/rover_perception_msgs/include/rover_perception_msgs/rover_perception_msgs/msg/detail/led_detection_array__struct.h\n'}
[4.798082] (rover_perception_msgs) StdoutLine: {'line': b'-- Up-to-date: /workspaces/IRS_Rover_ROS2_Workspace/rover_ws/install/rover_perception_msgs/include/rover_perception_msgs/rover_perception_msgs/msg/detail/terrain_grid__type_support.h\n'}
[4.801366] (rover_perception_msgs) StdoutLine: {'line': b'-- Up-to-date: /workspaces/IRS_Rover_ROS2_Workspace/rover_ws/install/rover_perception_msgs/include/rover_perception_msgs/rover_perception_msgs/msg/detail/led_detection__struct.h\n'}
[4.803498] (rover_perception_msgs) StdoutLine: {'line': b'-- Up-to-date: /workspaces/IRS_Rover_ROS2_Workspace/rover_ws/install/rover_perception_msgs/include/rover_perception_msgs/rover_perception_msgs/msg/detail/led_detection_array__functions.h\n'}
[4.806619] (rover_perception_msgs) StdoutLine: {'line': b'-- Up-to-date: /workspaces/IRS_Rover_ROS2_Workspace/rover_ws/install/rover_perception_msgs/include/rover_perception_msgs/rover_perception_msgs/msg/detail/led_detection__functions.h\n'}
[4.811192] (rover_perception_msgs) StdoutLine: {'line': b'-- Up-to-date: /workspaces/IRS_Rover_ROS2_Workspace/rover_ws/install/rover_perception_msgs/include/rover_perception_msgs/rover_perception_msgs/msg/detail/led_detection__type_support.h\n'}
[4.813939] (rover_perception_msgs) StdoutLine: {'line': b'-- Up-to-date: /workspaces/IRS_Rover_ROS2_Workspace/rover_ws/install/rover_perception_msgs/include/rover_perception_msgs/rover_perception_msgs/msg/detail/terrain_grid__struct.h\n'}
[4.815458] (rover_perception_msgs) StdoutLine: {'line': b'-- Up-to-date: /workspaces/IRS_Rover_ROS2_Workspace/rover_ws/install/rover_perception_msgs/include/rover_perception_msgs/rover_perception_msgs/msg/detail/terrain_grid__functions.h\n'}
[4.817048] (rover_perception_msgs) StdoutLine: {'line': b'-- Up-to-date: /workspaces/IRS_Rover_ROS2_Workspace/rover_ws/install/rover_perception_msgs/include/rover_perception_msgs/rover_perception_msgs/msg/detail/led_detection_array__type_support.h\n'}
[4.819530] (rover_perception_msgs) StdoutLine: {'line': b'-- Up-to-date: /workspaces/IRS_Rover_ROS2_Workspace/rover_ws/install/rover_perception_msgs/include/rover_perception_msgs/rover_perception_msgs/msg/detail/led_detection_array__functions.c\n'}
[4.820888] (rover_perception_msgs) StdoutLine: {'line': b'-- Up-to-date: /workspaces/IRS_Rover_ROS2_Workspace/rover_ws/install/rover_perception_msgs/include/rover_perception_msgs/rover_perception_msgs/msg/detail/led_detection__functions.c\n'}
[4.824461] (rover_perception_msgs) StdoutLine: {'line': b'-- Up-to-date: /workspaces/IRS_Rover_ROS2_Workspace/rover_ws/install/rover_perception_msgs/include/rover_perception_msgs/rover_perception_msgs/msg/led_detection.h\n'}
[4.825736] (rover_perception_msgs) StdoutLine: {'line': b'-- Up-to-date: /workspaces/IRS_Rover_ROS2_Workspace/rover_ws/install/rover_perception_msgs/share/rover_perception_msgs/environment/library_path.sh\n'}
[4.828865] (rover_perception_msgs) StdoutLine: {'line': b'-- Up-to-date: /workspaces/IRS_Rover_ROS2_Workspace/rover_ws/install/rover_perception_msgs/share/rover_perception_msgs/environment/library_path.dsv\n'}
[4.831633] (rover_perception_msgs) StdoutLine: {'line': b'-- Up-to-date: /workspaces/IRS_Rover_ROS2_Workspace/rover_ws/install/rover_perception_msgs/lib/librover_perception_msgs__rosidl_generator_c.so\n'}
[4.833219] (rover_perception_msgs) StdoutLine: {'line': b'-- Up-to-date: /workspaces/IRS_Rover_ROS2_Workspace/rover_ws/install/rover_perception_msgs/include/rover_perception_msgs/rover_perception_msgs\n'}
[4.835083] (rover_control_msgs) StdoutLine: {'line': b'[ 89%] Built target rover_control_msgs__rosidl_generator_py\n'}
[4.837009] (rover_perception_msgs) StdoutLine: {'line': b'-- Up-to-date: /workspaces/IRS_Rover_ROS2_Workspace/rover_ws/install/rover_perception_msgs/include/rover_perception_msgs/rover_perception_msgs/msg\n'}
[4.839678] (rover_perception_msgs) StdoutLine: {'line': b'-- Up-to-date: /workspaces/IRS_Rover_ROS2_Workspace/rover_ws/install/rover_perception_msgs/include/rover_perception_msgs/rover_perception_msgs/msg/detail\n'}
[4.841665] (rover_perception_msgs) StdoutLine: {'line': b'-- Up-to-date: /workspaces/IRS_Rover_ROS2_Workspace/rover_ws/install/rover_perception_msgs/include/rover_perception_msgs/rover_perception_msgs/msg/detail/led_detection__rosidl_typesupport_fastrtps_c.h\n'}
[4.844422] (rover_perception_msgs) StdoutLine: {'line': b'-- Up-to-date: /workspaces/IRS_Rover_ROS2_Workspace/rover_ws/install/rover_perception_msgs/include/rover_perception_msgs/rover_perception_msgs/msg/detail/led_detection_array__rosidl_typesupport_fastrtps_c.h\n'}
[4.846063] (rover_perception_msgs) StdoutLine: {'line': b'-- Up-to-date: /workspaces/IRS_Rover_ROS2_Workspace/rover_ws/install/rover_perception_msgs/include/rover_perception_msgs/rover_perception_msgs/msg/detail/terrain_grid__rosidl_typesupport_fastrtps_c.h\n'}
[4.848719] (rover_perception_msgs) StdoutLine: {'line': b'-- Up-to-date: /workspaces/IRS_Rover_ROS2_Workspace/rover_ws/install/rover_perception_msgs/include/rover_perception_msgs/rover_perception_msgs/msg/rosidl_typesupport_fastrtps_c__visibility_control.h\n'}
[4.850642] (rover_perception_msgs) StdoutLine: {'line': b'-- Up-to-date: /workspaces/IRS_Rover_ROS2_Workspace/rover_ws/install/rover_perception_msgs/lib/librover_perception_msgs__rosidl_typesupport_fastrtps_c.so\n'}
[4.852460] (rover_perception_msgs) StdoutLine: {'line': b'-- Up-to-date: /workspaces/IRS_Rover_ROS2_Workspace/rover_ws/install/rover_perception_msgs/include/rover_perception_msgs/rover_perception_msgs\n'}
[4.854339] (rover_perception_msgs) StdoutLine: {'line': b'-- Up-to-date: /workspaces/IRS_Rover_ROS2_Workspace/rover_ws/install/rover_perception_msgs/include/rover_perception_msgs/rover_perception_msgs/msg\n'}
[4.856924] (rover_perception_msgs) StdoutLine: {'line': b'-- Up-to-date: /workspaces/IRS_Rover_ROS2_Workspace/rover_ws/install/rover_perception_msgs/include/rover_perception_msgs/rover_perception_msgs/msg/detail\n'}
[4.859083] (rover_perception_msgs) StdoutLine: {'line': b'-- Up-to-date: /workspaces/IRS_Rover_ROS2_Workspace/rover_ws/install/rover_perception_msgs/include/rover_perception_msgs/rover_perception_msgs/msg/detail/led_detection__type_support.c\n'}
[4.860620] (-) TimerEvent: {}
[4.861020] (rover_perception_msgs) StdoutLine: {'line': b'-- Up-to-date: /workspaces/IRS_Rover_ROS2_Workspace/rover_ws/install/rover_perception_msgs/include/rover_perception_msgs/rover_perception_msgs/msg/detail/terrain_grid__rosidl_typesupport_introspection_c.h\n'}
[4.862686] (rover_perception_msgs) StdoutLine: {'line': b'-- Up-to-date: /workspaces/IRS_Rover_ROS2_Workspace/rover_ws/install/rover_perception_msgs/include/rover_perception_msgs/rover_perception_msgs/msg/detail/led_detection_array__type_support.c\n'}
[4.864769] (rover_perception_msgs) StdoutLine: {'line': b'-- Up-to-date: /workspaces/IRS_Rover_ROS2_Workspace/rover_ws/install/rover_perception_msgs/include/rover_perception_msgs/rover_perception_msgs/msg/detail/led_detection__rosidl_typesupport_introspection_c.h\n'}
[4.866648] (rover_perception_msgs) StdoutLine: {'line': b'-- Up-to-date: /workspaces/IRS_Rover_ROS2_Workspace/rover_ws/install/rover_perception_msgs/include/rover_perception_msgs/rover_perception_msgs/msg/detail/terrain_grid__type_support.c\n'}
[4.869167] (rover_perception_msgs) StdoutLine: {'line': b'-- Up-to-date: /workspaces/IRS_Rover_ROS2_Workspace/rover_ws/install/rover_perception_msgs/include/rover_perception_msgs/rover_perception_msgs/msg/detail/led_detection_array__rosidl_typesupport_introspection_c.h\n'}
[4.870481] (rover_perception_msgs) StdoutLine: {'line': b'-- Up-to-date: /workspaces/IRS_Rover_ROS2_Workspace/rover_ws/install/rover_perception_msgs/include/rover_perception_msgs/rover_perception_msgs/msg/rosidl_typesupport_introspection_c__visibility_control.h\n'}
[4.873235] (rover_perception_msgs) StdoutLine: {'line': b'-- Up-to-date: /workspaces/IRS_Rover_ROS2_Workspace/rover_ws/install/rover_perception_msgs/lib/librover_perception_msgs__rosidl_typesupport_introspection_c.so\n'}
[4.879485] (rover_perception_msgs) StdoutLine: {'line': b'-- Up-to-date: /workspaces/IRS_Rover_ROS2_Workspace/rover_ws/install/rover_perception_msgs/lib/librover_perception_msgs__rosidl_typesupport_c.so\n'}
[4.883435] (rover_perception_msgs) StdoutLine: {'line': b'-- Up-to-date: /workspaces/IRS_Rover_ROS2_Workspace/rover_ws/install/rover_perception_msgs/include/rover_perception_msgs/rover_perception_msgs\n'}
[4.889390] (rover_perception_msgs) StdoutLine: {'line': b'-- Up-to-date: /workspaces/IRS_Rover_ROS2_Workspace/rover_ws/install/rover_perception_msgs/include/rover_perception_msgs/rover_perception_msgs/msg\n'}
[4.893084] (rover_perception_msgs) StdoutLine: {'line': b'-- Up-to-date: /workspaces/IRS_Rover_ROS2_Workspace/rover_ws/install/rover_perception_msgs/include/rover_perception_msgs/rover_perception_msgs/msg/terrain_grid.hpp\n'}
[4.894747] (rover_perception_msgs) StdoutLine: {'line': b'-- Up-to-date: /workspaces/IRS_Rover_ROS2_Workspace/rover_ws/install/rover_perception_msgs/include/rover_perception_msgs/rover_perception_msgs/msg/led_detection_array.hpp\n'}
[4.896632] (rover_perception_msgs) StdoutLine: {'line': b'-- Up-to-date: /workspaces/IRS_Rover_ROS2_Workspace/rover_ws/install/rover_perception_msgs/include/rover_perception_msgs/rover_perception_msgs/msg/led_detection.hpp\n'}
[4.899514] (rover_perception_msgs) StdoutLine: {'line': b'-- Up-to-date: /workspaces/IRS_Rover_ROS2_Workspace/rover_ws/install/rover_perception_msgs/include/rover_perception_msgs/rover_perception_msgs/msg/detail\n'}
[4.903451] (rover_perception_msgs) StdoutLine: {'line': b'-- Up-to-date: /workspaces/IRS_Rover_ROS2_Workspace/rover_ws/install/rover_perception_msgs/include/rover_perception_msgs/rover_perception_msgs/msg/detail/led_detection_array__traits.hpp\n'}
[4.906593] (rover_perception_msgs) StdoutLine: {'line': b'-- Up-to-date: /workspaces/IRS_Rover_ROS2_Workspace/rover_ws/install/rover_perception_msgs/include/rover_perception_msgs/rover_perception_msgs/msg/detail/terrain_grid__type_support.hpp\n'}
[4.908922] (rover_perception_msgs) StdoutLine: {'line': b'-- Up-to-date: /workspaces/IRS_Rover_ROS2_Workspace/rover_ws/install/rover_perception_msgs/include/rover_perception_msgs/rover_perception_msgs/msg/detail/led_detection__struct.hpp\n'}
[4.910789] (rover_perception_msgs) StdoutLine: {'line': b'-- Up-to-date: /workspaces/IRS_Rover_ROS2_Workspace/rover_ws/install/rover_perception_msgs/include/rover_perception_msgs/rover_perception_msgs/msg/detail/terrain_grid__builder.hpp\n'}
[4.912898] (rover_perception_msgs) StdoutLine: {'line': b'-- Up-to-date: /workspaces/IRS_Rover_ROS2_Workspace/rover_ws/install/rover_perception_msgs/include/rover_perception_msgs/rover_perception_msgs/msg/detail/led_detection_array__type_support.hpp\n'}
[4.914803] (rover_perception_msgs) StdoutLine: {'line': b'-- Up-to-date: /workspaces/IRS_Rover_ROS2_Workspace/rover_ws/install/rover_perception_msgs/include/rover_perception_msgs/rover_perception_msgs/msg/detail/terrain_grid__traits.hpp\n'}
[4.916734] (rover_perception_msgs) StdoutLine: {'line': b'-- Up-to-date: /workspaces/IRS_Rover_ROS2_Workspace/rover_ws/install/rover_perception_msgs/include/rover_perception_msgs/rover_perception_msgs/msg/detail/led_detection__builder.hpp\n'}
[4.918182] (rover_perception_msgs) StdoutLine: {'line': b'-- Up-to-date: /workspaces/IRS_Rover_ROS2_Workspace/rover_ws/install/rover_perception_msgs/include/rover_perception_msgs/rover_perception_msgs/msg/detail/led_detection_array__struct.hpp\n'}
[4.920908] (rover_perception_msgs) StdoutLine: {'line': b'-- Up-to-date: /workspaces/IRS_Rover_ROS2_Workspace/rover_ws/install/rover_perception_msgs/include/rover_perception_msgs/rover_perception_msgs/msg/detail/led_detection_array__builder.hpp\n'}
[4.922164] (rover_perception_msgs) StdoutLine: {'line': b'-- Up-to-date: /workspaces/IRS_Rover_ROS2_Workspace/rover_ws/install/rover_perception_msgs/include/rover_perception_msgs/rover_perception_msgs/msg/detail/led_detection__traits.hpp\n'}
[4.923549] (rover_perception_msgs) StdoutLine: {'line': b'-- Up-to-date: /workspaces/IRS_Rover_ROS2_Workspace/rover_ws/install/rover_perception_msgs/include/rover_perception_msgs/rover_perception_msgs/msg/detail/terrain_grid__struct.hpp\n'}
[4.926798] (rover_perception_msgs) StdoutLine: {'line': b'-- Up-to-date: /workspaces/IRS_Rover_ROS2_Workspace/rover_ws/install/rover_perception_msgs/include/rover_perception_msgs/rover_perception_msgs/msg/detail/led_detection__type_support.hpp\n'}
[4.929951] (rover_perception_msgs) StdoutLine: {'line': b'-- Up-to-date: /workspaces/IRS_Rover_ROS2_Workspace/rover_ws/install/rover_perception_msgs/include/rover_perception_msgs/rover_perception_msgs/msg/rosidl_generator_cpp__visibility_control.hpp\n'}
[4.933551] (rover_perception_msgs) StdoutLine: {'line': b'-- Up-to-date: /workspaces/IRS_Rover_ROS2_Workspace/rover_ws/install/rover_perception_msgs/include/rover_perception_msgs/rover_perception_msgs\n'}
[4.935652] (rover_perception_msgs) StdoutLine: {'line': b'-- Up-to-date: /workspaces/IRS_Rover_ROS2_Workspace/rover_ws/install/rover_perception_msgs/include/rover_perception_msgs/rover_perception_msgs/msg\n'}
[4.937519] (rover_perception_msgs) StdoutLine: {'line': b'-- Up-to-date: /workspaces/IRS_Rover_ROS2_Workspace/rover_ws/install/rover_perception_msgs/include/rover_perception_msgs/rover_perception_msgs/msg/rosidl_typesupport_fastrtps_cpp__visibility_control.h\n'}
[4.939818] (rover_perception_msgs) StdoutLine: {'line': b'-- Up-to-date: /workspaces/IRS_Rover_ROS2_Workspace/rover_ws/install/rover_perception_msgs/include/rover_perception_msgs/rover_perception_msgs/msg/detail\n'}
[4.943493] (rover_perception_msgs) StdoutLine: {'line': b'-- Up-to-date: /workspaces/IRS_Rover_ROS2_Workspace/rover_ws/install/rover_perception_msgs/include/rover_perception_msgs/rover_perception_msgs/msg/detail/terrain_grid__rosidl_typesupport_fastrtps_cpp.hpp\n'}
[4.945036] (rover_perception_msgs) StdoutLine: {'line': b'-- Up-to-date: /workspaces/IRS_Rover_ROS2_Workspace/rover_ws/install/rover_perception_msgs/include/rover_perception_msgs/rover_perception_msgs/msg/detail/led_detection_array__rosidl_typesupport_fastrtps_cpp.hpp\n'}
[4.946307] (rover_perception_msgs) StdoutLine: {'line': b'-- Up-to-date: /workspaces/IRS_Rover_ROS2_Workspace/rover_ws/install/rover_perception_msgs/include/rover_perception_msgs/rover_perception_msgs/msg/detail/dds_fastrtps\n'}
[4.949445] (rover_perception_msgs) StdoutLine: {'line': b'-- Up-to-date: /workspaces/IRS_Rover_ROS2_Workspace/rover_ws/install/rover_perception_msgs/include/rover_perception_msgs/rover_perception_msgs/msg/detail/led_detection__rosidl_typesupport_fastrtps_cpp.hpp\n'}
[4.953094] (rover_perception_msgs) StdoutLine: {'line': b'-- Up-to-date: /workspaces/IRS_Rover_ROS2_Workspace/rover_ws/install/rover_perception_msgs/lib/librover_perception_msgs__rosidl_typesupport_fastrtps_cpp.so\n'}
[4.960295] (rover_perception_msgs) StdoutLine: {'line': b'-- Up-to-date: /workspaces/IRS_Rover_ROS2_Workspace/rover_ws/install/rover_perception_msgs/include/rover_perception_msgs/rover_perception_msgs\n'}
[4.965215] (-) TimerEvent: {}
[4.967283] (rover_perception_msgs) StdoutLine: {'line': b'-- Up-to-date: /workspaces/IRS_Rover_ROS2_Workspace/rover_ws/install/rover_perception_msgs/include/rover_perception_msgs/rover_perception_msgs/msg\n'}
[4.972400] (rover_perception_msgs) StdoutLine: {'line': b'-- Up-to-date: /workspaces/IRS_Rover_ROS2_Workspace/rover_ws/install/rover_perception_msgs/include/rover_perception_msgs/rover_perception_msgs/msg/detail\n'}
[4.975426] (rover_perception_msgs) StdoutLine: {'line': b'-- Up-to-date: /workspaces/IRS_Rover_ROS2_Workspace/rover_ws/install/rover_perception_msgs/include/rover_perception_msgs/rover_perception_msgs/msg/detail/led_detection_array__rosidl_typesupport_introspection_cpp.hpp\n'}
[4.978225] (rover_perception_msgs) StdoutLine: {'line': b'-- Up-to-date: /workspaces/IRS_Rover_ROS2_Workspace/rover_ws/install/rover_perception_msgs/include/rover_perception_msgs/rover_perception_msgs/msg/detail/led_detection__type_support.cpp\n'}
[4.981300] (rover_perception_msgs) StdoutLine: {'line': b'-- Up-to-date: /workspaces/IRS_Rover_ROS2_Workspace/rover_ws/install/rover_perception_msgs/include/rover_perception_msgs/rover_perception_msgs/msg/detail/led_detection__rosidl_typesupport_introspection_cpp.hpp\n'}
[4.984646] (rover_perception_msgs) StdoutLine: {'line': b'-- Up-to-date: /workspaces/IRS_Rover_ROS2_Workspace/rover_ws/install/rover_perception_msgs/include/rover_perception_msgs/rover_perception_msgs/msg/detail/led_detection_array__type_support.cpp\n'}
[4.987096] (rover_perception_msgs) StdoutLine: {'line': b'-- Up-to-date: /workspaces/IRS_Rover_ROS2_Workspace/rover_ws/install/rover_perception_msgs/include/rover_perception_msgs/rover_perception_msgs/msg/detail/terrain_grid__type_support.cpp\n'}
[4.989724] (rover_perception_msgs) StdoutLine: {'line': b'-- Up-to-date: /workspaces/IRS_Rover_ROS2_Workspace/rover_ws/install/rover_perception_msgs/include/rover_perception_msgs/rover_perception_msgs/msg/detail/terrain_grid__rosidl_typesupport_introspection_cpp.hpp\n'}
[4.993748] (rover_perception_msgs) StdoutLine: {'line': b'-- Up-to-date: /workspaces/IRS_Rover_ROS2_Workspace/rover_ws/install/rover_perception_msgs/lib/librover_perception_msgs__rosidl_typesupport_introspection_cpp.so\n'}
[5.002062] (rover_perception_msgs) StdoutLine: {'line': b'-- Up-to-date: /workspaces/IRS_Rover_ROS2_Workspace/rover_ws/install/rover_perception_msgs/lib/librover_perception_msgs__rosidl_typesupport_cpp.so\n'}
[5.006836] (rover_perception_msgs) StdoutLine: {'line': b'-- Up-to-date: /workspaces/IRS_Rover_ROS2_Workspace/rover_ws/install/rover_perception_msgs/share/rover_perception_msgs/environment/pythonpath.sh\n'}
[5.011170] (rover_perception_msgs) StdoutLine: {'line': b'-- Up-to-date: /workspaces/IRS_Rover_ROS2_Workspace/rover_ws/install/rover_perception_msgs/share/rover_perception_msgs/environment/pythonpath.dsv\n'}
[5.013820] (rover_perception_msgs) StdoutLine: {'line': b'-- Up-to-date: /workspaces/IRS_Rover_ROS2_Workspace/rover_ws/install/rover_perception_msgs/local/lib/python3.10/dist-packages/rover_perception_msgs-0.0.0-py3.10.egg-info\n'}
[5.017095] (rover_perception_msgs) StdoutLine: {'line': b'-- Installing: /workspaces/IRS_Rover_ROS2_Workspace/rover_ws/install/rover_perception_msgs/local/lib/python3.10/dist-packages/rover_perception_msgs-0.0.0-py3.10.egg-info/PKG-INFO\n'}
[5.025644] (rover_perception_msgs) StdoutLine: {'line': b'-- Installing: /workspaces/IRS_Rover_ROS2_Workspace/rover_ws/install/rover_perception_msgs/local/lib/python3.10/dist-packages/rover_perception_msgs-0.0.0-py3.10.egg-info/SOURCES.txt\n'}
[5.043543] (rover_control_msgs) StdoutLine: {'line': b'[ 89%] Built target ament_cmake_python_build_rover_control_msgs_egg\n'}
[5.050654] (rover_perception_msgs) StdoutLine: {'line': b'-- Installing: /workspaces/IRS_Rover_ROS2_Workspace/rover_ws/install/rover_perception_msgs/local/lib/python3.10/dist-packages/rover_perception_msgs-0.0.0-py3.10.egg-info/top_level.txt\n'}
[5.060744] (rover_perception_msgs) StdoutLine: {'line': b'-- Installing: /workspaces/IRS_Rover_ROS2_Workspace/rover_ws/install/rover_perception_msgs/local/lib/python3.10/dist-packages/rover_perception_msgs-0.0.0-py3.10.egg-info/dependency_links.txt\n'}
[5.066543] (-) TimerEvent: {}
[5.071355] (rover_perception_msgs) StdoutLine: {'line': b'-- Up-to-date: /workspaces/IRS_Rover_ROS2_Workspace/rover_ws/install/rover_perception_msgs/local/lib/python3.10/dist-packages/rover_perception_msgs\n'}
[5.075051] (rover_perception_msgs) StdoutLine: {'line': b'-- Up-to-date: /workspaces/IRS_Rover_ROS2_Workspace/rover_ws/install/rover_perception_msgs/local/lib/python3.10/dist-packages/rover_perception_msgs/_rover_perception_msgs_s.ep.rosidl_typesupport_introspection_c.c\n'}
[5.080497] (rover_perception_msgs) StdoutLine: {'line': b'-- Up-to-date: /workspaces/IRS_Rover_ROS2_Workspace/rover_ws/install/rover_perception_msgs/local/lib/python3.10/dist-packages/rover_perception_msgs/msg\n'}
[5.083280] (rover_perception_msgs) StdoutLine: {'line': b'-- Up-to-date: /workspaces/IRS_Rover_ROS2_Workspace/rover_ws/install/rover_perception_msgs/local/lib/python3.10/dist-packages/rover_perception_msgs/msg/_led_detection_array.py\n'}
[5.085946] (rover_perception_msgs) StdoutLine: {'line': b'-- Up-to-date: /workspaces/IRS_Rover_ROS2_Workspace/rover_ws/install/rover_perception_msgs/local/lib/python3.10/dist-packages/rover_perception_msgs/msg/__init__.py\n'}
[5.090189] (rover_perception_msgs) StdoutLine: {'line': b'-- Up-to-date: /workspaces/IRS_Rover_ROS2_Workspace/rover_ws/install/rover_perception_msgs/local/lib/python3.10/dist-packages/rover_perception_msgs/msg/_led_detection_array_s.c\n'}
[5.092341] (rover_perception_msgs) StdoutLine: {'line': b'-- Up-to-date: /workspaces/IRS_Rover_ROS2_Workspace/rover_ws/install/rover_perception_msgs/local/lib/python3.10/dist-packages/rover_perception_msgs/msg/_led_detection_s.c\n'}
[5.096771] (rover_perception_msgs) StdoutLine: {'line': b'-- Up-to-date: /workspaces/IRS_Rover_ROS2_Workspace/rover_ws/install/rover_perception_msgs/local/lib/python3.10/dist-packages/rover_perception_msgs/msg/_terrain_grid.py\n'}
[5.103308] (rover_perception_msgs) StdoutLine: {'line': b'-- Up-to-date: /workspaces/IRS_Rover_ROS2_Workspace/rover_ws/install/rover_perception_msgs/local/lib/python3.10/dist-packages/rover_perception_msgs/msg/_terrain_grid_s.c\n'}
[5.109026] (rover_perception_msgs) StdoutLine: {'line': b'-- Up-to-date: /workspaces/IRS_Rover_ROS2_Workspace/rover_ws/install/rover_perception_msgs/local/lib/python3.10/dist-packages/rover_perception_msgs/msg/_led_detection.py\n'}
[5.113368] (rover_perception_msgs) StdoutLine: {'line': b'-- Up-to-date: /workspaces/IRS_Rover_ROS2_Workspace/rover_ws/install/rover_perception_msgs/local/lib/python3.10/dist-packages/rover_perception_msgs/rover_perception_msgs_s__rosidl_typesupport_c.cpython-310-x86_64-linux-gnu.so\n'}
[5.114753] (rover_perception_msgs) StdoutLine: {'line': b'-- Up-to-date: /workspaces/IRS_Rover_ROS2_Workspace/rover_ws/install/rover_perception_msgs/local/lib/python3.10/dist-packages/rover_perception_msgs/rover_perception_msgs_s__rosidl_typesupport_fastrtps_c.cpython-310-x86_64-linux-gnu.so\n'}
[5.116890] (rover_perception_msgs) StdoutLine: {'line': b'-- Up-to-date: /workspaces/IRS_Rover_ROS2_Workspace/rover_ws/install/rover_perception_msgs/local/lib/python3.10/dist-packages/rover_perception_msgs/__init__.py\n'}
[5.119567] (rover_perception_msgs) StdoutLine: {'line': b'-- Up-to-date: /workspaces/IRS_Rover_ROS2_Workspace/rover_ws/install/rover_perception_msgs/local/lib/python3.10/dist-packages/rover_perception_msgs/rover_perception_msgs_s__rosidl_typesupport_introspection_c.cpython-310-x86_64-linux-gnu.so\n'}
[5.121678] (rover_perception_msgs) StdoutLine: {'line': b'-- Up-to-date: /workspaces/IRS_Rover_ROS2_Workspace/rover_ws/install/rover_perception_msgs/local/lib/python3.10/dist-packages/rover_perception_msgs/_rover_perception_msgs_s.ep.rosidl_typesupport_fastrtps_c.c\n'}
[5.123661] (rover_perception_msgs) StdoutLine: {'line': b'-- Up-to-date: /workspaces/IRS_Rover_ROS2_Workspace/rover_ws/install/rover_perception_msgs/local/lib/python3.10/dist-packages/rover_perception_msgs/_rover_perception_msgs_s.ep.rosidl_typesupport_c.c\n'}
[5.125224] (rover_perception_msgs) StdoutLine: {'line': b'-- Up-to-date: /workspaces/IRS_Rover_ROS2_Workspace/rover_ws/install/rover_perception_msgs/local/lib/python3.10/dist-packages/rover_perception_msgs/librover_perception_msgs__rosidl_generator_py.so\n'}
[5.167488] (-) TimerEvent: {}
[5.227485] (rover_control_msgs) StdoutLine: {'line': b'[ 96%] Built target rover_control_msgs__rosidl_typesupport_c__pyext\n'}
[5.231505] (rover_control_msgs) StdoutLine: {'line': b'[100%] Built target rover_control_msgs__rosidl_typesupport_fastrtps_c__pyext\n'}
[5.233725] (rover_control_msgs) StdoutLine: {'line': b'[100%] Built target rover_control_msgs__rosidl_typesupport_introspection_c__pyext\n'}
[5.261444] (rover_perception_msgs) StdoutLine: {'line': b"Listing '/workspaces/IRS_Rover_ROS2_Workspace/rover_ws/install/rover_perception_msgs/local/lib/python3.10/dist-packages/rover_perception_msgs'...\n"}
[5.264798] (rover_perception_msgs) StdoutLine: {'line': b"Listing '/workspaces/IRS_Rover_ROS2_Workspace/rover_ws/install/rover_perception_msgs/local/lib/python3.10/dist-packages/rover_perception_msgs/msg'...\n"}
[5.268282] (-) TimerEvent: {}
[5.279043] (rover_perception_msgs) StdoutLine: {'line': b'-- Up-to-date: /workspaces/IRS_Rover_ROS2_Workspace/rover_ws/install/rover_perception_msgs/local/lib/python3.10/dist-packages/rover_perception_msgs/rover_perception_msgs_s__rosidl_typesupport_fastrtps_c.cpython-310-x86_64-linux-gnu.so\n'}
[5.289030] (rover_perception_msgs) StdoutLine: {'line': b'-- Up-to-date: /workspaces/IRS_Rover_ROS2_Workspace/rover_ws/install/rover_perception_msgs/local/lib/python3.10/dist-packages/rover_perception_msgs/rover_perception_msgs_s__rosidl_typesupport_introspection_c.cpython-310-x86_64-linux-gnu.so\n'}
[5.294536] (rover_perception_msgs) StdoutLine: {'line': b'-- Up-to-date: /workspaces/IRS_Rover_ROS2_Workspace/rover_ws/install/rover_perception_msgs/local/lib/python3.10/dist-packages/rover_perception_msgs/rover_perception_msgs_s__rosidl_typesupport_c.cpython-310-x86_64-linux-gnu.so\n'}
[5.302477] (rover_perception_msgs) StdoutLine: {'line': b'-- Up-to-date: /workspaces/IRS_Rover_ROS2_Workspace/rover_ws/install/rover_perception_msgs/lib/librover_perception_msgs__rosidl_generator_py.so\n'}
[5.306449] (rover_perception_msgs) StdoutLine: {'line': b'-- Up-to-date: /workspaces/IRS_Rover_ROS2_Workspace/rover_ws/install/rover_perception_msgs/share/ament_index/resource_index/rust_packages/rover_perception_msgs\n'}
[5.308248] (rover_perception_msgs) StdoutLine: {'line': b'-- Up-to-date: /workspaces/IRS_Rover_ROS2_Workspace/rover_ws/install/rover_perception_msgs/share/rover_perception_msgs/rust\n'}
[5.310234] (rover_perception_msgs) StdoutLine: {'line': b'-- Up-to-date: /workspaces/IRS_Rover_ROS2_Workspace/rover_ws/install/rover_perception_msgs/share/rover_perception_msgs/rust/Cargo.toml\n'}
[5.311835] (rover_perception_msgs) StdoutLine: {'line': b'-- Up-to-date: /workspaces/IRS_Rover_ROS2_Workspace/rover_ws/install/rover_perception_msgs/share/rover_perception_msgs/rust/build.rs\n'}
[5.313804] (rover_perception_msgs) StdoutLine: {'line': b'-- Up-to-date: /workspaces/IRS_Rover_ROS2_Workspace/rover_ws/install/rover_perception_msgs/share/rover_perception_msgs/rust/src\n'}
[5.315411] (rover_perception_msgs) StdoutLine: {'line': b'-- Up-to-date: /workspaces/IRS_Rover_ROS2_Workspace/rover_ws/install/rover_perception_msgs/share/rover_perception_msgs/rust/src/msg\n'}
[5.318293] (rover_perception_msgs) StdoutLine: {'line': b'-- Up-to-date: /workspaces/IRS_Rover_ROS2_Workspace/rover_ws/install/rover_perception_msgs/share/rover_perception_msgs/rust/src/msg/rmw.rs\n'}
[5.321868] (rover_perception_msgs) StdoutLine: {'line': b'-- Up-to-date: /workspaces/IRS_Rover_ROS2_Workspace/rover_ws/install/rover_perception_msgs/share/rover_perception_msgs/rust/src/lib.rs\n'}
[5.323546] (rover_perception_msgs) StdoutLine: {'line': b'-- Up-to-date: /workspaces/IRS_Rover_ROS2_Workspace/rover_ws/install/rover_perception_msgs/share/rover_perception_msgs/rust/src/msg.rs\n'}
[5.325163] (rover_perception_msgs) StdoutLine: {'line': b'-- Up-to-date: /workspaces/IRS_Rover_ROS2_Workspace/rover_ws/install/rover_perception_msgs/share/rover_perception_msgs/msg/TerrainGrid.idl\n'}
[5.328755] (rover_perception_msgs) StdoutLine: {'line': b'-- Up-to-date: /workspaces/IRS_Rover_ROS2_Workspace/rover_ws/install/rover_perception_msgs/share/rover_perception_msgs/msg/LedDetection.idl\n'}
[5.330832] (rover_perception_msgs) StdoutLine: {'line': b'-- Up-to-date: /workspaces/IRS_Rover_ROS2_Workspace/rover_ws/install/rover_perception_msgs/share/rover_perception_msgs/msg/LedDetectionArray.idl\n'}
[5.334795] (rover_perception_msgs) StdoutLine: {'line': b'-- Up-to-date: /workspaces/IRS_Rover_ROS2_Workspace/rover_ws/install/rover_perception_msgs/share/rover_perception_msgs/msg/TerrainGrid.msg\n'}
[5.338837] (rover_perception_msgs) StdoutLine: {'line': b'-- Up-to-date: /workspaces/IRS_Rover_ROS2_Workspace/rover_ws/install/rover_perception_msgs/share/rover_perception_msgs/msg/LedDetection.msg\n'}
[5.340599] (rover_perception_msgs) StdoutLine: {'line': b'-- Up-to-date: /workspaces/IRS_Rover_ROS2_Workspace/rover_ws/install/rover_perception_msgs/share/rover_perception_msgs/msg/LedDetectionArray.msg\n'}
[5.342447] (rover_perception_msgs) StdoutLine: {'line': b'-- Up-to-date: /workspaces/IRS_Rover_ROS2_Workspace/rover_ws/install/rover_perception_msgs/share/ament_index/resource_index/package_run_dependencies/rover_perception_msgs\n'}
[5.350436] (rover_control_msgs) CommandEnded: {'returncode': 0}
[5.354035] (rover_perception_msgs) StdoutLine: {'line': b'-- Up-to-date: /workspaces/IRS_Rover_ROS2_Workspace/rover_ws/install/rover_perception_msgs/share/ament_index/resource_index/parent_prefix_path/rover_perception_msgs\n'}
[5.355618] (rover_perception_msgs) StdoutLine: {'line': b'-- Up-to-date: /workspaces/IRS_Rover_ROS2_Workspace/rover_ws/install/rover_perception_msgs/share/rover_perception_msgs/environment/ament_prefix_path.sh\n'}
[5.357077] (rover_perception_msgs) StdoutLine: {'line': b'-- Up-to-date: /workspaces/IRS_Rover_ROS2_Workspace/rover_ws/install/rover_perception_msgs/share/rover_perception_msgs/environment/ament_prefix_path.dsv\n'}
[5.358834] (rover_perception_msgs) StdoutLine: {'line': b'-- Up-to-date: /workspaces/IRS_Rover_ROS2_Workspace/rover_ws/install/rover_perception_msgs/share/rover_perception_msgs/environment/path.sh\n'}
[5.360575] (rover_perception_msgs) StdoutLine: {'line': b'-- Up-to-date: /workspaces/IRS_Rover_ROS2_Workspace/rover_ws/install/rover_perception_msgs/share/rover_perception_msgs/environment/path.dsv\n'}
[5.361867] (rover_control_msgs) JobProgress: {'identifier': 'rover_control_msgs', 'progress': 'install'}
[5.362424] (rover_perception_msgs) StdoutLine: {'line': b'-- Up-to-date: /workspaces/IRS_Rover_ROS2_Workspace/rover_ws/install/rover_perception_msgs/share/rover_perception_msgs/local_setup.bash\n'}
[5.364149] (rover_control_msgs) Command: {'cmd': ['/usr/bin/cmake', '--install', '/workspaces/IRS_Rover_ROS2_Workspace/rover_ws/build/rover_control_msgs'], 'cwd': '/workspaces/IRS_Rover_ROS2_Workspace/rover_ws/build/rover_control_msgs', 'env': OrderedDict([('PYTHON_BASIC_REPL', '1'), ('HOSTNAME', '06335fee11bd'), ('GIT_ASKPASS', '/vscode/vscode-server/bin/linux-x64/4fe60c8b1cdac1c4c174f2fb180d0d758272d713/extensions/git/dist/askpass.sh'), ('SHLVL', '2'), ('LD_LIBRARY_PATH', '/workspaces/IRS_Rover_ROS2_Workspace/rover_ws/install/rover_perception_msgs/lib:/workspaces/IRS_Rover_ROS2_Workspace/rover_ws/install/rover_control_msgs/lib:/opt/ros/humble/opt/rviz_ogre_vendor/lib:/opt/ros/humble/lib/x86_64-linux-gnu:/opt/ros/humble/lib'), ('BROWSER', '/vscode/vscode-server/bin/linux-x64/4fe60c8b1cdac1c4c174f2fb180d0d758272d713/bin/helpers/browser.sh'), ('HOME', '/root'), ('OLDPWD', '/workspaces/IRS_Rover_ROS2_Workspace'), ('TERM_PROGRAM_VERSION', '1.127.0'), ('VSCODE_IPC_HOOK_CLI', '/tmp/vscode-ipc-a7d8417a-84e0-4652-a058-401c79ab84d0.sock'), ('ROS_PYTHON_VERSION', '3'), ('VSCODE_GIT_ASKPASS_MAIN', '/vscode/vscode-server/bin/linux-x64/4fe60c8b1cdac1c4c174f2fb180d0d758272d713/extensions/git/dist/askpass-main.js'), ('VSCODE_GIT_ASKPASS_NODE', '/vscode/vscode-server/bin/linux-x64/4fe60c8b1cdac1c4c174f2fb180d0d758272d713/node'), ('PYDEVD_DISABLE_FILE_VALIDATION', '1'), ('BUNDLED_DEBUGPY_PATH', '/root/.vscode-server/extensions/ms-python.debugpy-2026.6.0-linux-x64/bundled/libs/debugpy'), ('VSCODE_PYTHON_AUTOACTIVATE_GUARD', '1'), ('COLORTERM', 'truecolor'), ('REMOTE_CONTAINERS', 'true'), ('COLCON_PREFIX_PATH', '/workspaces/IRS_Rover_ROS2_Workspace/rover_ws/install'), ('ROS_DISTRO', 'humble'), ('REMOTE_CONTAINERS_IPC', '/tmp/vscode-remote-containers-ipc-8556e27b-e216-450b-b0cc-1f8365397382.sock'), ('_', '/usr/bin/colcon'), ('ROS_VERSION', '2'), ('TERM', 'xterm-256color'), ('ROS_LOCALHOST_ONLY', '0'), ('PATH', '/root/.vscode-server/data/User/globalStorage/github.copilot-chat/debugCommand:/root/.vscode-server/data/User/globalStorage/github.copilot-chat/copilotCli:/vscode/vscode-server/bin/linux-x64/4fe60c8b1cdac1c4c174f2fb180d0d758272d713/bin/remote-cli:/opt/ros/humble/bin:/usr/local/sbin:/usr/local/bin:/usr/sbin:/usr/bin:/sbin:/bin:/root/.vscode-server/extensions/ms-python.debugpy-2026.6.0-linux-x64/bundled/scripts/noConfigScripts'), ('REMOTE_CONTAINERS_SOCKETS', '["/tmp/vscode-ssh-auth-8556e27b-e216-450b-b0cc-1f8365397382.sock"]'), ('VSCODE_DEBUGPY_ADAPTER_ENDPOINTS', '/root/.vscode-server/extensions/ms-python.debugpy-2026.6.0-linux-x64/.noConfigDebugAdapterEndpoints/endpoint-1e3a0fbd7d538503.txt'), ('LANG', 'C.UTF-8'), ('PYTHONSTARTUP', '/root/.vscode-server/data/User/workspaceStorage/7242e97d3df64538730a6ed5a855f433/ms-python.python/pythonrc.py'), ('LS_COLORS', 'rs=0:di=01;34:ln=01;36:mh=00:pi=40;33:so=01;35:do=01;35:bd=40;33;01:cd=40;33;01:or=40;31;01:mi=00:su=37;41:sg=30;43:ca=30;41:tw=30;42:ow=34;42:st=37;44:ex=01;32:*.tar=01;31:*.tgz=01;31:*.arc=01;31:*.arj=01;31:*.taz=01;31:*.lha=01;31:*.lz4=01;31:*.lzh=01;31:*.lzma=01;31:*.tlz=01;31:*.txz=01;31:*.tzo=01;31:*.t7z=01;31:*.zip=01;31:*.z=01;31:*.dz=01;31:*.gz=01;31:*.lrz=01;31:*.lz=01;31:*.lzo=01;31:*.xz=01;31:*.zst=01;31:*.tzst=01;31:*.bz2=01;31:*.bz=01;31:*.tbz=01;31:*.tbz2=01;31:*.tz=01;31:*.deb=01;31:*.rpm=01;31:*.jar=01;31:*.war=01;31:*.ear=01;31:*.sar=01;31:*.rar=01;31:*.alz=01;31:*.ace=01;31:*.zoo=01;31:*.cpio=01;31:*.7z=01;31:*.rz=01;31:*.cab=01;31:*.wim=01;31:*.swm=01;31:*.dwm=01;31:*.esd=01;31:*.jpg=01;35:*.jpeg=01;35:*.mjpg=01;35:*.mjpeg=01;35:*.gif=01;35:*.bmp=01;35:*.pbm=01;35:*.pgm=01;35:*.ppm=01;35:*.tga=01;35:*.xbm=01;35:*.xpm=01;35:*.tif=01;35:*.tiff=01;35:*.png=01;35:*.svg=01;35:*.svgz=01;35:*.mng=01;35:*.pcx=01;35:*.mov=01;35:*.mpg=01;35:*.mpeg=01;35:*.m2v=01;35:*.mkv=01;35:*.webm=01;35:*.webp=01;35:*.ogm=01;35:*.mp4=01;35:*.m4v=01;35:*.mp4v=01;35:*.vob=01;35:*.qt=01;35:*.nuv=01;35:*.wmv=01;35:*.asf=01;35:*.rm=01;35:*.rmvb=01;35:*.flc=01;35:*.avi=01;35:*.fli=01;35:*.flv=01;35:*.gl=01;35:*.dl=01;35:*.xcf=01;35:*.xwd=01;35:*.yuv=01;35:*.cgm=01;35:*.emf=01;35:*.ogv=01;35:*.ogx=01;35:*.aac=00;36:*.au=00;36:*.flac=00;36:*.m4a=00;36:*.mid=00;36:*.midi=00;36:*.mka=00;36:*.mp3=00;36:*.mpc=00;36:*.ogg=00;36:*.ra=00;36:*.wav=00;36:*.oga=00;36:*.opus=00;36:*.spx=00;36:*.xspf=00;36:'), ('VSCODE_GIT_IPC_HANDLE', '/tmp/vscode-git-bb8c1a7c35.sock'), ('TERM_PROGRAM', 'vscode'), ('SSH_AUTH_SOCK', '/tmp/vscode-ssh-auth-8556e27b-e216-450b-b0cc-1f8365397382.sock'), ('AMENT_PREFIX_PATH', '/workspaces/IRS_Rover_ROS2_Workspace/rover_ws/install/rover_perception_msgs:/workspaces/IRS_Rover_ROS2_Workspace/rover_ws/install/rover_stereocam:/workspaces/IRS_Rover_ROS2_Workspace/rover_ws/install/rover_perception:/workspaces/IRS_Rover_ROS2_Workspace/rover_ws/install/rover_lidar:/workspaces/IRS_Rover_ROS2_Workspace/rover_ws/install/rover_control_msgs:/workspaces/IRS_Rover_ROS2_Workspace/rover_ws/install/rover_control:/opt/ros/humble'), ('SHELL', '/bin/bash'), ('VSCODE_GIT_ASKPASS_EXTRA_ARGS', ''), ('PWD', '/workspaces/IRS_Rover_ROS2_Workspace/rover_ws/build/rover_control_msgs'), ('LC_ALL', 'C.UTF-8'), ('COPILOT_DEBUG_NONCE', 'ebb28b2f47a55d9f123b03f75e673fb9'), ('PYTHONPATH', '/workspaces/IRS_Rover_ROS2_Workspace/rover_ws/install/rover_perception_msgs/local/lib/python3.10/dist-packages:/workspaces/IRS_Rover_ROS2_Workspace/rover_ws/install/rover_stereocam/lib/python3.10/site-packages:/workspaces/IRS_Rover_ROS2_Workspace/rover_ws/install/rover_perception/lib/python3.10/site-packages:/workspaces/IRS_Rover_ROS2_Workspace/rover_ws/install/rover_lidar/lib/python3.10/site-packages:/workspaces/IRS_Rover_ROS2_Workspace/rover_ws/install/rover_control_msgs/local/lib/python3.10/dist-packages:/workspaces/IRS_Rover_ROS2_Workspace/rover_ws/install/rover_control/lib/python3.10/site-packages:/opt/ros/humble/lib/python3.10/site-packages:/opt/ros/humble/local/lib/python3.10/dist-packages'), ('COLCON', '1'), ('CMAKE_PREFIX_PATH', '/workspaces/IRS_Rover_ROS2_Workspace/rover_ws/install/rover_perception_msgs:/workspaces/IRS_Rover_ROS2_Workspace/rover_ws/install/rover_control_msgs:/workspaces/IRS_Rover_ROS2_Workspace/rover_ws/install/rover_stereocam:/workspaces/IRS_Rover_ROS2_Workspace/rover_ws/install/rover_perception:/workspaces/IRS_Rover_ROS2_Workspace/rover_ws/install/rover_lidar:/workspaces/IRS_Rover_ROS2_Workspace/rover_ws/install/rover_control:/opt/ros/humble')]), 'shell': False}
[5.367270] (rover_perception_msgs) StdoutLine: {'line': b'-- Up-to-date: /workspaces/IRS_Rover_ROS2_Workspace/rover_ws/install/rover_perception_msgs/share/rover_perception_msgs/local_setup.sh\n'}
[5.369353] (-) TimerEvent: {}
[5.370180] (rover_perception_msgs) StdoutLine: {'line': b'-- Up-to-date: /workspaces/IRS_Rover_ROS2_Workspace/rover_ws/install/rover_perception_msgs/share/rover_perception_msgs/local_setup.zsh\n'}
[5.371766] (rover_perception_msgs) StdoutLine: {'line': b'-- Up-to-date: /workspaces/IRS_Rover_ROS2_Workspace/rover_ws/install/rover_perception_msgs/share/rover_perception_msgs/local_setup.dsv\n'}
[5.373474] (rover_perception_msgs) StdoutLine: {'line': b'-- Installing: /workspaces/IRS_Rover_ROS2_Workspace/rover_ws/install/rover_perception_msgs/share/rover_perception_msgs/package.dsv\n'}
[5.374915] (rover_perception_msgs) StdoutLine: {'line': b'-- Up-to-date: /workspaces/IRS_Rover_ROS2_Workspace/rover_ws/install/rover_perception_msgs/share/ament_index/resource_index/packages/rover_perception_msgs\n'}
[5.376428] (rover_perception_msgs) StdoutLine: {'line': b'-- Up-to-date: /workspaces/IRS_Rover_ROS2_Workspace/rover_ws/install/rover_perception_msgs/share/rover_perception_msgs/cmake/export_rover_perception_msgs__rosidl_generator_cExport.cmake\n'}
[5.378537] (rover_perception_msgs) StdoutLine: {'line': b'-- Up-to-date: /workspaces/IRS_Rover_ROS2_Workspace/rover_ws/install/rover_perception_msgs/share/rover_perception_msgs/cmake/export_rover_perception_msgs__rosidl_generator_cExport-noconfig.cmake\n'}
[5.381068] (rover_perception_msgs) StdoutLine: {'line': b'-- Up-to-date: /workspaces/IRS_Rover_ROS2_Workspace/rover_ws/install/rover_perception_msgs/share/rover_perception_msgs/cmake/export_rover_perception_msgs__rosidl_typesupport_fastrtps_cExport.cmake\n'}
[5.383095] (rover_perception_msgs) StdoutLine: {'line': b'-- Up-to-date: /workspaces/IRS_Rover_ROS2_Workspace/rover_ws/install/rover_perception_msgs/share/rover_perception_msgs/cmake/export_rover_perception_msgs__rosidl_typesupport_fastrtps_cExport-noconfig.cmake\n'}
[5.385538] (rover_perception_msgs) StdoutLine: {'line': b'-- Up-to-date: /workspaces/IRS_Rover_ROS2_Workspace/rover_ws/install/rover_perception_msgs/share/rover_perception_msgs/cmake/rover_perception_msgs__rosidl_typesupport_introspection_cExport.cmake\n'}
[5.387541] (rover_perception_msgs) StdoutLine: {'line': b'-- Up-to-date: /workspaces/IRS_Rover_ROS2_Workspace/rover_ws/install/rover_perception_msgs/share/rover_perception_msgs/cmake/rover_perception_msgs__rosidl_typesupport_introspection_cExport-noconfig.cmake\n'}
[5.389382] (rover_perception_msgs) StdoutLine: {'line': b'-- Up-to-date: /workspaces/IRS_Rover_ROS2_Workspace/rover_ws/install/rover_perception_msgs/share/rover_perception_msgs/cmake/rover_perception_msgs__rosidl_typesupport_cExport.cmake\n'}
[5.390849] (rover_perception_msgs) StdoutLine: {'line': b'-- Up-to-date: /workspaces/IRS_Rover_ROS2_Workspace/rover_ws/install/rover_perception_msgs/share/rover_perception_msgs/cmake/rover_perception_msgs__rosidl_typesupport_cExport-noconfig.cmake\n'}
[5.392172] (rover_perception_msgs) StdoutLine: {'line': b'-- Up-to-date: /workspaces/IRS_Rover_ROS2_Workspace/rover_ws/install/rover_perception_msgs/share/rover_perception_msgs/cmake/export_rover_perception_msgs__rosidl_generator_cppExport.cmake\n'}
[5.393968] (rover_perception_msgs) StdoutLine: {'line': b'-- Up-to-date: /workspaces/IRS_Rover_ROS2_Workspace/rover_ws/install/rover_perception_msgs/share/rover_perception_msgs/cmake/export_rover_perception_msgs__rosidl_typesupport_fastrtps_cppExport.cmake\n'}
[5.395466] (rover_perception_msgs) StdoutLine: {'line': b'-- Up-to-date: /workspaces/IRS_Rover_ROS2_Workspace/rover_ws/install/rover_perception_msgs/share/rover_perception_msgs/cmake/export_rover_perception_msgs__rosidl_typesupport_fastrtps_cppExport-noconfig.cmake\n'}
[5.397094] (rover_perception_msgs) StdoutLine: {'line': b'-- Up-to-date: /workspaces/IRS_Rover_ROS2_Workspace/rover_ws/install/rover_perception_msgs/share/rover_perception_msgs/cmake/rover_perception_msgs__rosidl_typesupport_introspection_cppExport.cmake\n'}
[5.399036] (rover_perception_msgs) StdoutLine: {'line': b'-- Up-to-date: /workspaces/IRS_Rover_ROS2_Workspace/rover_ws/install/rover_perception_msgs/share/rover_perception_msgs/cmake/rover_perception_msgs__rosidl_typesupport_introspection_cppExport-noconfig.cmake\n'}
[5.402156] (rover_perception_msgs) StdoutLine: {'line': b'-- Up-to-date: /workspaces/IRS_Rover_ROS2_Workspace/rover_ws/install/rover_perception_msgs/share/rover_perception_msgs/cmake/rover_perception_msgs__rosidl_typesupport_cppExport.cmake\n'}
[5.405846] (rover_perception_msgs) StdoutLine: {'line': b'-- Up-to-date: /workspaces/IRS_Rover_ROS2_Workspace/rover_ws/install/rover_perception_msgs/share/rover_perception_msgs/cmake/rover_perception_msgs__rosidl_typesupport_cppExport-noconfig.cmake\n'}
[5.407861] (rover_perception_msgs) StdoutLine: {'line': b'-- Up-to-date: /workspaces/IRS_Rover_ROS2_Workspace/rover_ws/install/rover_perception_msgs/share/rover_perception_msgs/cmake/export_rover_perception_msgs__rosidl_generator_pyExport.cmake\n'}
[5.410551] (rover_perception_msgs) StdoutLine: {'line': b'-- Up-to-date: /workspaces/IRS_Rover_ROS2_Workspace/rover_ws/install/rover_perception_msgs/share/rover_perception_msgs/cmake/export_rover_perception_msgs__rosidl_generator_pyExport-noconfig.cmake\n'}
[5.412159] (rover_perception_msgs) StdoutLine: {'line': b'-- Up-to-date: /workspaces/IRS_Rover_ROS2_Workspace/rover_ws/install/rover_perception_msgs/share/rover_perception_msgs/cmake/rosidl_cmake-extras.cmake\n'}
[5.413642] (rover_perception_msgs) StdoutLine: {'line': b'-- Up-to-date: /workspaces/IRS_Rover_ROS2_Workspace/rover_ws/install/rover_perception_msgs/share/rover_perception_msgs/cmake/ament_cmake_export_dependencies-extras.cmake\n'}
[5.416067] (rover_perception_msgs) StdoutLine: {'line': b'-- Up-to-date: /workspaces/IRS_Rover_ROS2_Workspace/rover_ws/install/rover_perception_msgs/share/rover_perception_msgs/cmake/ament_cmake_export_include_directories-extras.cmake\n'}
[5.417771] (rover_perception_msgs) StdoutLine: {'line': b'-- Up-to-date: /workspaces/IRS_Rover_ROS2_Workspace/rover_ws/install/rover_perception_msgs/share/rover_perception_msgs/cmake/ament_cmake_export_libraries-extras.cmake\n'}
[5.421997] (rover_control_msgs) StdoutLine: {'line': b'-- Install configuration: ""\n'}
[5.423957] (rover_control_msgs) StdoutLine: {'line': b'-- Up-to-date: /workspaces/IRS_Rover_ROS2_Workspace/rover_ws/install/rover_control_msgs/share/ament_index/resource_index/rosidl_interfaces/rover_control_msgs\n'}
[5.426109] (rover_perception_msgs) StdoutLine: {'line': b'-- Up-to-date: /workspaces/IRS_Rover_ROS2_Workspace/rover_ws/install/rover_perception_msgs/share/rover_perception_msgs/cmake/ament_cmake_export_targets-extras.cmake\n'}
[5.427668] (rover_control_msgs) StdoutLine: {'line': b'-- Up-to-date: /workspaces/IRS_Rover_ROS2_Workspace/rover_ws/install/rover_control_msgs/include/rover_control_msgs/rover_control_msgs\n'}
[5.429519] (rover_perception_msgs) StdoutLine: {'line': b'-- Up-to-date: /workspaces/IRS_Rover_ROS2_Workspace/rover_ws/install/rover_perception_msgs/share/rover_perception_msgs/cmake/rosidl_cmake_export_typesupport_targets-extras.cmake\n'}
[5.432332] (rover_perception_msgs) StdoutLine: {'line': b'-- Up-to-date: /workspaces/IRS_Rover_ROS2_Workspace/rover_ws/install/rover_perception_msgs/share/rover_perception_msgs/cmake/rosidl_cmake_export_typesupport_libraries-extras.cmake\n'}
[5.433808] (rover_perception_msgs) StdoutLine: {'line': b'-- Up-to-date: /workspaces/IRS_Rover_ROS2_Workspace/rover_ws/install/rover_perception_msgs/share/rover_perception_msgs/cmake/rover_perception_msgsConfig.cmake\n'}
[5.435326] (rover_control_msgs) StdoutLine: {'line': b'-- Up-to-date: /workspaces/IRS_Rover_ROS2_Workspace/rover_ws/install/rover_control_msgs/include/rover_control_msgs/rover_control_msgs/msg\n'}
[5.436986] (rover_perception_msgs) StdoutLine: {'line': b'-- Up-to-date: /workspaces/IRS_Rover_ROS2_Workspace/rover_ws/install/rover_perception_msgs/share/rover_perception_msgs/cmake/rover_perception_msgsConfig-version.cmake\n'}
[5.438828] (rover_perception_msgs) StdoutLine: {'line': b'-- Up-to-date: /workspaces/IRS_Rover_ROS2_Workspace/rover_ws/install/rover_perception_msgs/share/rover_perception_msgs/package.xml\n'}
[5.440717] (rover_control_msgs) StdoutLine: {'line': b'-- Up-to-date: /workspaces/IRS_Rover_ROS2_Workspace/rover_ws/install/rover_control_msgs/include/rover_control_msgs/rover_control_msgs/msg/rosidl_generator_c__visibility_control.h\n'}
[5.442412] (rover_control_msgs) StdoutLine: {'line': b'-- Up-to-date: /workspaces/IRS_Rover_ROS2_Workspace/rover_ws/install/rover_control_msgs/include/rover_control_msgs/rover_control_msgs/msg/set_operational_mode.h\n'}
[5.443858] (rover_control_msgs) StdoutLine: {'line': b'-- Up-to-date: /workspaces/IRS_Rover_ROS2_Workspace/rover_ws/install/rover_control_msgs/include/rover_control_msgs/rover_control_msgs/msg/detail\n'}
[5.445718] (rover_control_msgs) StdoutLine: {'line': b'-- Up-to-date: /workspaces/IRS_Rover_ROS2_Workspace/rover_ws/install/rover_control_msgs/include/rover_control_msgs/rover_control_msgs/msg/detail/current_operational_mode__functions.h\n'}
[5.447570] (rover_control_msgs) StdoutLine: {'line': b'-- Up-to-date: /workspaces/IRS_Rover_ROS2_Workspace/rover_ws/install/rover_control_msgs/include/rover_control_msgs/rover_control_msgs/msg/detail/set_operational_mode__struct.h\n'}
[5.449694] (rover_control_msgs) StdoutLine: {'line': b'-- Up-to-date: /workspaces/IRS_Rover_ROS2_Workspace/rover_ws/install/rover_control_msgs/include/rover_control_msgs/rover_control_msgs/msg/detail/current_operational_mode__type_support.h\n'}
[5.451313] (rover_perception_msgs) CommandEnded: {'returncode': 0}
[5.453045] (rover_control_msgs) StdoutLine: {'line': b'-- Up-to-date: /workspaces/IRS_Rover_ROS2_Workspace/rover_ws/install/rover_control_msgs/include/rover_control_msgs/rover_control_msgs/msg/detail/set_operational_mode__functions.h\n'}
[5.454752] (rover_control_msgs) StdoutLine: {'line': b'-- Up-to-date: /workspaces/IRS_Rover_ROS2_Workspace/rover_ws/install/rover_control_msgs/include/rover_control_msgs/rover_control_msgs/msg/detail/operational_mode_settings__type_support.h\n'}
[5.455999] (rover_control_msgs) StdoutLine: {'line': b'-- Up-to-date: /workspaces/IRS_Rover_ROS2_Workspace/rover_ws/install/rover_control_msgs/include/rover_control_msgs/rover_control_msgs/msg/detail/operational_mode_settings__functions.h\n'}
[5.459266] (rover_control_msgs) StdoutLine: {'line': b'-- Up-to-date: /workspaces/IRS_Rover_ROS2_Workspace/rover_ws/install/rover_control_msgs/include/rover_control_msgs/rover_control_msgs/msg/detail/current_operational_mode__functions.c\n'}
[5.461464] (rover_control_msgs) StdoutLine: {'line': b'-- Up-to-date: /workspaces/IRS_Rover_ROS2_Workspace/rover_ws/install/rover_control_msgs/include/rover_control_msgs/rover_control_msgs/msg/detail/current_operational_mode__struct.h\n'}
[5.464151] (rover_control_msgs) StdoutLine: {'line': b'-- Up-to-date: /workspaces/IRS_Rover_ROS2_Workspace/rover_ws/install/rover_control_msgs/include/rover_control_msgs/rover_control_msgs/msg/detail/operational_mode_settings__struct.h\n'}
[5.465814] (rover_control_msgs) StdoutLine: {'line': b'-- Up-to-date: /workspaces/IRS_Rover_ROS2_Workspace/rover_ws/install/rover_control_msgs/include/rover_control_msgs/rover_control_msgs/msg/detail/set_operational_mode__type_support.h\n'}
[5.468063] (rover_control_msgs) StdoutLine: {'line': b'-- Up-to-date: /workspaces/IRS_Rover_ROS2_Workspace/rover_ws/install/rover_control_msgs/include/rover_control_msgs/rover_control_msgs/msg/detail/operational_mode_settings__functions.c\n'}
[5.471664] (-) TimerEvent: {}
[5.472562] (rover_control_msgs) StdoutLine: {'line': b'-- Up-to-date: /workspaces/IRS_Rover_ROS2_Workspace/rover_ws/install/rover_control_msgs/include/rover_control_msgs/rover_control_msgs/msg/detail/set_operational_mode__functions.c\n'}
[5.473920] (rover_control_msgs) StdoutLine: {'line': b'-- Up-to-date: /workspaces/IRS_Rover_ROS2_Workspace/rover_ws/install/rover_control_msgs/include/rover_control_msgs/rover_control_msgs/msg/current_operational_mode.h\n'}
[5.475356] (rover_control_msgs) StdoutLine: {'line': b'-- Up-to-date: /workspaces/IRS_Rover_ROS2_Workspace/rover_ws/install/rover_control_msgs/include/rover_control_msgs/rover_control_msgs/msg/operational_mode_settings.h\n'}
[5.478465] (rover_control_msgs) StdoutLine: {'line': b'-- Up-to-date: /workspaces/IRS_Rover_ROS2_Workspace/rover_ws/install/rover_control_msgs/include/rover_control_msgs/rover_control_msgs/srv\n'}
[5.480609] (rover_control_msgs) StdoutLine: {'line': b'-- Up-to-date: /workspaces/IRS_Rover_ROS2_Workspace/rover_ws/install/rover_control_msgs/include/rover_control_msgs/rover_control_msgs/srv/set_operational_mode.h\n'}
[5.483324] (rover_control_msgs) StdoutLine: {'line': b'-- Up-to-date: /workspaces/IRS_Rover_ROS2_Workspace/rover_ws/install/rover_control_msgs/include/rover_control_msgs/rover_control_msgs/srv/detail\n'}
[5.485539] (rover_control_msgs) StdoutLine: {'line': b'-- Up-to-date: /workspaces/IRS_Rover_ROS2_Workspace/rover_ws/install/rover_control_msgs/include/rover_control_msgs/rover_control_msgs/srv/detail/set_operational_mode__struct.h\n'}
[5.487331] (rover_control_msgs) StdoutLine: {'line': b'-- Up-to-date: /workspaces/IRS_Rover_ROS2_Workspace/rover_ws/install/rover_control_msgs/include/rover_control_msgs/rover_control_msgs/srv/detail/set_operational_mode__functions.h\n'}
[5.488449] (rover_control_msgs) StdoutLine: {'line': b'-- Up-to-date: /workspaces/IRS_Rover_ROS2_Workspace/rover_ws/install/rover_control_msgs/include/rover_control_msgs/rover_control_msgs/srv/detail/set_operational_mode__type_support.h\n'}
[5.489909] (rover_control_msgs) StdoutLine: {'line': b'-- Up-to-date: /workspaces/IRS_Rover_ROS2_Workspace/rover_ws/install/rover_control_msgs/include/rover_control_msgs/rover_control_msgs/srv/detail/set_operational_mode__functions.c\n'}
[5.491560] (rover_control_msgs) StdoutLine: {'line': b'-- Up-to-date: /workspaces/IRS_Rover_ROS2_Workspace/rover_ws/install/rover_control_msgs/share/rover_control_msgs/environment/library_path.sh\n'}
[5.494241] (rover_control_msgs) StdoutLine: {'line': b'-- Up-to-date: /workspaces/IRS_Rover_ROS2_Workspace/rover_ws/install/rover_control_msgs/share/rover_control_msgs/environment/library_path.dsv\n'}
[5.495958] (rover_control_msgs) StdoutLine: {'line': b'-- Up-to-date: /workspaces/IRS_Rover_ROS2_Workspace/rover_ws/install/rover_control_msgs/lib/librover_control_msgs__rosidl_generator_c.so\n'}
[5.497536] (rover_control_msgs) StdoutLine: {'line': b'-- Up-to-date: /workspaces/IRS_Rover_ROS2_Workspace/rover_ws/install/rover_control_msgs/include/rover_control_msgs/rover_control_msgs\n'}
[5.499906] (rover_control_msgs) StdoutLine: {'line': b'-- Up-to-date: /workspaces/IRS_Rover_ROS2_Workspace/rover_ws/install/rover_control_msgs/include/rover_control_msgs/rover_control_msgs/msg\n'}
[5.502500] (rover_control_msgs) StdoutLine: {'line': b'-- Up-to-date: /workspaces/IRS_Rover_ROS2_Workspace/rover_ws/install/rover_control_msgs/include/rover_control_msgs/rover_control_msgs/msg/detail\n'}
[5.504327] (rover_control_msgs) StdoutLine: {'line': b'-- Up-to-date: /workspaces/IRS_Rover_ROS2_Workspace/rover_ws/install/rover_control_msgs/include/rover_control_msgs/rover_control_msgs/msg/detail/operational_mode_settings__rosidl_typesupport_fastrtps_c.h\n'}
[5.507110] (rover_control_msgs) StdoutLine: {'line': b'-- Up-to-date: /workspaces/IRS_Rover_ROS2_Workspace/rover_ws/install/rover_control_msgs/include/rover_control_msgs/rover_control_msgs/msg/detail/set_operational_mode__rosidl_typesupport_fastrtps_c.h\n'}
[5.510491] (rover_control_msgs) StdoutLine: {'line': b'-- Up-to-date: /workspaces/IRS_Rover_ROS2_Workspace/rover_ws/install/rover_control_msgs/include/rover_control_msgs/rover_control_msgs/msg/detail/current_operational_mode__rosidl_typesupport_fastrtps_c.h\n'}
[5.513498] (rover_control_msgs) StdoutLine: {'line': b'-- Up-to-date: /workspaces/IRS_Rover_ROS2_Workspace/rover_ws/install/rover_control_msgs/include/rover_control_msgs/rover_control_msgs/msg/rosidl_typesupport_fastrtps_c__visibility_control.h\n'}
[5.514956] (rover_control_msgs) StdoutLine: {'line': b'-- Up-to-date: /workspaces/IRS_Rover_ROS2_Workspace/rover_ws/install/rover_control_msgs/include/rover_control_msgs/rover_control_msgs/srv\n'}
[5.517305] (rover_control_msgs) StdoutLine: {'line': b'-- Up-to-date: /workspaces/IRS_Rover_ROS2_Workspace/rover_ws/install/rover_control_msgs/include/rover_control_msgs/rover_control_msgs/srv/detail\n'}
[5.520526] (rover_control_msgs) StdoutLine: {'line': b'-- Up-to-date: /workspaces/IRS_Rover_ROS2_Workspace/rover_ws/install/rover_control_msgs/include/rover_control_msgs/rover_control_msgs/srv/detail/set_operational_mode__rosidl_typesupport_fastrtps_c.h\n'}
[5.521957] (rover_control_msgs) StdoutLine: {'line': b'-- Up-to-date: /workspaces/IRS_Rover_ROS2_Workspace/rover_ws/install/rover_control_msgs/lib/librover_control_msgs__rosidl_typesupport_fastrtps_c.so\n'}
[5.525003] (rover_control_msgs) StdoutLine: {'line': b'-- Up-to-date: /workspaces/IRS_Rover_ROS2_Workspace/rover_ws/install/rover_control_msgs/include/rover_control_msgs/rover_control_msgs\n'}
[5.527048] (rover_control_msgs) StdoutLine: {'line': b'-- Up-to-date: /workspaces/IRS_Rover_ROS2_Workspace/rover_ws/install/rover_control_msgs/include/rover_control_msgs/rover_control_msgs/msg\n'}
[5.529343] (rover_control_msgs) StdoutLine: {'line': b'-- Up-to-date: /workspaces/IRS_Rover_ROS2_Workspace/rover_ws/install/rover_control_msgs/include/rover_control_msgs/rover_control_msgs/msg/detail\n'}
[5.530597] (rover_control_msgs) StdoutLine: {'line': b'-- Up-to-date: /workspaces/IRS_Rover_ROS2_Workspace/rover_ws/install/rover_control_msgs/include/rover_control_msgs/rover_control_msgs/msg/detail/current_operational_mode__rosidl_typesupport_introspection_c.h\n'}
[5.532506] (rover_control_msgs) StdoutLine: {'line': b'-- Up-to-date: /workspaces/IRS_Rover_ROS2_Workspace/rover_ws/install/rover_control_msgs/include/rover_control_msgs/rover_control_msgs/msg/detail/set_operational_mode__rosidl_typesupport_introspection_c.h\n'}
[5.534574] (rover_control_msgs) StdoutLine: {'line': b'-- Up-to-date: /workspaces/IRS_Rover_ROS2_Workspace/rover_ws/install/rover_control_msgs/include/rover_control_msgs/rover_control_msgs/msg/detail/set_operational_mode__type_support.c\n'}
[5.538507] (rover_control_msgs) StdoutLine: {'line': b'-- Up-to-date: /workspaces/IRS_Rover_ROS2_Workspace/rover_ws/install/rover_control_msgs/include/rover_control_msgs/rover_control_msgs/msg/detail/operational_mode_settings__rosidl_typesupport_introspection_c.h\n'}
[5.542289] (rover_control_msgs) StdoutLine: {'line': b'-- Up-to-date: /workspaces/IRS_Rover_ROS2_Workspace/rover_ws/install/rover_control_msgs/include/rover_control_msgs/rover_control_msgs/msg/detail/current_operational_mode__type_support.c\n'}
[5.543741] (rover_control_msgs) StdoutLine: {'line': b'-- Up-to-date: /workspaces/IRS_Rover_ROS2_Workspace/rover_ws/install/rover_control_msgs/include/rover_control_msgs/rover_control_msgs/msg/detail/operational_mode_settings__type_support.c\n'}
[5.546327] (rover_control_msgs) StdoutLine: {'line': b'-- Up-to-date: /workspaces/IRS_Rover_ROS2_Workspace/rover_ws/install/rover_control_msgs/include/rover_control_msgs/rover_control_msgs/msg/rosidl_typesupport_introspection_c__visibility_control.h\n'}
[5.549453] (rover_control_msgs) StdoutLine: {'line': b'-- Up-to-date: /workspaces/IRS_Rover_ROS2_Workspace/rover_ws/install/rover_control_msgs/include/rover_control_msgs/rover_control_msgs/srv\n'}
[5.550706] (rover_control_msgs) StdoutLine: {'line': b'-- Up-to-date: /workspaces/IRS_Rover_ROS2_Workspace/rover_ws/install/rover_control_msgs/include/rover_control_msgs/rover_control_msgs/srv/detail\n'}
[5.552853] (rover_control_msgs) StdoutLine: {'line': b'-- Up-to-date: /workspaces/IRS_Rover_ROS2_Workspace/rover_ws/install/rover_control_msgs/include/rover_control_msgs/rover_control_msgs/srv/detail/set_operational_mode__rosidl_typesupport_introspection_c.h\n'}
[5.555512] (rover_control_msgs) StdoutLine: {'line': b'-- Up-to-date: /workspaces/IRS_Rover_ROS2_Workspace/rover_ws/install/rover_control_msgs/include/rover_control_msgs/rover_control_msgs/srv/detail/set_operational_mode__type_support.c\n'}
[5.560142] (rover_control_msgs) StdoutLine: {'line': b'-- Up-to-date: /workspaces/IRS_Rover_ROS2_Workspace/rover_ws/install/rover_control_msgs/lib/librover_control_msgs__rosidl_typesupport_introspection_c.so\n'}
[5.561805] (rover_control_msgs) StdoutLine: {'line': b'-- Up-to-date: /workspaces/IRS_Rover_ROS2_Workspace/rover_ws/install/rover_control_msgs/lib/librover_control_msgs__rosidl_typesupport_c.so\n'}
[5.565523] (rover_control_msgs) StdoutLine: {'line': b'-- Up-to-date: /workspaces/IRS_Rover_ROS2_Workspace/rover_ws/install/rover_control_msgs/include/rover_control_msgs/rover_control_msgs\n'}
[5.566741] (rover_control_msgs) StdoutLine: {'line': b'-- Up-to-date: /workspaces/IRS_Rover_ROS2_Workspace/rover_ws/install/rover_control_msgs/include/rover_control_msgs/rover_control_msgs/msg\n'}
[5.567977] (rover_control_msgs) StdoutLine: {'line': b'-- Up-to-date: /workspaces/IRS_Rover_ROS2_Workspace/rover_ws/install/rover_control_msgs/include/rover_control_msgs/rover_control_msgs/msg/current_operational_mode.hpp\n'}
[5.570277] (rover_control_msgs) StdoutLine: {'line': b'-- Up-to-date: /workspaces/IRS_Rover_ROS2_Workspace/rover_ws/install/rover_control_msgs/include/rover_control_msgs/rover_control_msgs/msg/set_operational_mode.hpp\n'}
[5.574883] (-) TimerEvent: {}
[5.576774] (rover_control_msgs) StdoutLine: {'line': b'-- Up-to-date: /workspaces/IRS_Rover_ROS2_Workspace/rover_ws/install/rover_control_msgs/include/rover_control_msgs/rover_control_msgs/msg/detail\n'}
[5.584162] (rover_control_msgs) StdoutLine: {'line': b'-- Up-to-date: /workspaces/IRS_Rover_ROS2_Workspace/rover_ws/install/rover_control_msgs/include/rover_control_msgs/rover_control_msgs/msg/detail/operational_mode_settings__traits.hpp\n'}
[5.592307] (rover_control_msgs) StdoutLine: {'line': b'-- Up-to-date: /workspaces/IRS_Rover_ROS2_Workspace/rover_ws/install/rover_control_msgs/include/rover_control_msgs/rover_control_msgs/msg/detail/current_operational_mode__type_support.hpp\n'}
[5.594455] (rover_control_msgs) StdoutLine: {'line': b'-- Up-to-date: /workspaces/IRS_Rover_ROS2_Workspace/rover_ws/install/rover_control_msgs/include/rover_control_msgs/rover_control_msgs/msg/detail/set_operational_mode__type_support.hpp\n'}
[5.604232] (rover_control_msgs) StdoutLine: {'line': b'-- Up-to-date: /workspaces/IRS_Rover_ROS2_Workspace/rover_ws/install/rover_control_msgs/include/rover_control_msgs/rover_control_msgs/msg/detail/current_operational_mode__traits.hpp\n'}
[5.607826] (rover_control_msgs) StdoutLine: {'line': b'-- Up-to-date: /workspaces/IRS_Rover_ROS2_Workspace/rover_ws/install/rover_control_msgs/include/rover_control_msgs/rover_control_msgs/msg/detail/set_operational_mode__struct.hpp\n'}
[5.611855] (rover_control_msgs) StdoutLine: {'line': b'-- Up-to-date: /workspaces/IRS_Rover_ROS2_Workspace/rover_ws/install/rover_control_msgs/include/rover_control_msgs/rover_control_msgs/msg/detail/operational_mode_settings__builder.hpp\n'}
[5.614722] (rover_control_msgs) StdoutLine: {'line': b'-- Up-to-date: /workspaces/IRS_Rover_ROS2_Workspace/rover_ws/install/rover_control_msgs/include/rover_control_msgs/rover_control_msgs/msg/detail/operational_mode_settings__struct.hpp\n'}
[5.619425] (rover_control_msgs) StdoutLine: {'line': b'-- Up-to-date: /workspaces/IRS_Rover_ROS2_Workspace/rover_ws/install/rover_control_msgs/include/rover_control_msgs/rover_control_msgs/msg/detail/set_operational_mode__builder.hpp\n'}
[5.621742] (rover_control_msgs) StdoutLine: {'line': b'-- Up-to-date: /workspaces/IRS_Rover_ROS2_Workspace/rover_ws/install/rover_control_msgs/include/rover_control_msgs/rover_control_msgs/msg/detail/current_operational_mode__struct.hpp\n'}
[5.624623] (rover_control_msgs) StdoutLine: {'line': b'-- Up-to-date: /workspaces/IRS_Rover_ROS2_Workspace/rover_ws/install/rover_control_msgs/include/rover_control_msgs/rover_control_msgs/msg/detail/current_operational_mode__builder.hpp\n'}
[5.627199] (rover_control_msgs) StdoutLine: {'line': b'-- Up-to-date: /workspaces/IRS_Rover_ROS2_Workspace/rover_ws/install/rover_control_msgs/include/rover_control_msgs/rover_control_msgs/msg/detail/set_operational_mode__traits.hpp\n'}
[5.632374] (rover_control_msgs) StdoutLine: {'line': b'-- Up-to-date: /workspaces/IRS_Rover_ROS2_Workspace/rover_ws/install/rover_control_msgs/include/rover_control_msgs/rover_control_msgs/msg/detail/operational_mode_settings__type_support.hpp\n'}
[5.634579] (rover_control_msgs) StdoutLine: {'line': b'-- Up-to-date: /workspaces/IRS_Rover_ROS2_Workspace/rover_ws/install/rover_control_msgs/include/rover_control_msgs/rover_control_msgs/msg/rosidl_generator_cpp__visibility_control.hpp\n'}
[5.636506] (rover_control_msgs) StdoutLine: {'line': b'-- Up-to-date: /workspaces/IRS_Rover_ROS2_Workspace/rover_ws/install/rover_control_msgs/include/rover_control_msgs/rover_control_msgs/msg/operational_mode_settings.hpp\n'}
[5.638609] (rover_control_msgs) StdoutLine: {'line': b'-- Up-to-date: /workspaces/IRS_Rover_ROS2_Workspace/rover_ws/install/rover_control_msgs/include/rover_control_msgs/rover_control_msgs/srv\n'}
[5.640725] (rover_control_msgs) StdoutLine: {'line': b'-- Up-to-date: /workspaces/IRS_Rover_ROS2_Workspace/rover_ws/install/rover_control_msgs/include/rover_control_msgs/rover_control_msgs/srv/set_operational_mode.hpp\n'}
[5.642467] (rover_control_msgs) StdoutLine: {'line': b'-- Up-to-date: /workspaces/IRS_Rover_ROS2_Workspace/rover_ws/install/rover_control_msgs/include/rover_control_msgs/rover_control_msgs/srv/detail\n'}
[5.644112] (rover_control_msgs) StdoutLine: {'line': b'-- Up-to-date: /workspaces/IRS_Rover_ROS2_Workspace/rover_ws/install/rover_control_msgs/include/rover_control_msgs/rover_control_msgs/srv/detail/set_operational_mode__type_support.hpp\n'}
[5.646032] (rover_control_msgs) StdoutLine: {'line': b'-- Up-to-date: /workspaces/IRS_Rover_ROS2_Workspace/rover_ws/install/rover_control_msgs/include/rover_control_msgs/rover_control_msgs/srv/detail/set_operational_mode__struct.hpp\n'}
[5.647801] (rover_control_msgs) StdoutLine: {'line': b'-- Up-to-date: /workspaces/IRS_Rover_ROS2_Workspace/rover_ws/install/rover_control_msgs/include/rover_control_msgs/rover_control_msgs/srv/detail/set_operational_mode__builder.hpp\n'}
[5.649428] (rover_control_msgs) StdoutLine: {'line': b'-- Up-to-date: /workspaces/IRS_Rover_ROS2_Workspace/rover_ws/install/rover_control_msgs/include/rover_control_msgs/rover_control_msgs/srv/detail/set_operational_mode__traits.hpp\n'}
[5.650879] (rover_control_msgs) StdoutLine: {'line': b'-- Up-to-date: /workspaces/IRS_Rover_ROS2_Workspace/rover_ws/install/rover_control_msgs/include/rover_control_msgs/rover_control_msgs\n'}
[5.653812] (rover_control_msgs) StdoutLine: {'line': b'-- Up-to-date: /workspaces/IRS_Rover_ROS2_Workspace/rover_ws/install/rover_control_msgs/include/rover_control_msgs/rover_control_msgs/msg\n'}
[5.658941] (rover_control_msgs) StdoutLine: {'line': b'-- Up-to-date: /workspaces/IRS_Rover_ROS2_Workspace/rover_ws/install/rover_control_msgs/include/rover_control_msgs/rover_control_msgs/msg/rosidl_typesupport_fastrtps_cpp__visibility_control.h\n'}
[5.660874] (rover_control_msgs) StdoutLine: {'line': b'-- Up-to-date: /workspaces/IRS_Rover_ROS2_Workspace/rover_ws/install/rover_control_msgs/include/rover_control_msgs/rover_control_msgs/msg/detail\n'}
[5.663887] (rover_control_msgs) StdoutLine: {'line': b'-- Up-to-date: /workspaces/IRS_Rover_ROS2_Workspace/rover_ws/install/rover_control_msgs/include/rover_control_msgs/rover_control_msgs/msg/detail/operational_mode_settings__rosidl_typesupport_fastrtps_cpp.hpp\n'}
[5.665599] (rover_control_msgs) StdoutLine: {'line': b'-- Up-to-date: /workspaces/IRS_Rover_ROS2_Workspace/rover_ws/install/rover_control_msgs/include/rover_control_msgs/rover_control_msgs/msg/detail/current_operational_mode__rosidl_typesupport_fastrtps_cpp.hpp\n'}
[5.668949] (rover_control_msgs) StdoutLine: {'line': b'-- Up-to-date: /workspaces/IRS_Rover_ROS2_Workspace/rover_ws/install/rover_control_msgs/include/rover_control_msgs/rover_control_msgs/msg/detail/set_operational_mode__rosidl_typesupport_fastrtps_cpp.hpp\n'}
[5.673172] (rover_control_msgs) StdoutLine: {'line': b'-- Up-to-date: /workspaces/IRS_Rover_ROS2_Workspace/rover_ws/install/rover_control_msgs/include/rover_control_msgs/rover_control_msgs/msg/detail/dds_fastrtps\n'}
[5.674712] (rover_control_msgs) StdoutLine: {'line': b'-- Up-to-date: /workspaces/IRS_Rover_ROS2_Workspace/rover_ws/install/rover_control_msgs/include/rover_control_msgs/rover_control_msgs/srv\n'}
[5.676730] (-) TimerEvent: {}
[5.677939] (rover_control_msgs) StdoutLine: {'line': b'-- Up-to-date: /workspaces/IRS_Rover_ROS2_Workspace/rover_ws/install/rover_control_msgs/include/rover_control_msgs/rover_control_msgs/srv/detail\n'}
[5.680913] (rover_control_msgs) StdoutLine: {'line': b'-- Up-to-date: /workspaces/IRS_Rover_ROS2_Workspace/rover_ws/install/rover_control_msgs/include/rover_control_msgs/rover_control_msgs/srv/detail/set_operational_mode__rosidl_typesupport_fastrtps_cpp.hpp\n'}
[5.683514] (rover_control_msgs) StdoutLine: {'line': b'-- Up-to-date: /workspaces/IRS_Rover_ROS2_Workspace/rover_ws/install/rover_control_msgs/include/rover_control_msgs/rover_control_msgs/srv/detail/dds_fastrtps\n'}
[5.688145] (rover_control_msgs) StdoutLine: {'line': b'-- Up-to-date: /workspaces/IRS_Rover_ROS2_Workspace/rover_ws/install/rover_control_msgs/lib/librover_control_msgs__rosidl_typesupport_fastrtps_cpp.so\n'}
[5.691044] (rover_control_msgs) StdoutLine: {'line': b'-- Up-to-date: /workspaces/IRS_Rover_ROS2_Workspace/rover_ws/install/rover_control_msgs/include/rover_control_msgs/rover_control_msgs\n'}
[5.693377] (rover_control_msgs) StdoutLine: {'line': b'-- Up-to-date: /workspaces/IRS_Rover_ROS2_Workspace/rover_ws/install/rover_control_msgs/include/rover_control_msgs/rover_control_msgs/msg\n'}
[5.696892] (rover_control_msgs) StdoutLine: {'line': b'-- Up-to-date: /workspaces/IRS_Rover_ROS2_Workspace/rover_ws/install/rover_control_msgs/include/rover_control_msgs/rover_control_msgs/msg/detail\n'}
[5.701235] (rover_control_msgs) StdoutLine: {'line': b'-- Up-to-date: /workspaces/IRS_Rover_ROS2_Workspace/rover_ws/install/rover_control_msgs/include/rover_control_msgs/rover_control_msgs/msg/detail/operational_mode_settings__type_support.cpp\n'}
[5.704638] (rover_control_msgs) StdoutLine: {'line': b'-- Up-to-date: /workspaces/IRS_Rover_ROS2_Workspace/rover_ws/install/rover_control_msgs/include/rover_control_msgs/rover_control_msgs/msg/detail/operational_mode_settings__rosidl_typesupport_introspection_cpp.hpp\n'}
[5.709209] (rover_control_msgs) StdoutLine: {'line': b'-- Up-to-date: /workspaces/IRS_Rover_ROS2_Workspace/rover_ws/install/rover_control_msgs/include/rover_control_msgs/rover_control_msgs/msg/detail/current_operational_mode__rosidl_typesupport_introspection_cpp.hpp\n'}
[5.712000] (rover_control_msgs) StdoutLine: {'line': b'-- Up-to-date: /workspaces/IRS_Rover_ROS2_Workspace/rover_ws/install/rover_control_msgs/include/rover_control_msgs/rover_control_msgs/msg/detail/set_operational_mode__rosidl_typesupport_introspection_cpp.hpp\n'}
[5.713621] (rover_control_msgs) StdoutLine: {'line': b'-- Up-to-date: /workspaces/IRS_Rover_ROS2_Workspace/rover_ws/install/rover_control_msgs/include/rover_control_msgs/rover_control_msgs/msg/detail/current_operational_mode__type_support.cpp\n'}
[5.715129] (rover_control_msgs) StdoutLine: {'line': b'-- Up-to-date: /workspaces/IRS_Rover_ROS2_Workspace/rover_ws/install/rover_control_msgs/include/rover_control_msgs/rover_control_msgs/msg/detail/set_operational_mode__type_support.cpp\n'}
[5.717140] (rover_control_msgs) StdoutLine: {'line': b'-- Up-to-date: /workspaces/IRS_Rover_ROS2_Workspace/rover_ws/install/rover_control_msgs/include/rover_control_msgs/rover_control_msgs/srv\n'}
[5.719126] (rover_control_msgs) StdoutLine: {'line': b'-- Up-to-date: /workspaces/IRS_Rover_ROS2_Workspace/rover_ws/install/rover_control_msgs/include/rover_control_msgs/rover_control_msgs/srv/detail\n'}
[5.720989] (rover_control_msgs) StdoutLine: {'line': b'-- Up-to-date: /workspaces/IRS_Rover_ROS2_Workspace/rover_ws/install/rover_control_msgs/include/rover_control_msgs/rover_control_msgs/srv/detail/set_operational_mode__rosidl_typesupport_introspection_cpp.hpp\n'}
[5.722723] (rover_control_msgs) StdoutLine: {'line': b'-- Up-to-date: /workspaces/IRS_Rover_ROS2_Workspace/rover_ws/install/rover_control_msgs/include/rover_control_msgs/rover_control_msgs/srv/detail/set_operational_mode__type_support.cpp\n'}
[5.725573] (rover_control_msgs) StdoutLine: {'line': b'-- Up-to-date: /workspaces/IRS_Rover_ROS2_Workspace/rover_ws/install/rover_control_msgs/lib/librover_control_msgs__rosidl_typesupport_introspection_cpp.so\n'}
[5.728316] (rover_control_msgs) StdoutLine: {'line': b'-- Up-to-date: /workspaces/IRS_Rover_ROS2_Workspace/rover_ws/install/rover_control_msgs/lib/librover_control_msgs__rosidl_typesupport_cpp.so\n'}
[5.731324] (rover_control_msgs) StdoutLine: {'line': b'-- Up-to-date: /workspaces/IRS_Rover_ROS2_Workspace/rover_ws/install/rover_control_msgs/share/rover_control_msgs/environment/pythonpath.sh\n'}
[5.733028] (rover_control_msgs) StdoutLine: {'line': b'-- Up-to-date: /workspaces/IRS_Rover_ROS2_Workspace/rover_ws/install/rover_control_msgs/share/rover_control_msgs/environment/pythonpath.dsv\n'}
[5.736629] (rover_control_msgs) StdoutLine: {'line': b'-- Up-to-date: /workspaces/IRS_Rover_ROS2_Workspace/rover_ws/install/rover_control_msgs/local/lib/python3.10/dist-packages/rover_control_msgs-0.0.0-py3.10.egg-info\n'}
[5.737866] (rover_control_msgs) StdoutLine: {'line': b'-- Installing: /workspaces/IRS_Rover_ROS2_Workspace/rover_ws/install/rover_control_msgs/local/lib/python3.10/dist-packages/rover_control_msgs-0.0.0-py3.10.egg-info/PKG-INFO\n'}
[5.742216] (rover_control_msgs) StdoutLine: {'line': b'-- Installing: /workspaces/IRS_Rover_ROS2_Workspace/rover_ws/install/rover_control_msgs/local/lib/python3.10/dist-packages/rover_control_msgs-0.0.0-py3.10.egg-info/SOURCES.txt\n'}
[5.754572] (rover_perception_msgs) JobEnded: {'identifier': 'rover_perception_msgs', 'rc': 0}
[5.764735] (rover_perception) JobStarted: {'identifier': 'rover_perception'}
[5.765404] (rover_control_msgs) StdoutLine: {'line': b'-- Installing: /workspaces/IRS_Rover_ROS2_Workspace/rover_ws/install/rover_control_msgs/local/lib/python3.10/dist-packages/rover_control_msgs-0.0.0-py3.10.egg-info/top_level.txt\n'}
[5.767040] (rover_control_msgs) StdoutLine: {'line': b'-- Installing: /workspaces/IRS_Rover_ROS2_Workspace/rover_ws/install/rover_control_msgs/local/lib/python3.10/dist-packages/rover_control_msgs-0.0.0-py3.10.egg-info/dependency_links.txt\n'}
[5.768652] (rover_control_msgs) StdoutLine: {'line': b'-- Up-to-date: /workspaces/IRS_Rover_ROS2_Workspace/rover_ws/install/rover_control_msgs/local/lib/python3.10/dist-packages/rover_control_msgs\n'}
[5.769911] (rover_control_msgs) StdoutLine: {'line': b'-- Up-to-date: /workspaces/IRS_Rover_ROS2_Workspace/rover_ws/install/rover_control_msgs/local/lib/python3.10/dist-packages/rover_control_msgs/rover_control_msgs_s__rosidl_typesupport_introspection_c.cpython-310-x86_64-linux-gnu.so\n'}
[5.773060] (rover_control_msgs) StdoutLine: {'line': b'-- Up-to-date: /workspaces/IRS_Rover_ROS2_Workspace/rover_ws/install/rover_control_msgs/local/lib/python3.10/dist-packages/rover_control_msgs/_rover_control_msgs_s.ep.rosidl_typesupport_introspection_c.c\n'}
[5.776304] (rover_control_msgs) StdoutLine: {'line': b'-- Up-to-date: /workspaces/IRS_Rover_ROS2_Workspace/rover_ws/install/rover_control_msgs/local/lib/python3.10/dist-packages/rover_control_msgs/msg\n'}
[5.783728] (-) TimerEvent: {}
[5.784652] (rover_control_msgs) StdoutLine: {'line': b'-- Up-to-date: /workspaces/IRS_Rover_ROS2_Workspace/rover_ws/install/rover_control_msgs/local/lib/python3.10/dist-packages/rover_control_msgs/msg/_operational_mode_settings_s.c\n'}
[5.793512] (rover_control_msgs) StdoutLine: {'line': b'-- Up-to-date: /workspaces/IRS_Rover_ROS2_Workspace/rover_ws/install/rover_control_msgs/local/lib/python3.10/dist-packages/rover_control_msgs/msg/_current_operational_mode.py\n'}
[5.796969] (rover_control_msgs) StdoutLine: {'line': b'-- Up-to-date: /workspaces/IRS_Rover_ROS2_Workspace/rover_ws/install/rover_control_msgs/local/lib/python3.10/dist-packages/rover_control_msgs/msg/_set_operational_mode_s.c\n'}
[5.802522] (rover_control_msgs) StdoutLine: {'line': b'-- Up-to-date: /workspaces/IRS_Rover_ROS2_Workspace/rover_ws/install/rover_control_msgs/local/lib/python3.10/dist-packages/rover_control_msgs/msg/_set_operational_mode.py\n'}
[5.807894] (rover_control_msgs) StdoutLine: {'line': b'-- Up-to-date: /workspaces/IRS_Rover_ROS2_Workspace/rover_ws/install/rover_control_msgs/local/lib/python3.10/dist-packages/rover_control_msgs/msg/__init__.py\n'}
[5.809979] (rover_control_msgs) StdoutLine: {'line': b'-- Up-to-date: /workspaces/IRS_Rover_ROS2_Workspace/rover_ws/install/rover_control_msgs/local/lib/python3.10/dist-packages/rover_control_msgs/msg/_current_operational_mode_s.c\n'}
[5.812862] (rover_control_msgs) StdoutLine: {'line': b'-- Up-to-date: /workspaces/IRS_Rover_ROS2_Workspace/rover_ws/install/rover_control_msgs/local/lib/python3.10/dist-packages/rover_control_msgs/msg/_operational_mode_settings.py\n'}
[5.815345] (rover_control_msgs) StdoutLine: {'line': b'-- Up-to-date: /workspaces/IRS_Rover_ROS2_Workspace/rover_ws/install/rover_control_msgs/local/lib/python3.10/dist-packages/rover_control_msgs/_rover_control_msgs_s.ep.rosidl_typesupport_c.c\n'}
[5.816761] (rover_control_msgs) StdoutLine: {'line': b'-- Up-to-date: /workspaces/IRS_Rover_ROS2_Workspace/rover_ws/install/rover_control_msgs/local/lib/python3.10/dist-packages/rover_control_msgs/_rover_control_msgs_s.ep.rosidl_typesupport_fastrtps_c.c\n'}
[5.818422] (rover_control_msgs) StdoutLine: {'line': b'-- Up-to-date: /workspaces/IRS_Rover_ROS2_Workspace/rover_ws/install/rover_control_msgs/local/lib/python3.10/dist-packages/rover_control_msgs/__init__.py\n'}
[5.820031] (rover_control_msgs) StdoutLine: {'line': b'-- Up-to-date: /workspaces/IRS_Rover_ROS2_Workspace/rover_ws/install/rover_control_msgs/local/lib/python3.10/dist-packages/rover_control_msgs/rover_control_msgs_s__rosidl_typesupport_c.cpython-310-x86_64-linux-gnu.so\n'}
[5.823654] (rover_control_msgs) StdoutLine: {'line': b'-- Up-to-date: /workspaces/IRS_Rover_ROS2_Workspace/rover_ws/install/rover_control_msgs/local/lib/python3.10/dist-packages/rover_control_msgs/rover_control_msgs_s__rosidl_typesupport_fastrtps_c.cpython-310-x86_64-linux-gnu.so\n'}
[5.825094] (rover_control_msgs) StdoutLine: {'line': b'-- Up-to-date: /workspaces/IRS_Rover_ROS2_Workspace/rover_ws/install/rover_control_msgs/local/lib/python3.10/dist-packages/rover_control_msgs/librover_control_msgs__rosidl_generator_py.so\n'}
[5.827908] (rover_control_msgs) StdoutLine: {'line': b'-- Up-to-date: /workspaces/IRS_Rover_ROS2_Workspace/rover_ws/install/rover_control_msgs/local/lib/python3.10/dist-packages/rover_control_msgs/srv\n'}
[5.830847] (rover_control_msgs) StdoutLine: {'line': b'-- Up-to-date: /workspaces/IRS_Rover_ROS2_Workspace/rover_ws/install/rover_control_msgs/local/lib/python3.10/dist-packages/rover_control_msgs/srv/_set_operational_mode_s.c\n'}
[5.832105] (rover_control_msgs) StdoutLine: {'line': b'-- Up-to-date: /workspaces/IRS_Rover_ROS2_Workspace/rover_ws/install/rover_control_msgs/local/lib/python3.10/dist-packages/rover_control_msgs/srv/_set_operational_mode.py\n'}
[5.834274] (rover_control_msgs) StdoutLine: {'line': b'-- Up-to-date: /workspaces/IRS_Rover_ROS2_Workspace/rover_ws/install/rover_control_msgs/local/lib/python3.10/dist-packages/rover_control_msgs/srv/__init__.py\n'}
[5.884554] (-) TimerEvent: {}
[5.905548] (rover_control_msgs) StdoutLine: {'line': b"Listing '/workspaces/IRS_Rover_ROS2_Workspace/rover_ws/install/rover_control_msgs/local/lib/python3.10/dist-packages/rover_control_msgs'...\n"}
[5.909715] (rover_control_msgs) StdoutLine: {'line': b"Listing '/workspaces/IRS_Rover_ROS2_Workspace/rover_ws/install/rover_control_msgs/local/lib/python3.10/dist-packages/rover_control_msgs/msg'...\n"}
[5.910825] (rover_control_msgs) StdoutLine: {'line': b"Listing '/workspaces/IRS_Rover_ROS2_Workspace/rover_ws/install/rover_control_msgs/local/lib/python3.10/dist-packages/rover_control_msgs/srv'...\n"}
[5.920803] (rover_control_msgs) StdoutLine: {'line': b'-- Up-to-date: /workspaces/IRS_Rover_ROS2_Workspace/rover_ws/install/rover_control_msgs/local/lib/python3.10/dist-packages/rover_control_msgs/rover_control_msgs_s__rosidl_typesupport_fastrtps_c.cpython-310-x86_64-linux-gnu.so\n'}
[5.926461] (rover_control_msgs) StdoutLine: {'line': b'-- Up-to-date: /workspaces/IRS_Rover_ROS2_Workspace/rover_ws/install/rover_control_msgs/local/lib/python3.10/dist-packages/rover_control_msgs/rover_control_msgs_s__rosidl_typesupport_introspection_c.cpython-310-x86_64-linux-gnu.so\n'}
[5.932185] (rover_control_msgs) StdoutLine: {'line': b'-- Up-to-date: /workspaces/IRS_Rover_ROS2_Workspace/rover_ws/install/rover_control_msgs/local/lib/python3.10/dist-packages/rover_control_msgs/rover_control_msgs_s__rosidl_typesupport_c.cpython-310-x86_64-linux-gnu.so\n'}
[5.938116] (rover_control_msgs) StdoutLine: {'line': b'-- Up-to-date: /workspaces/IRS_Rover_ROS2_Workspace/rover_ws/install/rover_control_msgs/lib/librover_control_msgs__rosidl_generator_py.so\n'}
[5.941224] (rover_control_msgs) StdoutLine: {'line': b'-- Up-to-date: /workspaces/IRS_Rover_ROS2_Workspace/rover_ws/install/rover_control_msgs/share/ament_index/resource_index/rust_packages/rover_control_msgs\n'}
[5.942791] (rover_control_msgs) StdoutLine: {'line': b'-- Up-to-date: /workspaces/IRS_Rover_ROS2_Workspace/rover_ws/install/rover_control_msgs/share/rover_control_msgs/rust\n'}
[5.945702] (rover_control_msgs) StdoutLine: {'line': b'-- Up-to-date: /workspaces/IRS_Rover_ROS2_Workspace/rover_ws/install/rover_control_msgs/share/rover_control_msgs/rust/Cargo.toml\n'}
[5.947976] (rover_control_msgs) StdoutLine: {'line': b'-- Up-to-date: /workspaces/IRS_Rover_ROS2_Workspace/rover_ws/install/rover_control_msgs/share/rover_control_msgs/rust/build.rs\n'}
[5.949638] (rover_control_msgs) StdoutLine: {'line': b'-- Up-to-date: /workspaces/IRS_Rover_ROS2_Workspace/rover_ws/install/rover_control_msgs/share/rover_control_msgs/rust/src\n'}
[5.951805] (rover_control_msgs) StdoutLine: {'line': b'-- Up-to-date: /workspaces/IRS_Rover_ROS2_Workspace/rover_ws/install/rover_control_msgs/share/rover_control_msgs/rust/src/msg\n'}
[5.954582] (rover_control_msgs) StdoutLine: {'line': b'-- Up-to-date: /workspaces/IRS_Rover_ROS2_Workspace/rover_ws/install/rover_control_msgs/share/rover_control_msgs/rust/src/msg/rmw.rs\n'}
[5.956672] (rover_control_msgs) StdoutLine: {'line': b'-- Up-to-date: /workspaces/IRS_Rover_ROS2_Workspace/rover_ws/install/rover_control_msgs/share/rover_control_msgs/rust/src/lib.rs\n'}
[5.959010] (rover_control_msgs) StdoutLine: {'line': b'-- Up-to-date: /workspaces/IRS_Rover_ROS2_Workspace/rover_ws/install/rover_control_msgs/share/rover_control_msgs/rust/src/srv.rs\n'}
[5.960894] (rover_control_msgs) StdoutLine: {'line': b'-- Up-to-date: /workspaces/IRS_Rover_ROS2_Workspace/rover_ws/install/rover_control_msgs/share/rover_control_msgs/rust/src/msg.rs\n'}
[5.962057] (rover_control_msgs) StdoutLine: {'line': b'-- Up-to-date: /workspaces/IRS_Rover_ROS2_Workspace/rover_ws/install/rover_control_msgs/share/rover_control_msgs/rust/src/srv\n'}
[5.963771] (rover_control_msgs) StdoutLine: {'line': b'-- Up-to-date: /workspaces/IRS_Rover_ROS2_Workspace/rover_ws/install/rover_control_msgs/share/rover_control_msgs/rust/src/srv/rmw.rs\n'}
[5.966297] (rover_control_msgs) StdoutLine: {'line': b'-- Up-to-date: /workspaces/IRS_Rover_ROS2_Workspace/rover_ws/install/rover_control_msgs/share/rover_control_msgs/srv/SetOperationalMode.idl\n'}
[5.969235] (rover_control_msgs) StdoutLine: {'line': b'-- Up-to-date: /workspaces/IRS_Rover_ROS2_Workspace/rover_ws/install/rover_control_msgs/share/rover_control_msgs/msg/SetOperationalMode.idl\n'}
[5.970682] (rover_control_msgs) StdoutLine: {'line': b'-- Up-to-date: /workspaces/IRS_Rover_ROS2_Workspace/rover_ws/install/rover_control_msgs/share/rover_control_msgs/msg/OperationalModeSettings.idl\n'}
[5.971890] (rover_control_msgs) StdoutLine: {'line': b'-- Up-to-date: /workspaces/IRS_Rover_ROS2_Workspace/rover_ws/install/rover_control_msgs/share/rover_control_msgs/msg/CurrentOperationalMode.idl\n'}
[5.973495] (rover_control_msgs) StdoutLine: {'line': b'-- Up-to-date: /workspaces/IRS_Rover_ROS2_Workspace/rover_ws/install/rover_control_msgs/share/rover_control_msgs/srv/SetOperationalMode.srv\n'}
[5.974872] (rover_control_msgs) StdoutLine: {'line': b'-- Up-to-date: /workspaces/IRS_Rover_ROS2_Workspace/rover_ws/install/rover_control_msgs/share/rover_control_msgs/srv/SetOperationalMode_Request.msg\n'}
[5.977249] (rover_control_msgs) StdoutLine: {'line': b'-- Up-to-date: /workspaces/IRS_Rover_ROS2_Workspace/rover_ws/install/rover_control_msgs/share/rover_control_msgs/srv/SetOperationalMode_Response.msg\n'}
[5.979374] (rover_control_msgs) StdoutLine: {'line': b'-- Up-to-date: /workspaces/IRS_Rover_ROS2_Workspace/rover_ws/install/rover_control_msgs/share/rover_control_msgs/msg/SetOperationalMode.msg\n'}
[5.981146] (rover_control_msgs) StdoutLine: {'line': b'-- Up-to-date: /workspaces/IRS_Rover_ROS2_Workspace/rover_ws/install/rover_control_msgs/share/rover_control_msgs/msg/OperationalModeSettings.msg\n'}
[5.983059] (rover_control_msgs) StdoutLine: {'line': b'-- Up-to-date: /workspaces/IRS_Rover_ROS2_Workspace/rover_ws/install/rover_control_msgs/share/rover_control_msgs/msg/CurrentOperationalMode.msg\n'}
[5.986806] (-) TimerEvent: {}
[5.987616] (rover_control_msgs) StdoutLine: {'line': b'-- Up-to-date: /workspaces/IRS_Rover_ROS2_Workspace/rover_ws/install/rover_control_msgs/share/ament_index/resource_index/package_run_dependencies/rover_control_msgs\n'}
[5.991024] (rover_control_msgs) StdoutLine: {'line': b'-- Up-to-date: /workspaces/IRS_Rover_ROS2_Workspace/rover_ws/install/rover_control_msgs/share/ament_index/resource_index/parent_prefix_path/rover_control_msgs\n'}
[5.992177] (rover_control_msgs) StdoutLine: {'line': b'-- Up-to-date: /workspaces/IRS_Rover_ROS2_Workspace/rover_ws/install/rover_control_msgs/share/rover_control_msgs/environment/ament_prefix_path.sh\n'}
[5.994534] (rover_control_msgs) StdoutLine: {'line': b'-- Up-to-date: /workspaces/IRS_Rover_ROS2_Workspace/rover_ws/install/rover_control_msgs/share/rover_control_msgs/environment/ament_prefix_path.dsv\n'}
[5.996157] (rover_control_msgs) StdoutLine: {'line': b'-- Up-to-date: /workspaces/IRS_Rover_ROS2_Workspace/rover_ws/install/rover_control_msgs/share/rover_control_msgs/environment/path.sh\n'}
[5.999873] (rover_control_msgs) StdoutLine: {'line': b'-- Up-to-date: /workspaces/IRS_Rover_ROS2_Workspace/rover_ws/install/rover_control_msgs/share/rover_control_msgs/environment/path.dsv\n'}
[6.001233] (rover_control_msgs) StdoutLine: {'line': b'-- Up-to-date: /workspaces/IRS_Rover_ROS2_Workspace/rover_ws/install/rover_control_msgs/share/rover_control_msgs/local_setup.bash\n'}
[6.004763] (rover_control_msgs) StdoutLine: {'line': b'-- Up-to-date: /workspaces/IRS_Rover_ROS2_Workspace/rover_ws/install/rover_control_msgs/share/rover_control_msgs/local_setup.sh\n'}
[6.008481] (rover_control_msgs) StdoutLine: {'line': b'-- Up-to-date: /workspaces/IRS_Rover_ROS2_Workspace/rover_ws/install/rover_control_msgs/share/rover_control_msgs/local_setup.zsh\n'}
[6.010887] (rover_control_msgs) StdoutLine: {'line': b'-- Up-to-date: /workspaces/IRS_Rover_ROS2_Workspace/rover_ws/install/rover_control_msgs/share/rover_control_msgs/local_setup.dsv\n'}
[6.014823] (rover_control_msgs) StdoutLine: {'line': b'-- Installing: /workspaces/IRS_Rover_ROS2_Workspace/rover_ws/install/rover_control_msgs/share/rover_control_msgs/package.dsv\n'}
[6.017945] (rover_control_msgs) StdoutLine: {'line': b'-- Up-to-date: /workspaces/IRS_Rover_ROS2_Workspace/rover_ws/install/rover_control_msgs/share/ament_index/resource_index/packages/rover_control_msgs\n'}
[6.020021] (rover_control_msgs) StdoutLine: {'line': b'-- Up-to-date: /workspaces/IRS_Rover_ROS2_Workspace/rover_ws/install/rover_control_msgs/share/rover_control_msgs/cmake/export_rover_control_msgs__rosidl_generator_cExport.cmake\n'}
[6.021593] (rover_control_msgs) StdoutLine: {'line': b'-- Up-to-date: /workspaces/IRS_Rover_ROS2_Workspace/rover_ws/install/rover_control_msgs/share/rover_control_msgs/cmake/export_rover_control_msgs__rosidl_generator_cExport-noconfig.cmake\n'}
[6.023697] (rover_control_msgs) StdoutLine: {'line': b'-- Up-to-date: /workspaces/IRS_Rover_ROS2_Workspace/rover_ws/install/rover_control_msgs/share/rover_control_msgs/cmake/export_rover_control_msgs__rosidl_typesupport_fastrtps_cExport.cmake\n'}
[6.026806] (rover_control_msgs) StdoutLine: {'line': b'-- Up-to-date: /workspaces/IRS_Rover_ROS2_Workspace/rover_ws/install/rover_control_msgs/share/rover_control_msgs/cmake/export_rover_control_msgs__rosidl_typesupport_fastrtps_cExport-noconfig.cmake\n'}
[6.029539] (rover_control_msgs) StdoutLine: {'line': b'-- Up-to-date: /workspaces/IRS_Rover_ROS2_Workspace/rover_ws/install/rover_control_msgs/share/rover_control_msgs/cmake/rover_control_msgs__rosidl_typesupport_introspection_cExport.cmake\n'}
[6.031053] (rover_control_msgs) StdoutLine: {'line': b'-- Up-to-date: /workspaces/IRS_Rover_ROS2_Workspace/rover_ws/install/rover_control_msgs/share/rover_control_msgs/cmake/rover_control_msgs__rosidl_typesupport_introspection_cExport-noconfig.cmake\n'}
[6.032263] (rover_control_msgs) StdoutLine: {'line': b'-- Up-to-date: /workspaces/IRS_Rover_ROS2_Workspace/rover_ws/install/rover_control_msgs/share/rover_control_msgs/cmake/rover_control_msgs__rosidl_typesupport_cExport.cmake\n'}
[6.033538] (rover_control_msgs) StdoutLine: {'line': b'-- Up-to-date: /workspaces/IRS_Rover_ROS2_Workspace/rover_ws/install/rover_control_msgs/share/rover_control_msgs/cmake/rover_control_msgs__rosidl_typesupport_cExport-noconfig.cmake\n'}
[6.034858] (rover_control_msgs) StdoutLine: {'line': b'-- Up-to-date: /workspaces/IRS_Rover_ROS2_Workspace/rover_ws/install/rover_control_msgs/share/rover_control_msgs/cmake/export_rover_control_msgs__rosidl_generator_cppExport.cmake\n'}
[6.036504] (rover_control_msgs) StdoutLine: {'line': b'-- Up-to-date: /workspaces/IRS_Rover_ROS2_Workspace/rover_ws/install/rover_control_msgs/share/rover_control_msgs/cmake/export_rover_control_msgs__rosidl_typesupport_fastrtps_cppExport.cmake\n'}
[6.039395] (rover_control_msgs) StdoutLine: {'line': b'-- Up-to-date: /workspaces/IRS_Rover_ROS2_Workspace/rover_ws/install/rover_control_msgs/share/rover_control_msgs/cmake/export_rover_control_msgs__rosidl_typesupport_fastrtps_cppExport-noconfig.cmake\n'}
[6.046470] (rover_control_msgs) StdoutLine: {'line': b'-- Up-to-date: /workspaces/IRS_Rover_ROS2_Workspace/rover_ws/install/rover_control_msgs/share/rover_control_msgs/cmake/rover_control_msgs__rosidl_typesupport_introspection_cppExport.cmake\n'}
[6.049966] (rover_control_msgs) StdoutLine: {'line': b'-- Up-to-date: /workspaces/IRS_Rover_ROS2_Workspace/rover_ws/install/rover_control_msgs/share/rover_control_msgs/cmake/rover_control_msgs__rosidl_typesupport_introspection_cppExport-noconfig.cmake\n'}
[6.053421] (rover_control_msgs) StdoutLine: {'line': b'-- Up-to-date: /workspaces/IRS_Rover_ROS2_Workspace/rover_ws/install/rover_control_msgs/share/rover_control_msgs/cmake/rover_control_msgs__rosidl_typesupport_cppExport.cmake\n'}
[6.055624] (rover_control_msgs) StdoutLine: {'line': b'-- Up-to-date: /workspaces/IRS_Rover_ROS2_Workspace/rover_ws/install/rover_control_msgs/share/rover_control_msgs/cmake/rover_control_msgs__rosidl_typesupport_cppExport-noconfig.cmake\n'}
[6.060995] (rover_control_msgs) StdoutLine: {'line': b'-- Up-to-date: /workspaces/IRS_Rover_ROS2_Workspace/rover_ws/install/rover_control_msgs/share/rover_control_msgs/cmake/export_rover_control_msgs__rosidl_generator_pyExport.cmake\n'}
[6.062724] (rover_control_msgs) StdoutLine: {'line': b'-- Up-to-date: /workspaces/IRS_Rover_ROS2_Workspace/rover_ws/install/rover_control_msgs/share/rover_control_msgs/cmake/export_rover_control_msgs__rosidl_generator_pyExport-noconfig.cmake\n'}
[6.064230] (rover_control_msgs) StdoutLine: {'line': b'-- Up-to-date: /workspaces/IRS_Rover_ROS2_Workspace/rover_ws/install/rover_control_msgs/share/rover_control_msgs/cmake/rosidl_cmake-extras.cmake\n'}
[6.066827] (rover_control_msgs) StdoutLine: {'line': b'-- Up-to-date: /workspaces/IRS_Rover_ROS2_Workspace/rover_ws/install/rover_control_msgs/share/rover_control_msgs/cmake/ament_cmake_export_include_directories-extras.cmake\n'}
[6.070138] (rover_control_msgs) StdoutLine: {'line': b'-- Up-to-date: /workspaces/IRS_Rover_ROS2_Workspace/rover_ws/install/rover_control_msgs/share/rover_control_msgs/cmake/ament_cmake_export_libraries-extras.cmake\n'}
[6.072561] (rover_control_msgs) StdoutLine: {'line': b'-- Up-to-date: /workspaces/IRS_Rover_ROS2_Workspace/rover_ws/install/rover_control_msgs/share/rover_control_msgs/cmake/ament_cmake_export_targets-extras.cmake\n'}
[6.074933] (rover_control_msgs) StdoutLine: {'line': b'-- Up-to-date: /workspaces/IRS_Rover_ROS2_Workspace/rover_ws/install/rover_control_msgs/share/rover_control_msgs/cmake/rosidl_cmake_export_typesupport_targets-extras.cmake\n'}
[6.076642] (rover_control_msgs) StdoutLine: {'line': b'-- Up-to-date: /workspaces/IRS_Rover_ROS2_Workspace/rover_ws/install/rover_control_msgs/share/rover_control_msgs/cmake/ament_cmake_export_dependencies-extras.cmake\n'}
[6.078417] (rover_control_msgs) StdoutLine: {'line': b'-- Up-to-date: /workspaces/IRS_Rover_ROS2_Workspace/rover_ws/install/rover_control_msgs/share/rover_control_msgs/cmake/rosidl_cmake_export_typesupport_libraries-extras.cmake\n'}
[6.080519] (rover_control_msgs) StdoutLine: {'line': b'-- Up-to-date: /workspaces/IRS_Rover_ROS2_Workspace/rover_ws/install/rover_control_msgs/share/rover_control_msgs/cmake/rover_control_msgsConfig.cmake\n'}
[6.084558] (rover_control_msgs) StdoutLine: {'line': b'-- Up-to-date: /workspaces/IRS_Rover_ROS2_Workspace/rover_ws/install/rover_control_msgs/share/rover_control_msgs/cmake/rover_control_msgsConfig-version.cmake\n'}
[6.088433] (-) TimerEvent: {}
[6.089180] (rover_control_msgs) StdoutLine: {'line': b'-- Up-to-date: /workspaces/IRS_Rover_ROS2_Workspace/rover_ws/install/rover_control_msgs/share/rover_control_msgs/package.xml\n'}
[6.189412] (-) TimerEvent: {}
[6.291404] (-) TimerEvent: {}
[6.392253] (-) TimerEvent: {}
[6.493691] (-) TimerEvent: {}
[6.595286] (-) TimerEvent: {}
[6.604331] (rover_control_msgs) CommandEnded: {'returncode': 0}
[6.696411] (-) TimerEvent: {}
[6.771879] (rover_control_msgs) JobEnded: {'identifier': 'rover_control_msgs', 'rc': 0}
[6.797445] (-) TimerEvent: {}
[6.899284] (-) TimerEvent: {}
[7.000405] (-) TimerEvent: {}
[7.101572] (-) TimerEvent: {}
[7.203193] (-) TimerEvent: {}
[7.304311] (-) TimerEvent: {}
[7.405353] (-) TimerEvent: {}
[7.491508] (rover_perception) Command: {'cmd': ['/usr/bin/python3', '-W', 'ignore:setup.py install is deprecated', '-W', 'ignore:easy_install command is deprecated', 'setup.py', 'egg_info', '--egg-base', '../../build/rover_perception', 'build', '--build-base', '/workspaces/IRS_Rover_ROS2_Workspace/rover_ws/build/rover_perception/build', 'install', '--record', '/workspaces/IRS_Rover_ROS2_Workspace/rover_ws/build/rover_perception/install.log', '--single-version-externally-managed', 'install_data'], 'cwd': '/workspaces/IRS_Rover_ROS2_Workspace/rover_ws/src/rover_perception', 'env': {'PYTHON_BASIC_REPL': '1', 'HOSTNAME': '06335fee11bd', 'GIT_ASKPASS': '/vscode/vscode-server/bin/linux-x64/4fe60c8b1cdac1c4c174f2fb180d0d758272d713/extensions/git/dist/askpass.sh', 'SHLVL': '2', 'LD_LIBRARY_PATH': '/workspaces/IRS_Rover_ROS2_Workspace/rover_ws/install/rover_perception_msgs/lib:/workspaces/IRS_Rover_ROS2_Workspace/rover_ws/install/rover_control_msgs/lib:/opt/ros/humble/opt/rviz_ogre_vendor/lib:/opt/ros/humble/lib/x86_64-linux-gnu:/opt/ros/humble/lib', 'BROWSER': '/vscode/vscode-server/bin/linux-x64/4fe60c8b1cdac1c4c174f2fb180d0d758272d713/bin/helpers/browser.sh', 'HOME': '/root', 'OLDPWD': '/workspaces/IRS_Rover_ROS2_Workspace', 'TERM_PROGRAM_VERSION': '1.127.0', 'VSCODE_IPC_HOOK_CLI': '/tmp/vscode-ipc-a7d8417a-84e0-4652-a058-401c79ab84d0.sock', 'ROS_PYTHON_VERSION': '3', 'VSCODE_GIT_ASKPASS_MAIN': '/vscode/vscode-server/bin/linux-x64/4fe60c8b1cdac1c4c174f2fb180d0d758272d713/extensions/git/dist/askpass-main.js', 'VSCODE_GIT_ASKPASS_NODE': '/vscode/vscode-server/bin/linux-x64/4fe60c8b1cdac1c4c174f2fb180d0d758272d713/node', 'PYDEVD_DISABLE_FILE_VALIDATION': '1', 'BUNDLED_DEBUGPY_PATH': '/root/.vscode-server/extensions/ms-python.debugpy-2026.6.0-linux-x64/bundled/libs/debugpy', 'VSCODE_PYTHON_AUTOACTIVATE_GUARD': '1', 'COLORTERM': 'truecolor', 'REMOTE_CONTAINERS': 'true', 'COLCON_PREFIX_PATH': '/workspaces/IRS_Rover_ROS2_Workspace/rover_ws/install', 'ROS_DISTRO': 'humble', 'REMOTE_CONTAINERS_IPC': '/tmp/vscode-remote-containers-ipc-8556e27b-e216-450b-b0cc-1f8365397382.sock', '_': '/usr/bin/colcon', 'ROS_VERSION': '2', 'TERM': 'xterm-256color', 'ROS_LOCALHOST_ONLY': '0', 'PATH': '/root/.vscode-server/data/User/globalStorage/github.copilot-chat/debugCommand:/root/.vscode-server/data/User/globalStorage/github.copilot-chat/copilotCli:/vscode/vscode-server/bin/linux-x64/4fe60c8b1cdac1c4c174f2fb180d0d758272d713/bin/remote-cli:/opt/ros/humble/bin:/usr/local/sbin:/usr/local/bin:/usr/sbin:/usr/bin:/sbin:/bin:/root/.vscode-server/extensions/ms-python.debugpy-2026.6.0-linux-x64/bundled/scripts/noConfigScripts', 'REMOTE_CONTAINERS_SOCKETS': '["/tmp/vscode-ssh-auth-8556e27b-e216-450b-b0cc-1f8365397382.sock"]', 'VSCODE_DEBUGPY_ADAPTER_ENDPOINTS': '/root/.vscode-server/extensions/ms-python.debugpy-2026.6.0-linux-x64/.noConfigDebugAdapterEndpoints/endpoint-1e3a0fbd7d538503.txt', 'LANG': 'C.UTF-8', 'PYTHONSTARTUP': '/root/.vscode-server/data/User/workspaceStorage/7242e97d3df64538730a6ed5a855f433/ms-python.python/pythonrc.py', 'LS_COLORS': 'rs=0:di=01;34:ln=01;36:mh=00:pi=40;33:so=01;35:do=01;35:bd=40;33;01:cd=40;33;01:or=40;31;01:mi=00:su=37;41:sg=30;43:ca=30;41:tw=30;42:ow=34;42:st=37;44:ex=01;32:*.tar=01;31:*.tgz=01;31:*.arc=01;31:*.arj=01;31:*.taz=01;31:*.lha=01;31:*.lz4=01;31:*.lzh=01;31:*.lzma=01;31:*.tlz=01;31:*.txz=01;31:*.tzo=01;31:*.t7z=01;31:*.zip=01;31:*.z=01;31:*.dz=01;31:*.gz=01;31:*.lrz=01;31:*.lz=01;31:*.lzo=01;31:*.xz=01;31:*.zst=01;31:*.tzst=01;31:*.bz2=01;31:*.bz=01;31:*.tbz=01;31:*.tbz2=01;31:*.tz=01;31:*.deb=01;31:*.rpm=01;31:*.jar=01;31:*.war=01;31:*.ear=01;31:*.sar=01;31:*.rar=01;31:*.alz=01;31:*.ace=01;31:*.zoo=01;31:*.cpio=01;31:*.7z=01;31:*.rz=01;31:*.cab=01;31:*.wim=01;31:*.swm=01;31:*.dwm=01;31:*.esd=01;31:*.jpg=01;35:*.jpeg=01;35:*.mjpg=01;35:*.mjpeg=01;35:*.gif=01;35:*.bmp=01;35:*.pbm=01;35:*.pgm=01;35:*.ppm=01;35:*.tga=01;35:*.xbm=01;35:*.xpm=01;35:*.tif=01;35:*.tiff=01;35:*.png=01;35:*.svg=01;35:*.svgz=01;35:*.mng=01;35:*.pcx=01;35:*.mov=01;35:*.mpg=01;35:*.mpeg=01;35:*.m2v=01;35:*.mkv=01;35:*.webm=01;35:*.webp=01;35:*.ogm=01;35:*.mp4=01;35:*.m4v=01;35:*.mp4v=01;35:*.vob=01;35:*.qt=01;35:*.nuv=01;35:*.wmv=01;35:*.asf=01;35:*.rm=01;35:*.rmvb=01;35:*.flc=01;35:*.avi=01;35:*.fli=01;35:*.flv=01;35:*.gl=01;35:*.dl=01;35:*.xcf=01;35:*.xwd=01;35:*.yuv=01;35:*.cgm=01;35:*.emf=01;35:*.ogv=01;35:*.ogx=01;35:*.aac=00;36:*.au=00;36:*.flac=00;36:*.m4a=00;36:*.mid=00;36:*.midi=00;36:*.mka=00;36:*.mp3=00;36:*.mpc=00;36:*.ogg=00;36:*.ra=00;36:*.wav=00;36:*.oga=00;36:*.opus=00;36:*.spx=00;36:*.xspf=00;36:', 'VSCODE_GIT_IPC_HANDLE': '/tmp/vscode-git-bb8c1a7c35.sock', 'TERM_PROGRAM': 'vscode', 'SSH_AUTH_SOCK': '/tmp/vscode-ssh-auth-8556e27b-e216-450b-b0cc-1f8365397382.sock', 'AMENT_PREFIX_PATH': '/workspaces/IRS_Rover_ROS2_Workspace/rover_ws/install/rover_lidar:/workspaces/IRS_Rover_ROS2_Workspace/rover_ws/install/rover_perception_msgs:/workspaces/IRS_Rover_ROS2_Workspace/rover_ws/install/rover_stereocam:/workspaces/IRS_Rover_ROS2_Workspace/rover_ws/install/rover_perception:/workspaces/IRS_Rover_ROS2_Workspace/rover_ws/install/rover_control_msgs:/workspaces/IRS_Rover_ROS2_Workspace/rover_ws/install/rover_control:/opt/ros/humble', 'SHELL': '/bin/bash', 'VSCODE_GIT_ASKPASS_EXTRA_ARGS': '', 'PWD': '/workspaces/IRS_Rover_ROS2_Workspace/rover_ws/build/rover_perception', 'LC_ALL': 'C.UTF-8', 'COPILOT_DEBUG_NONCE': 'ebb28b2f47a55d9f123b03f75e673fb9', 'PYTHONPATH': '/workspaces/IRS_Rover_ROS2_Workspace/rover_ws/build/rover_perception/prefix_override:/usr/lib/python3/dist-packages/colcon_core/task/python/colcon_distutils_commands:/workspaces/IRS_Rover_ROS2_Workspace/rover_ws/install/rover_perception/lib/python3.10/site-packages:/workspaces/IRS_Rover_ROS2_Workspace/rover_ws/install/rover_lidar/lib/python3.10/site-packages:/workspaces/IRS_Rover_ROS2_Workspace/rover_ws/install/rover_perception_msgs/local/lib/python3.10/dist-packages:/workspaces/IRS_Rover_ROS2_Workspace/rover_ws/install/rover_stereocam/lib/python3.10/site-packages:/workspaces/IRS_Rover_ROS2_Workspace/rover_ws/install/rover_perception/lib/python3.10/site-packages:/workspaces/IRS_Rover_ROS2_Workspace/rover_ws/install/rover_control_msgs/local/lib/python3.10/dist-packages:/workspaces/IRS_Rover_ROS2_Workspace/rover_ws/install/rover_control/lib/python3.10/site-packages:/opt/ros/humble/lib/python3.10/site-packages:/opt/ros/humble/local/lib/python3.10/dist-packages', 'COLCON': '1', 'CMAKE_PREFIX_PATH': '/workspaces/IRS_Rover_ROS2_Workspace/rover_ws/install/rover_perception_msgs:/workspaces/IRS_Rover_ROS2_Workspace/rover_ws/install/rover_control_msgs'}, 'shell': False}
[7.509316] (-) TimerEvent: {}
[7.610326] (-) TimerEvent: {}
[7.712545] (-) TimerEvent: {}
[7.814377] (-) TimerEvent: {}
[7.916602] (-) TimerEvent: {}
[8.017291] (-) TimerEvent: {}
[8.093854] (rover_perception) StdoutLine: {'line': b'running egg_info\n'}
[8.095348] (rover_perception) StdoutLine: {'line': b'writing ../../build/rover_perception/rover_perception.egg-info/PKG-INFO\n'}
[8.098676] (rover_perception) StdoutLine: {'line': b'writing dependency_links to ../../build/rover_perception/rover_perception.egg-info/dependency_links.txt\n'}
[8.102424] (rover_perception) StdoutLine: {'line': b'writing entry points to ../../build/rover_perception/rover_perception.egg-info/entry_points.txt\n'}
[8.104678] (rover_perception) StdoutLine: {'line': b'writing requirements to ../../build/rover_perception/rover_perception.egg-info/requires.txt\n'}
[8.107685] (rover_perception) StdoutLine: {'line': b'writing top-level names to ../../build/rover_perception/rover_perception.egg-info/top_level.txt\n'}
[8.117435] (-) TimerEvent: {}
[8.129577] (rover_perception) StdoutLine: {'line': b"reading manifest file '../../build/rover_perception/rover_perception.egg-info/SOURCES.txt'\n"}
[8.136068] (rover_perception) StdoutLine: {'line': b"writing manifest file '../../build/rover_perception/rover_perception.egg-info/SOURCES.txt'\n"}
[8.137593] (rover_perception) StdoutLine: {'line': b'running build\n'}
[8.139107] (rover_perception) StdoutLine: {'line': b'running build_py\n'}
[8.141132] (rover_perception) StdoutLine: {'line': b'copying rover_perception/fake_mono_camera_node.py -> /workspaces/IRS_Rover_ROS2_Workspace/rover_ws/build/rover_perception/build/lib/rover_perception\n'}
[8.150732] (rover_perception) StdoutLine: {'line': b'running install\n'}
[8.152892] (rover_perception) StdoutLine: {'line': b'running install_lib\n'}
[8.158565] (rover_perception) StdoutLine: {'line': b'copying /workspaces/IRS_Rover_ROS2_Workspace/rover_ws/build/rover_perception/build/lib/rover_perception/fake_mono_camera_node.py -> /workspaces/IRS_Rover_ROS2_Workspace/rover_ws/install/rover_perception/lib/python3.10/site-packages/rover_perception\n'}
[8.166288] (rover_perception) StdoutLine: {'line': b'byte-compiling /workspaces/IRS_Rover_ROS2_Workspace/rover_ws/install/rover_perception/lib/python3.10/site-packages/rover_perception/fake_mono_camera_node.py to fake_mono_camera_node.cpython-310.pyc\n'}
[8.175608] (rover_perception) StdoutLine: {'line': b'running install_data\n'}
[8.177476] (rover_perception) StdoutLine: {'line': b'running install_egg_info\n'}
[8.180951] (rover_perception) StdoutLine: {'line': b"removing '/workspaces/IRS_Rover_ROS2_Workspace/rover_ws/install/rover_perception/lib/python3.10/site-packages/rover_perception-0.0.0-py3.10.egg-info' (and everything under it)\n"}
[8.187843] (rover_perception) StdoutLine: {'line': b'Copying ../../build/rover_perception/rover_perception.egg-info to /workspaces/IRS_Rover_ROS2_Workspace/rover_ws/install/rover_perception/lib/python3.10/site-packages/rover_perception-0.0.0-py3.10.egg-info\n'}
[8.218373] (-) TimerEvent: {}
[8.237922] (rover_perception) StdoutLine: {'line': b'running install_scripts\n'}
[8.290470] (rover_perception) StdoutLine: {'line': b'Installing fake_mast_hw_node script to /workspaces/IRS_Rover_ROS2_Workspace/rover_ws/install/rover_perception/lib/rover_perception\n'}
[8.297044] (rover_perception) StdoutLine: {'line': b'Installing fake_mono_camera_node script to /workspaces/IRS_Rover_ROS2_Workspace/rover_ws/install/rover_perception/lib/rover_perception\n'}
[8.299762] (rover_perception) StdoutLine: {'line': b'Installing fake_stereo_camera_node script to /workspaces/IRS_Rover_ROS2_Workspace/rover_ws/install/rover_perception/lib/rover_perception\n'}
[8.304756] (rover_perception) StdoutLine: {'line': b'Installing frame_transform_node script to /workspaces/IRS_Rover_ROS2_Workspace/rover_ws/install/rover_perception/lib/rover_perception\n'}
[8.311043] (rover_perception) StdoutLine: {'line': b'Installing global_pointcloud_fusion_node script to /workspaces/IRS_Rover_ROS2_Workspace/rover_ws/install/rover_perception/lib/rover_perception\n'}
[8.316398] (rover_perception) StdoutLine: {'line': b'Installing led_detector_node script to /workspaces/IRS_Rover_ROS2_Workspace/rover_ws/install/rover_perception/lib/rover_perception\n'}
[8.318528] (-) TimerEvent: {}
[8.319727] (rover_perception) StdoutLine: {'line': b'Installing mast_pose_node script to /workspaces/IRS_Rover_ROS2_Workspace/rover_ws/install/rover_perception/lib/rover_perception\n'}
[8.323479] (rover_perception) StdoutLine: {'line': b'Installing obstacle_grid_node script to /workspaces/IRS_Rover_ROS2_Workspace/rover_ws/install/rover_perception/lib/rover_perception\n'}
[8.327638] (rover_perception) StdoutLine: {'line': b'Installing pointcloud_preprocessing_node script to /workspaces/IRS_Rover_ROS2_Workspace/rover_ws/install/rover_perception/lib/rover_perception\n'}
[8.334379] (rover_perception) StdoutLine: {'line': b'Installing position_rover_node script to /workspaces/IRS_Rover_ROS2_Workspace/rover_ws/install/rover_perception/lib/rover_perception\n'}
[8.336496] (rover_perception) StdoutLine: {'line': b'Installing stereo_pointcloud_node script to /workspaces/IRS_Rover_ROS2_Workspace/rover_ws/install/rover_perception/lib/rover_perception\n'}
[8.340864] (rover_perception) StdoutLine: {'line': b'Installing terrain_visualization_node script to /workspaces/IRS_Rover_ROS2_Workspace/rover_ws/install/rover_perception/lib/rover_perception\n'}
[8.348904] (rover_perception) StdoutLine: {'line': b"writing list of installed files to '/workspaces/IRS_Rover_ROS2_Workspace/rover_ws/build/rover_perception/install.log'\n"}
[8.414599] (rover_perception) CommandEnded: {'returncode': 0}
[8.419584] (-) TimerEvent: {}
[8.479500] (rover_perception) JobEnded: {'identifier': 'rover_perception', 'rc': 0}
[8.485685] (-) EventReactorShutdown: {}
