[0.000000] (-) TimerEvent: {}
[0.000646] (rover_control) JobQueued: {'identifier': 'rover_control', 'dependencies': OrderedDict()}
[0.001300] (rover_control_msgs) JobQueued: {'identifier': 'rover_control_msgs', 'dependencies': OrderedDict()}
[0.001622] (rover_lidar) JobQueued: {'identifier': 'rover_lidar', 'dependencies': OrderedDict()}
[0.002115] (rover_perception_msgs) JobQueued: {'identifier': 'rover_perception_msgs', 'dependencies': OrderedDict()}
[0.002534] (rover_perception) JobQueued: {'identifier': 'rover_perception', 'dependencies': OrderedDict([('rover_lidar', '/workspaces/IRS_Rover_ROS2_Workspace/rover_ws/install/rover_lidar'), ('rover_perception_msgs', '/workspaces/IRS_Rover_ROS2_Workspace/rover_ws/install/rover_perception_msgs')])}
[0.002804] (rover_lidar) JobStarted: {'identifier': 'rover_lidar'}
[0.034547] (rover_perception_msgs) JobStarted: {'identifier': 'rover_perception_msgs'}
[0.054048] (rover_control) JobStarted: {'identifier': 'rover_control'}
[0.099527] (rover_control_msgs) JobStarted: {'identifier': 'rover_control_msgs'}
[0.100473] (-) TimerEvent: {}
[0.202481] (-) TimerEvent: {}
[0.303420] (-) TimerEvent: {}
[0.404367] (-) TimerEvent: {}
[0.505445] (-) TimerEvent: {}
[0.533846] (rover_perception_msgs) JobProgress: {'identifier': 'rover_perception_msgs', 'progress': 'cmake'}
[0.537415] (rover_perception_msgs) JobProgress: {'identifier': 'rover_perception_msgs', 'progress': 'build'}
[0.539156] (rover_perception_msgs) Command: {'cmd': ['/usr/bin/cmake', '--build', '/workspaces/IRS_Rover_ROS2_Workspace/rover_ws/build/rover_perception_msgs', '--', '-j12', '-l12'], 'cwd': '/workspaces/IRS_Rover_ROS2_Workspace/rover_ws/build/rover_perception_msgs', 'env': OrderedDict([('PYTHON_BASIC_REPL', '1'), ('HOSTNAME', '06335fee11bd'), ('GIT_ASKPASS', '/vscode/vscode-server/bin/linux-x64/4fe60c8b1cdac1c4c174f2fb180d0d758272d713/extensions/git/dist/askpass.sh'), ('SHLVL', '2'), ('LD_LIBRARY_PATH', '/workspaces/IRS_Rover_ROS2_Workspace/rover_ws/install/rover_control_msgs/lib:/opt/ros/humble/opt/rviz_ogre_vendor/lib:/opt/ros/humble/lib/x86_64-linux-gnu:/opt/ros/humble/lib'), ('BROWSER', '/vscode/vscode-server/bin/linux-x64/4fe60c8b1cdac1c4c174f2fb180d0d758272d713/bin/helpers/browser.sh'), ('HOME', '/root'), ('OLDPWD', '/workspaces/IRS_Rover_ROS2_Workspace'), ('TERM_PROGRAM_VERSION', '1.127.0'), ('VSCODE_IPC_HOOK_CLI', '/tmp/vscode-ipc-a7d8417a-84e0-4652-a058-401c79ab84d0.sock'), ('ROS_PYTHON_VERSION', '3'), ('VSCODE_GIT_ASKPASS_MAIN', '/vscode/vscode-server/bin/linux-x64/4fe60c8b1cdac1c4c174f2fb180d0d758272d713/extensions/git/dist/askpass-main.js'), ('VSCODE_GIT_ASKPASS_NODE', '/vscode/vscode-server/bin/linux-x64/4fe60c8b1cdac1c4c174f2fb180d0d758272d713/node'), ('PYDEVD_DISABLE_FILE_VALIDATION', '1'), ('BUNDLED_DEBUGPY_PATH', '/root/.vscode-server/extensions/ms-python.debugpy-2026.6.0-linux-x64/bundled/libs/debugpy'), ('VSCODE_PYTHON_AUTOACTIVATE_GUARD', '1'), ('COLORTERM', 'truecolor'), ('REMOTE_CONTAINERS', 'true'), ('COLCON_PREFIX_PATH', '/workspaces/IRS_Rover_ROS2_Workspace/rover_ws/install'), ('ROS_DISTRO', 'humble'), ('REMOTE_CONTAINERS_IPC', '/tmp/vscode-remote-containers-ipc-8556e27b-e216-450b-b0cc-1f8365397382.sock'), ('_', '/usr/bin/colcon'), ('ROS_VERSION', '2'), ('TERM', 'xterm-256color'), ('ROS_LOCALHOST_ONLY', '0'), ('PATH', '/root/.vscode-server/data/User/globalStorage/github.copilot-chat/debugCommand:/root/.vscode-server/data/User/globalStorage/github.copilot-chat/copilotCli:/vscode/vscode-server/bin/linux-x64/4fe60c8b1cdac1c4c174f2fb180d0d758272d713/bin/remote-cli:/opt/ros/humble/bin:/usr/local/sbin:/usr/local/bin:/usr/sbin:/usr/bin:/sbin:/bin:/root/.vscode-server/extensions/ms-python.debugpy-2026.6.0-linux-x64/bundled/scripts/noConfigScripts'), ('REMOTE_CONTAINERS_SOCKETS', '["/tmp/vscode-ssh-auth-8556e27b-e216-450b-b0cc-1f8365397382.sock"]'), ('VSCODE_DEBUGPY_ADAPTER_ENDPOINTS', '/root/.vscode-server/extensions/ms-python.debugpy-2026.6.0-linux-x64/.noConfigDebugAdapterEndpoints/endpoint-1e3a0fbd7d538503.txt'), ('LANG', 'C.UTF-8'), ('PYTHONSTARTUP', '/root/.vscode-server/data/User/workspaceStorage/7242e97d3df64538730a6ed5a855f433/ms-python.python/pythonrc.py'), ('LS_COLORS', 'rs=0:di=01;34:ln=01;36:mh=00:pi=40;33:so=01;35:do=01;35:bd=40;33;01:cd=40;33;01:or=40;31;01:mi=00:su=37;41:sg=30;43:ca=30;41:tw=30;42:ow=34;42:st=37;44:ex=01;32:*.tar=01;31:*.tgz=01;31:*.arc=01;31:*.arj=01;31:*.taz=01;31:*.lha=01;31:*.lz4=01;31:*.lzh=01;31:*.lzma=01;31:*.tlz=01;31:*.txz=01;31:*.tzo=01;31:*.t7z=01;31:*.zip=01;31:*.z=01;31:*.dz=01;31:*.gz=01;31:*.lrz=01;31:*.lz=01;31:*.lzo=01;31:*.xz=01;31:*.zst=01;31:*.tzst=01;31:*.bz2=01;31:*.bz=01;31:*.tbz=01;31:*.tbz2=01;31:*.tz=01;31:*.deb=01;31:*.rpm=01;31:*.jar=01;31:*.war=01;31:*.ear=01;31:*.sar=01;31:*.rar=01;31:*.alz=01;31:*.ace=01;31:*.zoo=01;31:*.cpio=01;31:*.7z=01;31:*.rz=01;31:*.cab=01;31:*.wim=01;31:*.swm=01;31:*.dwm=01;31:*.esd=01;31:*.jpg=01;35:*.jpeg=01;35:*.mjpg=01;35:*.mjpeg=01;35:*.gif=01;35:*.bmp=01;35:*.pbm=01;35:*.pgm=01;35:*.ppm=01;35:*.tga=01;35:*.xbm=01;35:*.xpm=01;35:*.tif=01;35:*.tiff=01;35:*.png=01;35:*.svg=01;35:*.svgz=01;35:*.mng=01;35:*.pcx=01;35:*.mov=01;35:*.mpg=01;35:*.mpeg=01;35:*.m2v=01;35:*.mkv=01;35:*.webm=01;35:*.webp=01;35:*.ogm=01;35:*.mp4=01;35:*.m4v=01;35:*.mp4v=01;35:*.vob=01;35:*.qt=01;35:*.nuv=01;35:*.wmv=01;35:*.asf=01;35:*.rm=01;35:*.rmvb=01;35:*.flc=01;35:*.avi=01;35:*.fli=01;35:*.flv=01;35:*.gl=01;35:*.dl=01;35:*.xcf=01;35:*.xwd=01;35:*.yuv=01;35:*.cgm=01;35:*.emf=01;35:*.ogv=01;35:*.ogx=01;35:*.aac=00;36:*.au=00;36:*.flac=00;36:*.m4a=00;36:*.mid=00;36:*.midi=00;36:*.mka=00;36:*.mp3=00;36:*.mpc=00;36:*.ogg=00;36:*.ra=00;36:*.wav=00;36:*.oga=00;36:*.opus=00;36:*.spx=00;36:*.xspf=00;36:'), ('VSCODE_GIT_IPC_HANDLE', '/tmp/vscode-git-bb8c1a7c35.sock'), ('TERM_PROGRAM', 'vscode'), ('SSH_AUTH_SOCK', '/tmp/vscode-ssh-auth-8556e27b-e216-450b-b0cc-1f8365397382.sock'), ('AMENT_PREFIX_PATH', '/workspaces/IRS_Rover_ROS2_Workspace/rover_ws/install/rover_stereocam:/workspaces/IRS_Rover_ROS2_Workspace/rover_ws/install/rover_perception:/workspaces/IRS_Rover_ROS2_Workspace/rover_ws/install/rover_lidar:/workspaces/IRS_Rover_ROS2_Workspace/rover_ws/install/rover_control_msgs:/workspaces/IRS_Rover_ROS2_Workspace/rover_ws/install/rover_control:/opt/ros/humble'), ('SHELL', '/bin/bash'), ('VSCODE_GIT_ASKPASS_EXTRA_ARGS', ''), ('PWD', '/workspaces/IRS_Rover_ROS2_Workspace/rover_ws/build/rover_perception_msgs'), ('LC_ALL', 'C.UTF-8'), ('COPILOT_DEBUG_NONCE', 'ebb28b2f47a55d9f123b03f75e673fb9'), ('PYTHONPATH', '/workspaces/IRS_Rover_ROS2_Workspace/rover_ws/install/rover_stereocam/lib/python3.10/site-packages:/workspaces/IRS_Rover_ROS2_Workspace/rover_ws/install/rover_perception/lib/python3.10/site-packages:/workspaces/IRS_Rover_ROS2_Workspace/rover_ws/install/rover_lidar/lib/python3.10/site-packages:/workspaces/IRS_Rover_ROS2_Workspace/rover_ws/install/rover_control_msgs/local/lib/python3.10/dist-packages:/workspaces/IRS_Rover_ROS2_Workspace/rover_ws/install/rover_control/lib/python3.10/site-packages:/opt/ros/humble/lib/python3.10/site-packages:/opt/ros/humble/local/lib/python3.10/dist-packages'), ('COLCON', '1'), ('CMAKE_PREFIX_PATH', '/workspaces/IRS_Rover_ROS2_Workspace/rover_ws/install/rover_control_msgs:/workspaces/IRS_Rover_ROS2_Workspace/rover_ws/install/rover_stereocam:/workspaces/IRS_Rover_ROS2_Workspace/rover_ws/install/rover_perception:/workspaces/IRS_Rover_ROS2_Workspace/rover_ws/install/rover_lidar:/workspaces/IRS_Rover_ROS2_Workspace/rover_ws/install/rover_control:/opt/ros/humble')]), 'shell': False}
[0.606360] (-) TimerEvent: {}
[0.707453] (-) TimerEvent: {}
[0.808381] (-) TimerEvent: {}
[0.909449] (-) TimerEvent: {}
[1.011064] (-) TimerEvent: {}
[1.016583] (rover_perception_msgs) StdoutLine: {'line': b'[  2%] Built target rover_perception_msgs__rs\n'}
[1.018058] (rover_perception_msgs) StdoutLine: {'line': b'[  6%] Built target rover_perception_msgs__cpp\n'}
[1.020554] (rover_perception_msgs) StdoutLine: {'line': b'[ 14%] Built target rover_perception_msgs__rosidl_generator_c\n'}
[1.021794] (rover_control_msgs) JobProgress: {'identifier': 'rover_control_msgs', 'progress': 'cmake'}
[1.026725] (rover_control_msgs) JobProgress: {'identifier': 'rover_control_msgs', 'progress': 'build'}
[1.030599] (rover_control_msgs) Command: {'cmd': ['/usr/bin/cmake', '--build', '/workspaces/IRS_Rover_ROS2_Workspace/rover_ws/build/rover_control_msgs', '--', '-j12', '-l12'], 'cwd': '/workspaces/IRS_Rover_ROS2_Workspace/rover_ws/build/rover_control_msgs', 'env': OrderedDict([('PYTHON_BASIC_REPL', '1'), ('HOSTNAME', '06335fee11bd'), ('GIT_ASKPASS', '/vscode/vscode-server/bin/linux-x64/4fe60c8b1cdac1c4c174f2fb180d0d758272d713/extensions/git/dist/askpass.sh'), ('SHLVL', '2'), ('LD_LIBRARY_PATH', '/workspaces/IRS_Rover_ROS2_Workspace/rover_ws/install/rover_control_msgs/lib:/opt/ros/humble/opt/rviz_ogre_vendor/lib:/opt/ros/humble/lib/x86_64-linux-gnu:/opt/ros/humble/lib'), ('BROWSER', '/vscode/vscode-server/bin/linux-x64/4fe60c8b1cdac1c4c174f2fb180d0d758272d713/bin/helpers/browser.sh'), ('HOME', '/root'), ('OLDPWD', '/workspaces/IRS_Rover_ROS2_Workspace'), ('TERM_PROGRAM_VERSION', '1.127.0'), ('VSCODE_IPC_HOOK_CLI', '/tmp/vscode-ipc-a7d8417a-84e0-4652-a058-401c79ab84d0.sock'), ('ROS_PYTHON_VERSION', '3'), ('VSCODE_GIT_ASKPASS_MAIN', '/vscode/vscode-server/bin/linux-x64/4fe60c8b1cdac1c4c174f2fb180d0d758272d713/extensions/git/dist/askpass-main.js'), ('VSCODE_GIT_ASKPASS_NODE', '/vscode/vscode-server/bin/linux-x64/4fe60c8b1cdac1c4c174f2fb180d0d758272d713/node'), ('PYDEVD_DISABLE_FILE_VALIDATION', '1'), ('BUNDLED_DEBUGPY_PATH', '/root/.vscode-server/extensions/ms-python.debugpy-2026.6.0-linux-x64/bundled/libs/debugpy'), ('VSCODE_PYTHON_AUTOACTIVATE_GUARD', '1'), ('COLORTERM', 'truecolor'), ('REMOTE_CONTAINERS', 'true'), ('COLCON_PREFIX_PATH', '/workspaces/IRS_Rover_ROS2_Workspace/rover_ws/install'), ('ROS_DISTRO', 'humble'), ('REMOTE_CONTAINERS_IPC', '/tmp/vscode-remote-containers-ipc-8556e27b-e216-450b-b0cc-1f8365397382.sock'), ('_', '/usr/bin/colcon'), ('ROS_VERSION', '2'), ('TERM', 'xterm-256color'), ('ROS_LOCALHOST_ONLY', '0'), ('PATH', '/root/.vscode-server/data/User/globalStorage/github.copilot-chat/debugCommand:/root/.vscode-server/data/User/globalStorage/github.copilot-chat/copilotCli:/vscode/vscode-server/bin/linux-x64/4fe60c8b1cdac1c4c174f2fb180d0d758272d713/bin/remote-cli:/opt/ros/humble/bin:/usr/local/sbin:/usr/local/bin:/usr/sbin:/usr/bin:/sbin:/bin:/root/.vscode-server/extensions/ms-python.debugpy-2026.6.0-linux-x64/bundled/scripts/noConfigScripts'), ('REMOTE_CONTAINERS_SOCKETS', '["/tmp/vscode-ssh-auth-8556e27b-e216-450b-b0cc-1f8365397382.sock"]'), ('VSCODE_DEBUGPY_ADAPTER_ENDPOINTS', '/root/.vscode-server/extensions/ms-python.debugpy-2026.6.0-linux-x64/.noConfigDebugAdapterEndpoints/endpoint-1e3a0fbd7d538503.txt'), ('LANG', 'C.UTF-8'), ('PYTHONSTARTUP', '/root/.vscode-server/data/User/workspaceStorage/7242e97d3df64538730a6ed5a855f433/ms-python.python/pythonrc.py'), ('LS_COLORS', 'rs=0:di=01;34:ln=01;36:mh=00:pi=40;33:so=01;35:do=01;35:bd=40;33;01:cd=40;33;01:or=40;31;01:mi=00:su=37;41:sg=30;43:ca=30;41:tw=30;42:ow=34;42:st=37;44:ex=01;32:*.tar=01;31:*.tgz=01;31:*.arc=01;31:*.arj=01;31:*.taz=01;31:*.lha=01;31:*.lz4=01;31:*.lzh=01;31:*.lzma=01;31:*.tlz=01;31:*.txz=01;31:*.tzo=01;31:*.t7z=01;31:*.zip=01;31:*.z=01;31:*.dz=01;31:*.gz=01;31:*.lrz=01;31:*.lz=01;31:*.lzo=01;31:*.xz=01;31:*.zst=01;31:*.tzst=01;31:*.bz2=01;31:*.bz=01;31:*.tbz=01;31:*.tbz2=01;31:*.tz=01;31:*.deb=01;31:*.rpm=01;31:*.jar=01;31:*.war=01;31:*.ear=01;31:*.sar=01;31:*.rar=01;31:*.alz=01;31:*.ace=01;31:*.zoo=01;31:*.cpio=01;31:*.7z=01;31:*.rz=01;31:*.cab=01;31:*.wim=01;31:*.swm=01;31:*.dwm=01;31:*.esd=01;31:*.jpg=01;35:*.jpeg=01;35:*.mjpg=01;35:*.mjpeg=01;35:*.gif=01;35:*.bmp=01;35:*.pbm=01;35:*.pgm=01;35:*.ppm=01;35:*.tga=01;35:*.xbm=01;35:*.xpm=01;35:*.tif=01;35:*.tiff=01;35:*.png=01;35:*.svg=01;35:*.svgz=01;35:*.mng=01;35:*.pcx=01;35:*.mov=01;35:*.mpg=01;35:*.mpeg=01;35:*.m2v=01;35:*.mkv=01;35:*.webm=01;35:*.webp=01;35:*.ogm=01;35:*.mp4=01;35:*.m4v=01;35:*.mp4v=01;35:*.vob=01;35:*.qt=01;35:*.nuv=01;35:*.wmv=01;35:*.asf=01;35:*.rm=01;35:*.rmvb=01;35:*.flc=01;35:*.avi=01;35:*.fli=01;35:*.flv=01;35:*.gl=01;35:*.dl=01;35:*.xcf=01;35:*.xwd=01;35:*.yuv=01;35:*.cgm=01;35:*.emf=01;35:*.ogv=01;35:*.ogx=01;35:*.aac=00;36:*.au=00;36:*.flac=00;36:*.m4a=00;36:*.mid=00;36:*.midi=00;36:*.mka=00;36:*.mp3=00;36:*.mpc=00;36:*.ogg=00;36:*.ra=00;36:*.wav=00;36:*.oga=00;36:*.opus=00;36:*.spx=00;36:*.xspf=00;36:'), ('VSCODE_GIT_IPC_HANDLE', '/tmp/vscode-git-bb8c1a7c35.sock'), ('TERM_PROGRAM', 'vscode'), ('SSH_AUTH_SOCK', '/tmp/vscode-ssh-auth-8556e27b-e216-450b-b0cc-1f8365397382.sock'), ('AMENT_PREFIX_PATH', '/workspaces/IRS_Rover_ROS2_Workspace/rover_ws/install/rover_stereocam:/workspaces/IRS_Rover_ROS2_Workspace/rover_ws/install/rover_perception:/workspaces/IRS_Rover_ROS2_Workspace/rover_ws/install/rover_lidar:/workspaces/IRS_Rover_ROS2_Workspace/rover_ws/install/rover_control_msgs:/workspaces/IRS_Rover_ROS2_Workspace/rover_ws/install/rover_control:/opt/ros/humble'), ('SHELL', '/bin/bash'), ('VSCODE_GIT_ASKPASS_EXTRA_ARGS', ''), ('PWD', '/workspaces/IRS_Rover_ROS2_Workspace/rover_ws/build/rover_control_msgs'), ('LC_ALL', 'C.UTF-8'), ('COPILOT_DEBUG_NONCE', 'ebb28b2f47a55d9f123b03f75e673fb9'), ('PYTHONPATH', '/workspaces/IRS_Rover_ROS2_Workspace/rover_ws/install/rover_stereocam/lib/python3.10/site-packages:/workspaces/IRS_Rover_ROS2_Workspace/rover_ws/install/rover_perception/lib/python3.10/site-packages:/workspaces/IRS_Rover_ROS2_Workspace/rover_ws/install/rover_lidar/lib/python3.10/site-packages:/workspaces/IRS_Rover_ROS2_Workspace/rover_ws/install/rover_control_msgs/local/lib/python3.10/dist-packages:/workspaces/IRS_Rover_ROS2_Workspace/rover_ws/install/rover_control/lib/python3.10/site-packages:/opt/ros/humble/lib/python3.10/site-packages:/opt/ros/humble/local/lib/python3.10/dist-packages'), ('COLCON', '1'), ('CMAKE_PREFIX_PATH', '/workspaces/IRS_Rover_ROS2_Workspace/rover_ws/install/rover_control_msgs:/workspaces/IRS_Rover_ROS2_Workspace/rover_ws/install/rover_stereocam:/workspaces/IRS_Rover_ROS2_Workspace/rover_ws/install/rover_perception:/workspaces/IRS_Rover_ROS2_Workspace/rover_ws/install/rover_lidar:/workspaces/IRS_Rover_ROS2_Workspace/rover_ws/install/rover_control:/opt/ros/humble')]), 'shell': False}
[1.107702] (rover_perception_msgs) StdoutLine: {'line': b'[ 14%] Built target ament_cmake_python_copy_rover_perception_msgs\n'}
[1.111266] (-) TimerEvent: {}
[1.130166] (rover_perception_msgs) StdoutLine: {'line': b'[ 25%] Built target rover_perception_msgs__rosidl_typesupport_fastrtps_cpp\n'}
[1.157533] (rover_perception_msgs) StdoutLine: {'line': b'[ 35%] Built target rover_perception_msgs__rosidl_typesupport_introspection_cpp\n'}
[1.214474] (-) TimerEvent: {}
[1.269456] (rover_perception_msgs) StdoutLine: {'line': b'[ 45%] Built target rover_perception_msgs__rosidl_typesupport_cpp\n'}
[1.316134] (-) TimerEvent: {}
[1.349290] (rover_perception_msgs) StdoutLine: {'line': b'[ 66%] Built target rover_perception_msgs__rosidl_typesupport_c\n'}
[1.358149] (rover_perception_msgs) StdoutLine: {'line': b'[ 72%] Built target rover_perception_msgs__rosidl_typesupport_fastrtps_c\n'}
[1.367006] (rover_perception_msgs) StdoutLine: {'line': b'[ 77%] Built target rover_perception_msgs__rosidl_typesupport_introspection_c\n'}
[1.420516] (-) TimerEvent: {}
[1.521462] (-) TimerEvent: {}
[1.618480] (rover_perception_msgs) StdoutLine: {'line': b'[ 77%] Built target rover_perception_msgs\n'}
[1.622439] (-) TimerEvent: {}
[1.698844] (rover_control_msgs) StdoutLine: {'line': b'[ 10%] Built target rover_control_msgs__rosidl_generator_c\n'}
[1.723430] (-) TimerEvent: {}
[1.824582] (-) TimerEvent: {}
[1.834453] (rover_control_msgs) StdoutLine: {'line': b'[ 12%] Built target rover_control_msgs__rs\n'}
[1.887636] (rover_control_msgs) StdoutLine: {'line': b'[ 14%] Built target rover_control_msgs__cpp\n'}
[1.925433] (-) TimerEvent: {}
[2.060204] (-) TimerEvent: {}
[2.117027] (rover_lidar) Command: {'cmd': ['/usr/bin/python3', '-W', 'ignore:setup.py install is deprecated', '-W', 'ignore:easy_install command is deprecated', 'setup.py', 'egg_info', '--egg-base', '../../build/rover_lidar', 'build', '--build-base', '/workspaces/IRS_Rover_ROS2_Workspace/rover_ws/build/rover_lidar/build', 'install', '--record', '/workspaces/IRS_Rover_ROS2_Workspace/rover_ws/build/rover_lidar/install.log', '--single-version-externally-managed', 'install_data'], 'cwd': '/workspaces/IRS_Rover_ROS2_Workspace/rover_ws/src/rover_lidar', 'env': {'PYTHON_BASIC_REPL': '1', 'HOSTNAME': '06335fee11bd', 'GIT_ASKPASS': '/vscode/vscode-server/bin/linux-x64/4fe60c8b1cdac1c4c174f2fb180d0d758272d713/extensions/git/dist/askpass.sh', 'SHLVL': '2', 'LD_LIBRARY_PATH': '/workspaces/IRS_Rover_ROS2_Workspace/rover_ws/install/rover_control_msgs/lib:/opt/ros/humble/opt/rviz_ogre_vendor/lib:/opt/ros/humble/lib/x86_64-linux-gnu:/opt/ros/humble/lib', 'BROWSER': '/vscode/vscode-server/bin/linux-x64/4fe60c8b1cdac1c4c174f2fb180d0d758272d713/bin/helpers/browser.sh', 'HOME': '/root', 'OLDPWD': '/workspaces/IRS_Rover_ROS2_Workspace', 'TERM_PROGRAM_VERSION': '1.127.0', 'VSCODE_IPC_HOOK_CLI': '/tmp/vscode-ipc-a7d8417a-84e0-4652-a058-401c79ab84d0.sock', 'ROS_PYTHON_VERSION': '3', 'VSCODE_GIT_ASKPASS_MAIN': '/vscode/vscode-server/bin/linux-x64/4fe60c8b1cdac1c4c174f2fb180d0d758272d713/extensions/git/dist/askpass-main.js', 'VSCODE_GIT_ASKPASS_NODE': '/vscode/vscode-server/bin/linux-x64/4fe60c8b1cdac1c4c174f2fb180d0d758272d713/node', 'PYDEVD_DISABLE_FILE_VALIDATION': '1', 'BUNDLED_DEBUGPY_PATH': '/root/.vscode-server/extensions/ms-python.debugpy-2026.6.0-linux-x64/bundled/libs/debugpy', 'VSCODE_PYTHON_AUTOACTIVATE_GUARD': '1', 'COLORTERM': 'truecolor', 'REMOTE_CONTAINERS': 'true', 'COLCON_PREFIX_PATH': '/workspaces/IRS_Rover_ROS2_Workspace/rover_ws/install', 'ROS_DISTRO': 'humble', 'REMOTE_CONTAINERS_IPC': '/tmp/vscode-remote-containers-ipc-8556e27b-e216-450b-b0cc-1f8365397382.sock', '_': '/usr/bin/colcon', 'ROS_VERSION': '2', 'TERM': 'xterm-256color', 'ROS_LOCALHOST_ONLY': '0', 'PATH': '/root/.vscode-server/data/User/globalStorage/github.copilot-chat/debugCommand:/root/.vscode-server/data/User/globalStorage/github.copilot-chat/copilotCli:/vscode/vscode-server/bin/linux-x64/4fe60c8b1cdac1c4c174f2fb180d0d758272d713/bin/remote-cli:/opt/ros/humble/bin:/usr/local/sbin:/usr/local/bin:/usr/sbin:/usr/bin:/sbin:/bin:/root/.vscode-server/extensions/ms-python.debugpy-2026.6.0-linux-x64/bundled/scripts/noConfigScripts', 'REMOTE_CONTAINERS_SOCKETS': '["/tmp/vscode-ssh-auth-8556e27b-e216-450b-b0cc-1f8365397382.sock"]', 'VSCODE_DEBUGPY_ADAPTER_ENDPOINTS': '/root/.vscode-server/extensions/ms-python.debugpy-2026.6.0-linux-x64/.noConfigDebugAdapterEndpoints/endpoint-1e3a0fbd7d538503.txt', 'LANG': 'C.UTF-8', 'PYTHONSTARTUP': '/root/.vscode-server/data/User/workspaceStorage/7242e97d3df64538730a6ed5a855f433/ms-python.python/pythonrc.py', 'LS_COLORS': 'rs=0:di=01;34:ln=01;36:mh=00:pi=40;33:so=01;35:do=01;35:bd=40;33;01:cd=40;33;01:or=40;31;01:mi=00:su=37;41:sg=30;43:ca=30;41:tw=30;42:ow=34;42:st=37;44:ex=01;32:*.tar=01;31:*.tgz=01;31:*.arc=01;31:*.arj=01;31:*.taz=01;31:*.lha=01;31:*.lz4=01;31:*.lzh=01;31:*.lzma=01;31:*.tlz=01;31:*.txz=01;31:*.tzo=01;31:*.t7z=01;31:*.zip=01;31:*.z=01;31:*.dz=01;31:*.gz=01;31:*.lrz=01;31:*.lz=01;31:*.lzo=01;31:*.xz=01;31:*.zst=01;31:*.tzst=01;31:*.bz2=01;31:*.bz=01;31:*.tbz=01;31:*.tbz2=01;31:*.tz=01;31:*.deb=01;31:*.rpm=01;31:*.jar=01;31:*.war=01;31:*.ear=01;31:*.sar=01;31:*.rar=01;31:*.alz=01;31:*.ace=01;31:*.zoo=01;31:*.cpio=01;31:*.7z=01;31:*.rz=01;31:*.cab=01;31:*.wim=01;31:*.swm=01;31:*.dwm=01;31:*.esd=01;31:*.jpg=01;35:*.jpeg=01;35:*.mjpg=01;35:*.mjpeg=01;35:*.gif=01;35:*.bmp=01;35:*.pbm=01;35:*.pgm=01;35:*.ppm=01;35:*.tga=01;35:*.xbm=01;35:*.xpm=01;35:*.tif=01;35:*.tiff=01;35:*.png=01;35:*.svg=01;35:*.svgz=01;35:*.mng=01;35:*.pcx=01;35:*.mov=01;35:*.mpg=01;35:*.mpeg=01;35:*.m2v=01;35:*.mkv=01;35:*.webm=01;35:*.webp=01;35:*.ogm=01;35:*.mp4=01;35:*.m4v=01;35:*.mp4v=01;35:*.vob=01;35:*.qt=01;35:*.nuv=01;35:*.wmv=01;35:*.asf=01;35:*.rm=01;35:*.rmvb=01;35:*.flc=01;35:*.avi=01;35:*.fli=01;35:*.flv=01;35:*.gl=01;35:*.dl=01;35:*.xcf=01;35:*.xwd=01;35:*.yuv=01;35:*.cgm=01;35:*.emf=01;35:*.ogv=01;35:*.ogx=01;35:*.aac=00;36:*.au=00;36:*.flac=00;36:*.m4a=00;36:*.mid=00;36:*.midi=00;36:*.mka=00;36:*.mp3=00;36:*.mpc=00;36:*.ogg=00;36:*.ra=00;36:*.wav=00;36:*.oga=00;36:*.opus=00;36:*.spx=00;36:*.xspf=00;36:', 'VSCODE_GIT_IPC_HANDLE': '/tmp/vscode-git-bb8c1a7c35.sock', 'TERM_PROGRAM': 'vscode', 'SSH_AUTH_SOCK': '/tmp/vscode-ssh-auth-8556e27b-e216-450b-b0cc-1f8365397382.sock', 'AMENT_PREFIX_PATH': '/workspaces/IRS_Rover_ROS2_Workspace/rover_ws/install/rover_stereocam:/workspaces/IRS_Rover_ROS2_Workspace/rover_ws/install/rover_perception:/workspaces/IRS_Rover_ROS2_Workspace/rover_ws/install/rover_lidar:/workspaces/IRS_Rover_ROS2_Workspace/rover_ws/install/rover_control_msgs:/workspaces/IRS_Rover_ROS2_Workspace/rover_ws/install/rover_control:/opt/ros/humble', 'SHELL': '/bin/bash', 'VSCODE_GIT_ASKPASS_EXTRA_ARGS': '', 'PWD': '/workspaces/IRS_Rover_ROS2_Workspace/rover_ws/build/rover_lidar', 'LC_ALL': 'C.UTF-8', 'COPILOT_DEBUG_NONCE': 'ebb28b2f47a55d9f123b03f75e673fb9', 'PYTHONPATH': '/workspaces/IRS_Rover_ROS2_Workspace/rover_ws/build/rover_lidar/prefix_override:/usr/lib/python3/dist-packages/colcon_core/task/python/colcon_distutils_commands:/workspaces/IRS_Rover_ROS2_Workspace/rover_ws/install/rover_lidar/lib/python3.10/site-packages:/workspaces/IRS_Rover_ROS2_Workspace/rover_ws/install/rover_stereocam/lib/python3.10/site-packages:/workspaces/IRS_Rover_ROS2_Workspace/rover_ws/install/rover_perception/lib/python3.10/site-packages:/workspaces/IRS_Rover_ROS2_Workspace/rover_ws/install/rover_lidar/lib/python3.10/site-packages:/workspaces/IRS_Rover_ROS2_Workspace/rover_ws/install/rover_control_msgs/local/lib/python3.10/dist-packages:/workspaces/IRS_Rover_ROS2_Workspace/rover_ws/install/rover_control/lib/python3.10/site-packages:/opt/ros/humble/lib/python3.10/site-packages:/opt/ros/humble/local/lib/python3.10/dist-packages', 'COLCON': '1', 'CMAKE_PREFIX_PATH': '/workspaces/IRS_Rover_ROS2_Workspace/rover_ws/install/rover_control_msgs'}, 'shell': False}
[2.151062] (rover_perception_msgs) StdoutLine: {'line': b'running egg_info\n'}
[2.156653] (rover_perception_msgs) StdoutLine: {'line': b'writing rover_perception_msgs.egg-info/PKG-INFO\n'}
[2.158374] (rover_perception_msgs) StdoutLine: {'line': b'writing dependency_links to rover_perception_msgs.egg-info/dependency_links.txt\n'}
[2.161997] (-) TimerEvent: {}
[2.165185] (rover_perception_msgs) StdoutLine: {'line': b'writing top-level names to rover_perception_msgs.egg-info/top_level.txt\n'}
[2.181017] (rover_perception_msgs) StdoutLine: {'line': b"reading manifest file 'rover_perception_msgs.egg-info/SOURCES.txt'\n"}
[2.186600] (rover_perception_msgs) StdoutLine: {'line': b"writing manifest file 'rover_perception_msgs.egg-info/SOURCES.txt'\n"}
[2.223857] (rover_control) Command: {'cmd': ['/usr/bin/python3', '-W', 'ignore:setup.py install is deprecated', '-W', 'ignore:easy_install command is deprecated', 'setup.py', 'egg_info', '--egg-base', '../../build/rover_control', 'build', '--build-base', '/workspaces/IRS_Rover_ROS2_Workspace/rover_ws/build/rover_control/build', 'install', '--record', '/workspaces/IRS_Rover_ROS2_Workspace/rover_ws/build/rover_control/install.log', '--single-version-externally-managed', 'install_data'], 'cwd': '/workspaces/IRS_Rover_ROS2_Workspace/rover_ws/src/rover_control', 'env': {'PYTHON_BASIC_REPL': '1', 'HOSTNAME': '06335fee11bd', 'GIT_ASKPASS': '/vscode/vscode-server/bin/linux-x64/4fe60c8b1cdac1c4c174f2fb180d0d758272d713/extensions/git/dist/askpass.sh', 'SHLVL': '2', 'LD_LIBRARY_PATH': '/workspaces/IRS_Rover_ROS2_Workspace/rover_ws/install/rover_control_msgs/lib:/opt/ros/humble/opt/rviz_ogre_vendor/lib:/opt/ros/humble/lib/x86_64-linux-gnu:/opt/ros/humble/lib', 'BROWSER': '/vscode/vscode-server/bin/linux-x64/4fe60c8b1cdac1c4c174f2fb180d0d758272d713/bin/helpers/browser.sh', 'HOME': '/root', 'OLDPWD': '/workspaces/IRS_Rover_ROS2_Workspace', 'TERM_PROGRAM_VERSION': '1.127.0', 'VSCODE_IPC_HOOK_CLI': '/tmp/vscode-ipc-a7d8417a-84e0-4652-a058-401c79ab84d0.sock', 'ROS_PYTHON_VERSION': '3', 'VSCODE_GIT_ASKPASS_MAIN': '/vscode/vscode-server/bin/linux-x64/4fe60c8b1cdac1c4c174f2fb180d0d758272d713/extensions/git/dist/askpass-main.js', 'VSCODE_GIT_ASKPASS_NODE': '/vscode/vscode-server/bin/linux-x64/4fe60c8b1cdac1c4c174f2fb180d0d758272d713/node', 'PYDEVD_DISABLE_FILE_VALIDATION': '1', 'BUNDLED_DEBUGPY_PATH': '/root/.vscode-server/extensions/ms-python.debugpy-2026.6.0-linux-x64/bundled/libs/debugpy', 'VSCODE_PYTHON_AUTOACTIVATE_GUARD': '1', 'COLORTERM': 'truecolor', 'REMOTE_CONTAINERS': 'true', 'COLCON_PREFIX_PATH': '/workspaces/IRS_Rover_ROS2_Workspace/rover_ws/install', 'ROS_DISTRO': 'humble', 'REMOTE_CONTAINERS_IPC': '/tmp/vscode-remote-containers-ipc-8556e27b-e216-450b-b0cc-1f8365397382.sock', '_': '/usr/bin/colcon', 'ROS_VERSION': '2', 'TERM': 'xterm-256color', 'ROS_LOCALHOST_ONLY': '0', 'PATH': '/root/.vscode-server/data/User/globalStorage/github.copilot-chat/debugCommand:/root/.vscode-server/data/User/globalStorage/github.copilot-chat/copilotCli:/vscode/vscode-server/bin/linux-x64/4fe60c8b1cdac1c4c174f2fb180d0d758272d713/bin/remote-cli:/opt/ros/humble/bin:/usr/local/sbin:/usr/local/bin:/usr/sbin:/usr/bin:/sbin:/bin:/root/.vscode-server/extensions/ms-python.debugpy-2026.6.0-linux-x64/bundled/scripts/noConfigScripts', 'REMOTE_CONTAINERS_SOCKETS': '["/tmp/vscode-ssh-auth-8556e27b-e216-450b-b0cc-1f8365397382.sock"]', 'VSCODE_DEBUGPY_ADAPTER_ENDPOINTS': '/root/.vscode-server/extensions/ms-python.debugpy-2026.6.0-linux-x64/.noConfigDebugAdapterEndpoints/endpoint-1e3a0fbd7d538503.txt', 'LANG': 'C.UTF-8', 'PYTHONSTARTUP': '/root/.vscode-server/data/User/workspaceStorage/7242e97d3df64538730a6ed5a855f433/ms-python.python/pythonrc.py', 'LS_COLORS': 'rs=0:di=01;34:ln=01;36:mh=00:pi=40;33:so=01;35:do=01;35:bd=40;33;01:cd=40;33;01:or=40;31;01:mi=00:su=37;41:sg=30;43:ca=30;41:tw=30;42:ow=34;42:st=37;44:ex=01;32:*.tar=01;31:*.tgz=01;31:*.arc=01;31:*.arj=01;31:*.taz=01;31:*.lha=01;31:*.lz4=01;31:*.lzh=01;31:*.lzma=01;31:*.tlz=01;31:*.txz=01;31:*.tzo=01;31:*.t7z=01;31:*.zip=01;31:*.z=01;31:*.dz=01;31:*.gz=01;31:*.lrz=01;31:*.lz=01;31:*.lzo=01;31:*.xz=01;31:*.zst=01;31:*.tzst=01;31:*.bz2=01;31:*.bz=01;31:*.tbz=01;31:*.tbz2=01;31:*.tz=01;31:*.deb=01;31:*.rpm=01;31:*.jar=01;31:*.war=01;31:*.ear=01;31:*.sar=01;31:*.rar=01;31:*.alz=01;31:*.ace=01;31:*.zoo=01;31:*.cpio=01;31:*.7z=01;31:*.rz=01;31:*.cab=01;31:*.wim=01;31:*.swm=01;31:*.dwm=01;31:*.esd=01;31:*.jpg=01;35:*.jpeg=01;35:*.mjpg=01;35:*.mjpeg=01;35:*.gif=01;35:*.bmp=01;35:*.pbm=01;35:*.pgm=01;35:*.ppm=01;35:*.tga=01;35:*.xbm=01;35:*.xpm=01;35:*.tif=01;35:*.tiff=01;35:*.png=01;35:*.svg=01;35:*.svgz=01;35:*.mng=01;35:*.pcx=01;35:*.mov=01;35:*.mpg=01;35:*.mpeg=01;35:*.m2v=01;35:*.mkv=01;35:*.webm=01;35:*.webp=01;35:*.ogm=01;35:*.mp4=01;35:*.m4v=01;35:*.mp4v=01;35:*.vob=01;35:*.qt=01;35:*.nuv=01;35:*.wmv=01;35:*.asf=01;35:*.rm=01;35:*.rmvb=01;35:*.flc=01;35:*.avi=01;35:*.fli=01;35:*.flv=01;35:*.gl=01;35:*.dl=01;35:*.xcf=01;35:*.xwd=01;35:*.yuv=01;35:*.cgm=01;35:*.emf=01;35:*.ogv=01;35:*.ogx=01;35:*.aac=00;36:*.au=00;36:*.flac=00;36:*.m4a=00;36:*.mid=00;36:*.midi=00;36:*.mka=00;36:*.mp3=00;36:*.mpc=00;36:*.ogg=00;36:*.ra=00;36:*.wav=00;36:*.oga=00;36:*.opus=00;36:*.spx=00;36:*.xspf=00;36:', 'VSCODE_GIT_IPC_HANDLE': '/tmp/vscode-git-bb8c1a7c35.sock', 'TERM_PROGRAM': 'vscode', 'SSH_AUTH_SOCK': '/tmp/vscode-ssh-auth-8556e27b-e216-450b-b0cc-1f8365397382.sock', 'AMENT_PREFIX_PATH': '/workspaces/IRS_Rover_ROS2_Workspace/rover_ws/install/rover_stereocam:/workspaces/IRS_Rover_ROS2_Workspace/rover_ws/install/rover_perception:/workspaces/IRS_Rover_ROS2_Workspace/rover_ws/install/rover_lidar:/workspaces/IRS_Rover_ROS2_Workspace/rover_ws/install/rover_control_msgs:/workspaces/IRS_Rover_ROS2_Workspace/rover_ws/install/rover_control:/opt/ros/humble', 'SHELL': '/bin/bash', 'VSCODE_GIT_ASKPASS_EXTRA_ARGS': '', 'PWD': '/workspaces/IRS_Rover_ROS2_Workspace/rover_ws/build/rover_control', 'LC_ALL': 'C.UTF-8', 'COPILOT_DEBUG_NONCE': 'ebb28b2f47a55d9f123b03f75e673fb9', 'PYTHONPATH': '/workspaces/IRS_Rover_ROS2_Workspace/rover_ws/build/rover_control/prefix_override:/usr/lib/python3/dist-packages/colcon_core/task/python/colcon_distutils_commands:/workspaces/IRS_Rover_ROS2_Workspace/rover_ws/install/rover_control/lib/python3.10/site-packages:/workspaces/IRS_Rover_ROS2_Workspace/rover_ws/install/rover_stereocam/lib/python3.10/site-packages:/workspaces/IRS_Rover_ROS2_Workspace/rover_ws/install/rover_perception/lib/python3.10/site-packages:/workspaces/IRS_Rover_ROS2_Workspace/rover_ws/install/rover_lidar/lib/python3.10/site-packages:/workspaces/IRS_Rover_ROS2_Workspace/rover_ws/install/rover_control_msgs/local/lib/python3.10/dist-packages:/workspaces/IRS_Rover_ROS2_Workspace/rover_ws/install/rover_control/lib/python3.10/site-packages:/opt/ros/humble/lib/python3.10/site-packages:/opt/ros/humble/local/lib/python3.10/dist-packages', 'COLCON': '1', 'CMAKE_PREFIX_PATH': '/workspaces/IRS_Rover_ROS2_Workspace/rover_ws/install/rover_control_msgs'}, 'shell': False}
[2.262570] (-) TimerEvent: {}
[2.301008] (rover_control_msgs) StdoutLine: {'line': b'[ 14%] Built target ament_cmake_python_copy_rover_control_msgs\n'}
[2.345147] (rover_perception_msgs) StdoutLine: {'line': b'[ 79%] Built target rover_perception_msgs__py\n'}
[2.363541] (-) TimerEvent: {}
[2.428849] (rover_perception_msgs) StdoutLine: {'line': b'[ 79%] Built target ament_cmake_python_build_rover_perception_msgs_egg\n'}
[2.462849] (rover_control_msgs) StdoutLine: {'line': b'[ 25%] Built target rover_control_msgs__rosidl_typesupport_fastrtps_c\n'}
[2.464554] (-) TimerEvent: {}
[2.566900] (-) TimerEvent: {}
[2.577614] (rover_control_msgs) StdoutLine: {'line': b'[ 46%] Built target rover_control_msgs__rosidl_typesupport_introspection_c\n'}
[2.581366] (rover_control_msgs) StdoutLine: {'line': b'[ 46%] Built target rover_control_msgs__rosidl_typesupport_c\n'}
[2.638373] (rover_control_msgs) StdoutLine: {'line': b'[ 58%] Built target rover_control_msgs__rosidl_typesupport_introspection_cpp\n'}
[2.652289] (rover_control_msgs) StdoutLine: {'line': b'[ 76%] Built target rover_control_msgs__rosidl_typesupport_fastrtps_cpp\n'}
[2.655508] (rover_control_msgs) StdoutLine: {'line': b'[ 78%] Built target rover_control_msgs__rosidl_typesupport_cpp\n'}
[2.667574] (-) TimerEvent: {}
[2.747548] (rover_perception_msgs) StdoutLine: {'line': b'[ 87%] Built target rover_perception_msgs__rosidl_generator_py\n'}
[2.768391] (-) TimerEvent: {}
[2.823536] (rover_control_msgs) StdoutLine: {'line': b'[ 78%] Built target rover_control_msgs\n'}
[2.846573] (rover_lidar) StdoutLine: {'line': b'running egg_info\n'}
[2.848939] (rover_lidar) StdoutLine: {'line': b'writing ../../build/rover_lidar/rover_lidar.egg-info/PKG-INFO\n'}
[2.851010] (rover_lidar) StdoutLine: {'line': b'writing dependency_links to ../../build/rover_lidar/rover_lidar.egg-info/dependency_links.txt\n'}
[2.853114] (rover_lidar) StdoutLine: {'line': b'writing entry points to ../../build/rover_lidar/rover_lidar.egg-info/entry_points.txt\n'}
[2.856177] (rover_lidar) StdoutLine: {'line': b'writing requirements to ../../build/rover_lidar/rover_lidar.egg-info/requires.txt\n'}
[2.857880] (rover_lidar) StdoutLine: {'line': b'writing top-level names to ../../build/rover_lidar/rover_lidar.egg-info/top_level.txt\n'}
[2.868663] (-) TimerEvent: {}
[2.870779] (rover_lidar) StdoutLine: {'line': b"reading manifest file '../../build/rover_lidar/rover_lidar.egg-info/SOURCES.txt'\n"}
[2.876091] (rover_lidar) StdoutLine: {'line': b"writing manifest file '../../build/rover_lidar/rover_lidar.egg-info/SOURCES.txt'\n"}
[2.878002] (rover_lidar) StdoutLine: {'line': b'running build\n'}
[2.887818] (rover_lidar) StdoutLine: {'line': b'running build_py\n'}
[2.892460] (rover_lidar) StdoutLine: {'line': b'running install\n'}
[2.894643] (rover_lidar) StdoutLine: {'line': b'running install_lib\n'}
[2.897239] (rover_lidar) StdoutLine: {'line': b'running install_data\n'}
[2.901192] (rover_lidar) StdoutLine: {'line': b'running install_egg_info\n'}
[2.903277] (rover_lidar) StdoutLine: {'line': b"removing '/workspaces/IRS_Rover_ROS2_Workspace/rover_ws/install/rover_lidar/lib/python3.10/site-packages/rover_lidar-0.0.0-py3.10.egg-info' (and everything under it)\n"}
[2.907479] (rover_lidar) StdoutLine: {'line': b'Copying ../../build/rover_lidar/rover_lidar.egg-info to /workspaces/IRS_Rover_ROS2_Workspace/rover_ws/install/rover_lidar/lib/python3.10/site-packages/rover_lidar-0.0.0-py3.10.egg-info\n'}
[2.945897] (rover_lidar) StdoutLine: {'line': b'running install_scripts\n'}
[2.969456] (-) TimerEvent: {}
[2.992414] (rover_control) StdoutLine: {'line': b'running egg_info\n'}
[2.997515] (rover_control) StdoutLine: {'line': b'writing ../../build/rover_control/rover_control.egg-info/PKG-INFO\n'}
[3.000139] (rover_lidar) StdoutLine: {'line': b'Installing fake_lidar_node script to /workspaces/IRS_Rover_ROS2_Workspace/rover_ws/install/rover_lidar/lib/rover_lidar\n'}
[3.001398] (rover_control) StdoutLine: {'line': b'writing dependency_links to ../../build/rover_control/rover_control.egg-info/dependency_links.txt\n'}
[3.002905] (rover_lidar) StdoutLine: {'line': b'Installing lidar_processing_node script to /workspaces/IRS_Rover_ROS2_Workspace/rover_ws/install/rover_lidar/lib/rover_lidar\n'}
[3.005856] (rover_control) StdoutLine: {'line': b'writing entry points to ../../build/rover_control/rover_control.egg-info/entry_points.txt\n'}
[3.009602] (rover_lidar) StdoutLine: {'line': b"writing list of installed files to '/workspaces/IRS_Rover_ROS2_Workspace/rover_ws/build/rover_lidar/install.log'\n"}
[3.011063] (rover_control) StdoutLine: {'line': b'writing requirements to ../../build/rover_control/rover_control.egg-info/requires.txt\n'}
[3.012137] (rover_control) StdoutLine: {'line': b'writing top-level names to ../../build/rover_control/rover_control.egg-info/top_level.txt\n'}
[3.027065] (rover_control) StdoutLine: {'line': b"reading manifest file '../../build/rover_control/rover_control.egg-info/SOURCES.txt'\n"}
[3.034543] (rover_control) StdoutLine: {'line': b"writing manifest file '../../build/rover_control/rover_control.egg-info/SOURCES.txt'\n"}
[3.036653] (rover_control) StdoutLine: {'line': b'running build\n'}
[3.038011] (rover_control) StdoutLine: {'line': b'running build_py\n'}
[3.043311] (rover_control) StdoutLine: {'line': b'running install\n'}
[3.044962] (rover_control) StdoutLine: {'line': b'running install_lib\n'}
[3.053580] (rover_control) StdoutLine: {'line': b'running install_data\n'}
[3.054627] (rover_control) StdoutLine: {'line': b'running install_egg_info\n'}
[3.062692] (rover_control) StdoutLine: {'line': b"removing '/workspaces/IRS_Rover_ROS2_Workspace/rover_ws/install/rover_control/lib/python3.10/site-packages/rover_control-0.0.0-py3.10.egg-info' (and everything under it)\n"}
[3.067642] (rover_lidar) CommandEnded: {'returncode': 0}
[3.069975] (-) TimerEvent: {}
[3.071761] (rover_control) StdoutLine: {'line': b'Copying ../../build/rover_control/rover_control.egg-info to /workspaces/IRS_Rover_ROS2_Workspace/rover_ws/install/rover_control/lib/python3.10/site-packages/rover_control-0.0.0-py3.10.egg-info\n'}
[3.075055] (rover_perception_msgs) StdoutLine: {'line': b'[ 91%] Built target rover_perception_msgs__rosidl_typesupport_c__pyext\n'}
[3.107809] (rover_control_msgs) StdoutLine: {'line': b'[ 80%] Built target rover_control_msgs__py\n'}
[3.111295] (rover_perception_msgs) StdoutLine: {'line': b'[ 95%] Built target rover_perception_msgs__rosidl_typesupport_introspection_c__pyext\n'}
[3.119715] (rover_perception_msgs) StdoutLine: {'line': b'[100%] Built target rover_perception_msgs__rosidl_typesupport_fastrtps_c__pyext\n'}
[3.122774] (rover_control) StdoutLine: {'line': b'running install_scripts\n'}
[3.165775] (rover_lidar) JobEnded: {'identifier': 'rover_lidar', 'rc': 0}
[3.178456] (-) TimerEvent: {}
[3.180519] (rover_control) StdoutLine: {'line': b'Installing command_node script to /workspaces/IRS_Rover_ROS2_Workspace/rover_ws/install/rover_control/lib/rover_control\n'}
[3.184594] (rover_control) StdoutLine: {'line': b'Installing fake_stm32_bridge_node script to /workspaces/IRS_Rover_ROS2_Workspace/rover_ws/install/rover_control/lib/rover_control\n'}
[3.190634] (rover_control) StdoutLine: {'line': b'Installing rover_pose_node script to /workspaces/IRS_Rover_ROS2_Workspace/rover_ws/install/rover_control/lib/rover_control\n'}
[3.196691] (rover_control) StdoutLine: {'line': b'Installing set_mode_node script to /workspaces/IRS_Rover_ROS2_Workspace/rover_ws/install/rover_control/lib/rover_control\n'}
[3.203033] (rover_control) StdoutLine: {'line': b'Installing stm_bridge_node script to /workspaces/IRS_Rover_ROS2_Workspace/rover_ws/install/rover_control/lib/rover_control\n'}
[3.209649] (rover_control) StdoutLine: {'line': b'Installing wifi_node script to /workspaces/IRS_Rover_ROS2_Workspace/rover_ws/install/rover_control/lib/rover_control\n'}
[3.217054] (rover_control) StdoutLine: {'line': b"writing list of installed files to '/workspaces/IRS_Rover_ROS2_Workspace/rover_ws/build/rover_control/install.log'\n"}
[3.245855] (rover_perception_msgs) CommandEnded: {'returncode': 0}
[3.260653] (rover_perception_msgs) JobProgress: {'identifier': 'rover_perception_msgs', 'progress': 'install'}
[3.279619] (-) TimerEvent: {}
[3.313774] (rover_perception_msgs) Command: {'cmd': ['/usr/bin/cmake', '--install', '/workspaces/IRS_Rover_ROS2_Workspace/rover_ws/build/rover_perception_msgs'], 'cwd': '/workspaces/IRS_Rover_ROS2_Workspace/rover_ws/build/rover_perception_msgs', 'env': OrderedDict([('PYTHON_BASIC_REPL', '1'), ('HOSTNAME', '06335fee11bd'), ('GIT_ASKPASS', '/vscode/vscode-server/bin/linux-x64/4fe60c8b1cdac1c4c174f2fb180d0d758272d713/extensions/git/dist/askpass.sh'), ('SHLVL', '2'), ('LD_LIBRARY_PATH', '/workspaces/IRS_Rover_ROS2_Workspace/rover_ws/install/rover_control_msgs/lib:/opt/ros/humble/opt/rviz_ogre_vendor/lib:/opt/ros/humble/lib/x86_64-linux-gnu:/opt/ros/humble/lib'), ('BROWSER', '/vscode/vscode-server/bin/linux-x64/4fe60c8b1cdac1c4c174f2fb180d0d758272d713/bin/helpers/browser.sh'), ('HOME', '/root'), ('OLDPWD', '/workspaces/IRS_Rover_ROS2_Workspace'), ('TERM_PROGRAM_VERSION', '1.127.0'), ('VSCODE_IPC_HOOK_CLI', '/tmp/vscode-ipc-a7d8417a-84e0-4652-a058-401c79ab84d0.sock'), ('ROS_PYTHON_VERSION', '3'), ('VSCODE_GIT_ASKPASS_MAIN', '/vscode/vscode-server/bin/linux-x64/4fe60c8b1cdac1c4c174f2fb180d0d758272d713/extensions/git/dist/askpass-main.js'), ('VSCODE_GIT_ASKPASS_NODE', '/vscode/vscode-server/bin/linux-x64/4fe60c8b1cdac1c4c174f2fb180d0d758272d713/node'), ('PYDEVD_DISABLE_FILE_VALIDATION', '1'), ('BUNDLED_DEBUGPY_PATH', '/root/.vscode-server/extensions/ms-python.debugpy-2026.6.0-linux-x64/bundled/libs/debugpy'), ('VSCODE_PYTHON_AUTOACTIVATE_GUARD', '1'), ('COLORTERM', 'truecolor'), ('REMOTE_CONTAINERS', 'true'), ('COLCON_PREFIX_PATH', '/workspaces/IRS_Rover_ROS2_Workspace/rover_ws/install'), ('ROS_DISTRO', 'humble'), ('REMOTE_CONTAINERS_IPC', '/tmp/vscode-remote-containers-ipc-8556e27b-e216-450b-b0cc-1f8365397382.sock'), ('_', '/usr/bin/colcon'), ('ROS_VERSION', '2'), ('TERM', 'xterm-256color'), ('ROS_LOCALHOST_ONLY', '0'), ('PATH', '/root/.vscode-server/data/User/globalStorage/github.copilot-chat/debugCommand:/root/.vscode-server/data/User/globalStorage/github.copilot-chat/copilotCli:/vscode/vscode-server/bin/linux-x64/4fe60c8b1cdac1c4c174f2fb180d0d758272d713/bin/remote-cli:/opt/ros/humble/bin:/usr/local/sbin:/usr/local/bin:/usr/sbin:/usr/bin:/sbin:/bin:/root/.vscode-server/extensions/ms-python.debugpy-2026.6.0-linux-x64/bundled/scripts/noConfigScripts'), ('REMOTE_CONTAINERS_SOCKETS', '["/tmp/vscode-ssh-auth-8556e27b-e216-450b-b0cc-1f8365397382.sock"]'), ('VSCODE_DEBUGPY_ADAPTER_ENDPOINTS', '/root/.vscode-server/extensions/ms-python.debugpy-2026.6.0-linux-x64/.noConfigDebugAdapterEndpoints/endpoint-1e3a0fbd7d538503.txt'), ('LANG', 'C.UTF-8'), ('PYTHONSTARTUP', '/root/.vscode-server/data/User/workspaceStorage/7242e97d3df64538730a6ed5a855f433/ms-python.python/pythonrc.py'), ('LS_COLORS', 'rs=0:di=01;34:ln=01;36:mh=00:pi=40;33:so=01;35:do=01;35:bd=40;33;01:cd=40;33;01:or=40;31;01:mi=00:su=37;41:sg=30;43:ca=30;41:tw=30;42:ow=34;42:st=37;44:ex=01;32:*.tar=01;31:*.tgz=01;31:*.arc=01;31:*.arj=01;31:*.taz=01;31:*.lha=01;31:*.lz4=01;31:*.lzh=01;31:*.lzma=01;31:*.tlz=01;31:*.txz=01;31:*.tzo=01;31:*.t7z=01;31:*.zip=01;31:*.z=01;31:*.dz=01;31:*.gz=01;31:*.lrz=01;31:*.lz=01;31:*.lzo=01;31:*.xz=01;31:*.zst=01;31:*.tzst=01;31:*.bz2=01;31:*.bz=01;31:*.tbz=01;31:*.tbz2=01;31:*.tz=01;31:*.deb=01;31:*.rpm=01;31:*.jar=01;31:*.war=01;31:*.ear=01;31:*.sar=01;31:*.rar=01;31:*.alz=01;31:*.ace=01;31:*.zoo=01;31:*.cpio=01;31:*.7z=01;31:*.rz=01;31:*.cab=01;31:*.wim=01;31:*.swm=01;31:*.dwm=01;31:*.esd=01;31:*.jpg=01;35:*.jpeg=01;35:*.mjpg=01;35:*.mjpeg=01;35:*.gif=01;35:*.bmp=01;35:*.pbm=01;35:*.pgm=01;35:*.ppm=01;35:*.tga=01;35:*.xbm=01;35:*.xpm=01;35:*.tif=01;35:*.tiff=01;35:*.png=01;35:*.svg=01;35:*.svgz=01;35:*.mng=01;35:*.pcx=01;35:*.mov=01;35:*.mpg=01;35:*.mpeg=01;35:*.m2v=01;35:*.mkv=01;35:*.webm=01;35:*.webp=01;35:*.ogm=01;35:*.mp4=01;35:*.m4v=01;35:*.mp4v=01;35:*.vob=01;35:*.qt=01;35:*.nuv=01;35:*.wmv=01;35:*.asf=01;35:*.rm=01;35:*.rmvb=01;35:*.flc=01;35:*.avi=01;35:*.fli=01;35:*.flv=01;35:*.gl=01;35:*.dl=01;35:*.xcf=01;35:*.xwd=01;35:*.yuv=01;35:*.cgm=01;35:*.emf=01;35:*.ogv=01;35:*.ogx=01;35:*.aac=00;36:*.au=00;36:*.flac=00;36:*.m4a=00;36:*.mid=00;36:*.midi=00;36:*.mka=00;36:*.mp3=00;36:*.mpc=00;36:*.ogg=00;36:*.ra=00;36:*.wav=00;36:*.oga=00;36:*.opus=00;36:*.spx=00;36:*.xspf=00;36:'), ('VSCODE_GIT_IPC_HANDLE', '/tmp/vscode-git-bb8c1a7c35.sock'), ('TERM_PROGRAM', 'vscode'), ('SSH_AUTH_SOCK', '/tmp/vscode-ssh-auth-8556e27b-e216-450b-b0cc-1f8365397382.sock'), ('AMENT_PREFIX_PATH', '/workspaces/IRS_Rover_ROS2_Workspace/rover_ws/install/rover_stereocam:/workspaces/IRS_Rover_ROS2_Workspace/rover_ws/install/rover_perception:/workspaces/IRS_Rover_ROS2_Workspace/rover_ws/install/rover_lidar:/workspaces/IRS_Rover_ROS2_Workspace/rover_ws/install/rover_control_msgs:/workspaces/IRS_Rover_ROS2_Workspace/rover_ws/install/rover_control:/opt/ros/humble'), ('SHELL', '/bin/bash'), ('VSCODE_GIT_ASKPASS_EXTRA_ARGS', ''), ('PWD', '/workspaces/IRS_Rover_ROS2_Workspace/rover_ws/build/rover_perception_msgs'), ('LC_ALL', 'C.UTF-8'), ('COPILOT_DEBUG_NONCE', 'ebb28b2f47a55d9f123b03f75e673fb9'), ('PYTHONPATH', '/workspaces/IRS_Rover_ROS2_Workspace/rover_ws/install/rover_stereocam/lib/python3.10/site-packages:/workspaces/IRS_Rover_ROS2_Workspace/rover_ws/install/rover_perception/lib/python3.10/site-packages:/workspaces/IRS_Rover_ROS2_Workspace/rover_ws/install/rover_lidar/lib/python3.10/site-packages:/workspaces/IRS_Rover_ROS2_Workspace/rover_ws/install/rover_control_msgs/local/lib/python3.10/dist-packages:/workspaces/IRS_Rover_ROS2_Workspace/rover_ws/install/rover_control/lib/python3.10/site-packages:/opt/ros/humble/lib/python3.10/site-packages:/opt/ros/humble/local/lib/python3.10/dist-packages'), ('COLCON', '1'), ('CMAKE_PREFIX_PATH', '/workspaces/IRS_Rover_ROS2_Workspace/rover_ws/install/rover_control_msgs:/workspaces/IRS_Rover_ROS2_Workspace/rover_ws/install/rover_stereocam:/workspaces/IRS_Rover_ROS2_Workspace/rover_ws/install/rover_perception:/workspaces/IRS_Rover_ROS2_Workspace/rover_ws/install/rover_lidar:/workspaces/IRS_Rover_ROS2_Workspace/rover_ws/install/rover_control:/opt/ros/humble')]), 'shell': False}
[3.318603] (rover_control_msgs) StdoutLine: {'line': b'[ 89%] Built target rover_control_msgs__rosidl_generator_py\n'}
[3.324146] (rover_control) CommandEnded: {'returncode': 0}
[3.344211] (rover_control_msgs) StdoutLine: {'line': b'running egg_info\n'}
[3.347725] (rover_control_msgs) StdoutLine: {'line': b'writing rover_control_msgs.egg-info/PKG-INFO\n'}
[3.348999] (rover_control_msgs) StdoutLine: {'line': b'writing dependency_links to rover_control_msgs.egg-info/dependency_links.txt\n'}
[3.352023] (rover_control_msgs) StdoutLine: {'line': b'writing top-level names to rover_control_msgs.egg-info/top_level.txt\n'}
[3.368252] (rover_control_msgs) StdoutLine: {'line': b"reading manifest file 'rover_control_msgs.egg-info/SOURCES.txt'\n"}
[3.371730] (rover_control_msgs) StdoutLine: {'line': b"writing manifest file 'rover_control_msgs.egg-info/SOURCES.txt'\n"}
[3.380599] (-) TimerEvent: {}
[3.399560] (rover_control) JobEnded: {'identifier': 'rover_control', 'rc': 0}
[3.417188] (rover_perception_msgs) StdoutLine: {'line': b'-- Install configuration: ""\n'}
[3.419659] (rover_perception_msgs) StdoutLine: {'line': b'-- Up-to-date: /workspaces/IRS_Rover_ROS2_Workspace/rover_ws/install/rover_perception_msgs/share/ament_index/resource_index/rosidl_interfaces/rover_perception_msgs\n'}
[3.421383] (rover_perception_msgs) StdoutLine: {'line': b'-- Up-to-date: /workspaces/IRS_Rover_ROS2_Workspace/rover_ws/install/rover_perception_msgs/include/rover_perception_msgs/rover_perception_msgs\n'}
[3.422909] (rover_perception_msgs) StdoutLine: {'line': b'-- Up-to-date: /workspaces/IRS_Rover_ROS2_Workspace/rover_ws/install/rover_perception_msgs/include/rover_perception_msgs/rover_perception_msgs/msg\n'}
[3.425665] (rover_perception_msgs) StdoutLine: {'line': b'-- Up-to-date: /workspaces/IRS_Rover_ROS2_Workspace/rover_ws/install/rover_perception_msgs/include/rover_perception_msgs/rover_perception_msgs/msg/rosidl_generator_c__visibility_control.h\n'}
[3.426916] (rover_perception_msgs) StdoutLine: {'line': b'-- Up-to-date: /workspaces/IRS_Rover_ROS2_Workspace/rover_ws/install/rover_perception_msgs/include/rover_perception_msgs/rover_perception_msgs/msg/terrain_grid.h\n'}
[3.428844] (rover_perception_msgs) StdoutLine: {'line': b'-- Up-to-date: /workspaces/IRS_Rover_ROS2_Workspace/rover_ws/install/rover_perception_msgs/include/rover_perception_msgs/rover_perception_msgs/msg/led_detection_array.h\n'}
[3.431193] (rover_perception_msgs) StdoutLine: {'line': b'-- Up-to-date: /workspaces/IRS_Rover_ROS2_Workspace/rover_ws/install/rover_perception_msgs/include/rover_perception_msgs/rover_perception_msgs/msg/detail\n'}
[3.433822] (rover_perception_msgs) StdoutLine: {'line': b'-- Up-to-date: /workspaces/IRS_Rover_ROS2_Workspace/rover_ws/install/rover_perception_msgs/include/rover_perception_msgs/rover_perception_msgs/msg/detail/terrain_grid__functions.c\n'}
[3.435500] (rover_perception_msgs) StdoutLine: {'line': b'-- Up-to-date: /workspaces/IRS_Rover_ROS2_Workspace/rover_ws/install/rover_perception_msgs/include/rover_perception_msgs/rover_perception_msgs/msg/detail/led_detection_array__struct.h\n'}
[3.436787] (rover_perception_msgs) StdoutLine: {'line': b'-- Up-to-date: /workspaces/IRS_Rover_ROS2_Workspace/rover_ws/install/rover_perception_msgs/include/rover_perception_msgs/rover_perception_msgs/msg/detail/terrain_grid__type_support.h\n'}
[3.438291] (rover_perception_msgs) StdoutLine: {'line': b'-- Up-to-date: /workspaces/IRS_Rover_ROS2_Workspace/rover_ws/install/rover_perception_msgs/include/rover_perception_msgs/rover_perception_msgs/msg/detail/led_detection__struct.h\n'}
[3.440023] (rover_perception_msgs) StdoutLine: {'line': b'-- Up-to-date: /workspaces/IRS_Rover_ROS2_Workspace/rover_ws/install/rover_perception_msgs/include/rover_perception_msgs/rover_perception_msgs/msg/detail/led_detection_array__functions.h\n'}
[3.441448] (rover_perception_msgs) StdoutLine: {'line': b'-- Up-to-date: /workspaces/IRS_Rover_ROS2_Workspace/rover_ws/install/rover_perception_msgs/include/rover_perception_msgs/rover_perception_msgs/msg/detail/led_detection__functions.h\n'}
[3.442646] (rover_perception_msgs) StdoutLine: {'line': b'-- Up-to-date: /workspaces/IRS_Rover_ROS2_Workspace/rover_ws/install/rover_perception_msgs/include/rover_perception_msgs/rover_perception_msgs/msg/detail/led_detection__type_support.h\n'}
[3.444847] (rover_perception_msgs) StdoutLine: {'line': b'-- Up-to-date: /workspaces/IRS_Rover_ROS2_Workspace/rover_ws/install/rover_perception_msgs/include/rover_perception_msgs/rover_perception_msgs/msg/detail/terrain_grid__struct.h\n'}
[3.445888] (rover_perception_msgs) StdoutLine: {'line': b'-- Up-to-date: /workspaces/IRS_Rover_ROS2_Workspace/rover_ws/install/rover_perception_msgs/include/rover_perception_msgs/rover_perception_msgs/msg/detail/terrain_grid__functions.h\n'}
[3.447646] (rover_perception_msgs) StdoutLine: {'line': b'-- Up-to-date: /workspaces/IRS_Rover_ROS2_Workspace/rover_ws/install/rover_perception_msgs/include/rover_perception_msgs/rover_perception_msgs/msg/detail/led_detection_array__type_support.h\n'}
[3.448827] (rover_perception_msgs) StdoutLine: {'line': b'-- Up-to-date: /workspaces/IRS_Rover_ROS2_Workspace/rover_ws/install/rover_perception_msgs/include/rover_perception_msgs/rover_perception_msgs/msg/detail/led_detection_array__functions.c\n'}
[3.450044] (rover_perception_msgs) StdoutLine: {'line': b'-- Up-to-date: /workspaces/IRS_Rover_ROS2_Workspace/rover_ws/install/rover_perception_msgs/include/rover_perception_msgs/rover_perception_msgs/msg/detail/led_detection__functions.c\n'}
[3.451205] (rover_perception_msgs) StdoutLine: {'line': b'-- Up-to-date: /workspaces/IRS_Rover_ROS2_Workspace/rover_ws/install/rover_perception_msgs/include/rover_perception_msgs/rover_perception_msgs/msg/led_detection.h\n'}
[3.452775] (rover_perception_msgs) StdoutLine: {'line': b'-- Up-to-date: /workspaces/IRS_Rover_ROS2_Workspace/rover_ws/install/rover_perception_msgs/share/rover_perception_msgs/environment/library_path.sh\n'}
[3.454368] (rover_perception_msgs) StdoutLine: {'line': b'-- Up-to-date: /workspaces/IRS_Rover_ROS2_Workspace/rover_ws/install/rover_perception_msgs/share/rover_perception_msgs/environment/library_path.dsv\n'}
[3.455772] (rover_perception_msgs) StdoutLine: {'line': b'-- Up-to-date: /workspaces/IRS_Rover_ROS2_Workspace/rover_ws/install/rover_perception_msgs/lib/librover_perception_msgs__rosidl_generator_c.so\n'}
[3.456769] (rover_perception_msgs) StdoutLine: {'line': b'-- Up-to-date: /workspaces/IRS_Rover_ROS2_Workspace/rover_ws/install/rover_perception_msgs/include/rover_perception_msgs/rover_perception_msgs\n'}
[3.458559] (rover_perception_msgs) StdoutLine: {'line': b'-- Up-to-date: /workspaces/IRS_Rover_ROS2_Workspace/rover_ws/install/rover_perception_msgs/include/rover_perception_msgs/rover_perception_msgs/msg\n'}
[3.460829] (rover_perception_msgs) StdoutLine: {'line': b'-- Up-to-date: /workspaces/IRS_Rover_ROS2_Workspace/rover_ws/install/rover_perception_msgs/include/rover_perception_msgs/rover_perception_msgs/msg/detail\n'}
[3.463081] (rover_perception_msgs) StdoutLine: {'line': b'-- Up-to-date: /workspaces/IRS_Rover_ROS2_Workspace/rover_ws/install/rover_perception_msgs/include/rover_perception_msgs/rover_perception_msgs/msg/detail/led_detection__rosidl_typesupport_fastrtps_c.h\n'}
[3.466465] (rover_perception_msgs) StdoutLine: {'line': b'-- Up-to-date: /workspaces/IRS_Rover_ROS2_Workspace/rover_ws/install/rover_perception_msgs/include/rover_perception_msgs/rover_perception_msgs/msg/detail/led_detection_array__rosidl_typesupport_fastrtps_c.h\n'}
[3.469253] (rover_perception_msgs) StdoutLine: {'line': b'-- Up-to-date: /workspaces/IRS_Rover_ROS2_Workspace/rover_ws/install/rover_perception_msgs/include/rover_perception_msgs/rover_perception_msgs/msg/detail/terrain_grid__rosidl_typesupport_fastrtps_c.h\n'}
[3.472677] (rover_perception_msgs) StdoutLine: {'line': b'-- Up-to-date: /workspaces/IRS_Rover_ROS2_Workspace/rover_ws/install/rover_perception_msgs/include/rover_perception_msgs/rover_perception_msgs/msg/rosidl_typesupport_fastrtps_c__visibility_control.h\n'}
[3.475476] (rover_perception_msgs) StdoutLine: {'line': b'-- Up-to-date: /workspaces/IRS_Rover_ROS2_Workspace/rover_ws/install/rover_perception_msgs/lib/librover_perception_msgs__rosidl_typesupport_fastrtps_c.so\n'}
[3.481265] (rover_perception_msgs) StdoutLine: {'line': b'-- Up-to-date: /workspaces/IRS_Rover_ROS2_Workspace/rover_ws/install/rover_perception_msgs/include/rover_perception_msgs/rover_perception_msgs\n'}
[3.483625] (-) TimerEvent: {}
[3.484324] (rover_perception_msgs) StdoutLine: {'line': b'-- Up-to-date: /workspaces/IRS_Rover_ROS2_Workspace/rover_ws/install/rover_perception_msgs/include/rover_perception_msgs/rover_perception_msgs/msg\n'}
[3.485577] (rover_perception_msgs) StdoutLine: {'line': b'-- Up-to-date: /workspaces/IRS_Rover_ROS2_Workspace/rover_ws/install/rover_perception_msgs/include/rover_perception_msgs/rover_perception_msgs/msg/detail\n'}
[3.489261] (rover_perception_msgs) StdoutLine: {'line': b'-- Up-to-date: /workspaces/IRS_Rover_ROS2_Workspace/rover_ws/install/rover_perception_msgs/include/rover_perception_msgs/rover_perception_msgs/msg/detail/led_detection__type_support.c\n'}
[3.490732] (rover_perception_msgs) StdoutLine: {'line': b'-- Up-to-date: /workspaces/IRS_Rover_ROS2_Workspace/rover_ws/install/rover_perception_msgs/include/rover_perception_msgs/rover_perception_msgs/msg/detail/terrain_grid__rosidl_typesupport_introspection_c.h\n'}
[3.492243] (rover_perception_msgs) StdoutLine: {'line': b'-- Up-to-date: /workspaces/IRS_Rover_ROS2_Workspace/rover_ws/install/rover_perception_msgs/include/rover_perception_msgs/rover_perception_msgs/msg/detail/led_detection_array__type_support.c\n'}
[3.495928] (rover_perception_msgs) StdoutLine: {'line': b'-- Up-to-date: /workspaces/IRS_Rover_ROS2_Workspace/rover_ws/install/rover_perception_msgs/include/rover_perception_msgs/rover_perception_msgs/msg/detail/led_detection__rosidl_typesupport_introspection_c.h\n'}
[3.498010] (rover_perception_msgs) StdoutLine: {'line': b'-- Up-to-date: /workspaces/IRS_Rover_ROS2_Workspace/rover_ws/install/rover_perception_msgs/include/rover_perception_msgs/rover_perception_msgs/msg/detail/terrain_grid__type_support.c\n'}
[3.501939] (rover_control_msgs) StdoutLine: {'line': b'[ 89%] Built target ament_cmake_python_build_rover_control_msgs_egg\n'}
[3.503570] (rover_perception_msgs) StdoutLine: {'line': b'-- Up-to-date: /workspaces/IRS_Rover_ROS2_Workspace/rover_ws/install/rover_perception_msgs/include/rover_perception_msgs/rover_perception_msgs/msg/detail/led_detection_array__rosidl_typesupport_introspection_c.h\n'}
[3.505407] (rover_perception_msgs) StdoutLine: {'line': b'-- Up-to-date: /workspaces/IRS_Rover_ROS2_Workspace/rover_ws/install/rover_perception_msgs/include/rover_perception_msgs/rover_perception_msgs/msg/rosidl_typesupport_introspection_c__visibility_control.h\n'}
[3.507167] (rover_perception_msgs) StdoutLine: {'line': b'-- Up-to-date: /workspaces/IRS_Rover_ROS2_Workspace/rover_ws/install/rover_perception_msgs/lib/librover_perception_msgs__rosidl_typesupport_introspection_c.so\n'}
[3.511314] (rover_perception_msgs) StdoutLine: {'line': b'-- Up-to-date: /workspaces/IRS_Rover_ROS2_Workspace/rover_ws/install/rover_perception_msgs/lib/librover_perception_msgs__rosidl_typesupport_c.so\n'}
[3.514532] (rover_perception_msgs) StdoutLine: {'line': b'-- Up-to-date: /workspaces/IRS_Rover_ROS2_Workspace/rover_ws/install/rover_perception_msgs/include/rover_perception_msgs/rover_perception_msgs\n'}
[3.517620] (rover_perception_msgs) StdoutLine: {'line': b'-- Up-to-date: /workspaces/IRS_Rover_ROS2_Workspace/rover_ws/install/rover_perception_msgs/include/rover_perception_msgs/rover_perception_msgs/msg\n'}
[3.522777] (rover_perception_msgs) StdoutLine: {'line': b'-- Up-to-date: /workspaces/IRS_Rover_ROS2_Workspace/rover_ws/install/rover_perception_msgs/include/rover_perception_msgs/rover_perception_msgs/msg/terrain_grid.hpp\n'}
[3.524835] (rover_perception_msgs) StdoutLine: {'line': b'-- Up-to-date: /workspaces/IRS_Rover_ROS2_Workspace/rover_ws/install/rover_perception_msgs/include/rover_perception_msgs/rover_perception_msgs/msg/led_detection_array.hpp\n'}
[3.526503] (rover_perception_msgs) StdoutLine: {'line': b'-- Up-to-date: /workspaces/IRS_Rover_ROS2_Workspace/rover_ws/install/rover_perception_msgs/include/rover_perception_msgs/rover_perception_msgs/msg/led_detection.hpp\n'}
[3.527861] (rover_perception_msgs) StdoutLine: {'line': b'-- Up-to-date: /workspaces/IRS_Rover_ROS2_Workspace/rover_ws/install/rover_perception_msgs/include/rover_perception_msgs/rover_perception_msgs/msg/detail\n'}
[3.530360] (rover_perception_msgs) StdoutLine: {'line': b'-- Up-to-date: /workspaces/IRS_Rover_ROS2_Workspace/rover_ws/install/rover_perception_msgs/include/rover_perception_msgs/rover_perception_msgs/msg/detail/led_detection_array__traits.hpp\n'}
[3.532316] (rover_perception_msgs) StdoutLine: {'line': b'-- Up-to-date: /workspaces/IRS_Rover_ROS2_Workspace/rover_ws/install/rover_perception_msgs/include/rover_perception_msgs/rover_perception_msgs/msg/detail/terrain_grid__type_support.hpp\n'}
[3.533611] (rover_perception_msgs) StdoutLine: {'line': b'-- Up-to-date: /workspaces/IRS_Rover_ROS2_Workspace/rover_ws/install/rover_perception_msgs/include/rover_perception_msgs/rover_perception_msgs/msg/detail/led_detection__struct.hpp\n'}
[3.535334] (rover_perception_msgs) StdoutLine: {'line': b'-- Up-to-date: /workspaces/IRS_Rover_ROS2_Workspace/rover_ws/install/rover_perception_msgs/include/rover_perception_msgs/rover_perception_msgs/msg/detail/terrain_grid__builder.hpp\n'}
[3.536615] (rover_perception_msgs) StdoutLine: {'line': b'-- Up-to-date: /workspaces/IRS_Rover_ROS2_Workspace/rover_ws/install/rover_perception_msgs/include/rover_perception_msgs/rover_perception_msgs/msg/detail/led_detection_array__type_support.hpp\n'}
[3.538114] (rover_perception_msgs) StdoutLine: {'line': b'-- Up-to-date: /workspaces/IRS_Rover_ROS2_Workspace/rover_ws/install/rover_perception_msgs/include/rover_perception_msgs/rover_perception_msgs/msg/detail/terrain_grid__traits.hpp\n'}
[3.539868] (rover_perception_msgs) StdoutLine: {'line': b'-- Up-to-date: /workspaces/IRS_Rover_ROS2_Workspace/rover_ws/install/rover_perception_msgs/include/rover_perception_msgs/rover_perception_msgs/msg/detail/led_detection__builder.hpp\n'}
[3.542510] (rover_perception_msgs) StdoutLine: {'line': b'-- Up-to-date: /workspaces/IRS_Rover_ROS2_Workspace/rover_ws/install/rover_perception_msgs/include/rover_perception_msgs/rover_perception_msgs/msg/detail/led_detection_array__struct.hpp\n'}
[3.543844] (rover_perception_msgs) StdoutLine: {'line': b'-- Up-to-date: /workspaces/IRS_Rover_ROS2_Workspace/rover_ws/install/rover_perception_msgs/include/rover_perception_msgs/rover_perception_msgs/msg/detail/led_detection_array__builder.hpp\n'}
[3.545243] (rover_perception_msgs) StdoutLine: {'line': b'-- Up-to-date: /workspaces/IRS_Rover_ROS2_Workspace/rover_ws/install/rover_perception_msgs/include/rover_perception_msgs/rover_perception_msgs/msg/detail/led_detection__traits.hpp\n'}
[3.547384] (rover_perception_msgs) StdoutLine: {'line': b'-- Up-to-date: /workspaces/IRS_Rover_ROS2_Workspace/rover_ws/install/rover_perception_msgs/include/rover_perception_msgs/rover_perception_msgs/msg/detail/terrain_grid__struct.hpp\n'}
[3.548982] (rover_perception_msgs) StdoutLine: {'line': b'-- Up-to-date: /workspaces/IRS_Rover_ROS2_Workspace/rover_ws/install/rover_perception_msgs/include/rover_perception_msgs/rover_perception_msgs/msg/detail/led_detection__type_support.hpp\n'}
[3.550617] (rover_perception_msgs) StdoutLine: {'line': b'-- Up-to-date: /workspaces/IRS_Rover_ROS2_Workspace/rover_ws/install/rover_perception_msgs/include/rover_perception_msgs/rover_perception_msgs/msg/rosidl_generator_cpp__visibility_control.hpp\n'}
[3.552526] (rover_perception_msgs) StdoutLine: {'line': b'-- Up-to-date: /workspaces/IRS_Rover_ROS2_Workspace/rover_ws/install/rover_perception_msgs/include/rover_perception_msgs/rover_perception_msgs\n'}
[3.553701] (rover_perception_msgs) StdoutLine: {'line': b'-- Up-to-date: /workspaces/IRS_Rover_ROS2_Workspace/rover_ws/install/rover_perception_msgs/include/rover_perception_msgs/rover_perception_msgs/msg\n'}
[3.555478] (rover_perception_msgs) StdoutLine: {'line': b'-- Up-to-date: /workspaces/IRS_Rover_ROS2_Workspace/rover_ws/install/rover_perception_msgs/include/rover_perception_msgs/rover_perception_msgs/msg/rosidl_typesupport_fastrtps_cpp__visibility_control.h\n'}
[3.556638] (rover_perception_msgs) StdoutLine: {'line': b'-- Up-to-date: /workspaces/IRS_Rover_ROS2_Workspace/rover_ws/install/rover_perception_msgs/include/rover_perception_msgs/rover_perception_msgs/msg/detail\n'}
[3.559501] (rover_perception_msgs) StdoutLine: {'line': b'-- Up-to-date: /workspaces/IRS_Rover_ROS2_Workspace/rover_ws/install/rover_perception_msgs/include/rover_perception_msgs/rover_perception_msgs/msg/detail/terrain_grid__rosidl_typesupport_fastrtps_cpp.hpp\n'}
[3.564154] (rover_perception_msgs) StdoutLine: {'line': b'-- Up-to-date: /workspaces/IRS_Rover_ROS2_Workspace/rover_ws/install/rover_perception_msgs/include/rover_perception_msgs/rover_perception_msgs/msg/detail/led_detection_array__rosidl_typesupport_fastrtps_cpp.hpp\n'}
[3.565513] (rover_perception_msgs) StdoutLine: {'line': b'-- Up-to-date: /workspaces/IRS_Rover_ROS2_Workspace/rover_ws/install/rover_perception_msgs/include/rover_perception_msgs/rover_perception_msgs/msg/detail/dds_fastrtps\n'}
[3.568100] (rover_perception_msgs) StdoutLine: {'line': b'-- Up-to-date: /workspaces/IRS_Rover_ROS2_Workspace/rover_ws/install/rover_perception_msgs/include/rover_perception_msgs/rover_perception_msgs/msg/detail/led_detection__rosidl_typesupport_fastrtps_cpp.hpp\n'}
[3.570952] (rover_perception_msgs) StdoutLine: {'line': b'-- Up-to-date: /workspaces/IRS_Rover_ROS2_Workspace/rover_ws/install/rover_perception_msgs/lib/librover_perception_msgs__rosidl_typesupport_fastrtps_cpp.so\n'}
[3.574450] (rover_perception_msgs) StdoutLine: {'line': b'-- Up-to-date: /workspaces/IRS_Rover_ROS2_Workspace/rover_ws/install/rover_perception_msgs/include/rover_perception_msgs/rover_perception_msgs\n'}
[3.576640] (rover_perception_msgs) StdoutLine: {'line': b'-- Up-to-date: /workspaces/IRS_Rover_ROS2_Workspace/rover_ws/install/rover_perception_msgs/include/rover_perception_msgs/rover_perception_msgs/msg\n'}
[3.578894] (rover_perception_msgs) StdoutLine: {'line': b'-- Up-to-date: /workspaces/IRS_Rover_ROS2_Workspace/rover_ws/install/rover_perception_msgs/include/rover_perception_msgs/rover_perception_msgs/msg/detail\n'}
[3.581652] (rover_perception_msgs) StdoutLine: {'line': b'-- Up-to-date: /workspaces/IRS_Rover_ROS2_Workspace/rover_ws/install/rover_perception_msgs/include/rover_perception_msgs/rover_perception_msgs/msg/detail/led_detection_array__rosidl_typesupport_introspection_cpp.hpp\n'}
[3.583407] (rover_perception_msgs) StdoutLine: {'line': b'-- Up-to-date: /workspaces/IRS_Rover_ROS2_Workspace/rover_ws/install/rover_perception_msgs/include/rover_perception_msgs/rover_perception_msgs/msg/detail/led_detection__type_support.cpp\n'}
[3.584969] (-) TimerEvent: {}
[3.585553] (rover_perception_msgs) StdoutLine: {'line': b'-- Up-to-date: /workspaces/IRS_Rover_ROS2_Workspace/rover_ws/install/rover_perception_msgs/include/rover_perception_msgs/rover_perception_msgs/msg/detail/led_detection__rosidl_typesupport_introspection_cpp.hpp\n'}
[3.586716] (rover_perception_msgs) StdoutLine: {'line': b'-- Up-to-date: /workspaces/IRS_Rover_ROS2_Workspace/rover_ws/install/rover_perception_msgs/include/rover_perception_msgs/rover_perception_msgs/msg/detail/led_detection_array__type_support.cpp\n'}
[3.588013] (rover_perception_msgs) StdoutLine: {'line': b'-- Up-to-date: /workspaces/IRS_Rover_ROS2_Workspace/rover_ws/install/rover_perception_msgs/include/rover_perception_msgs/rover_perception_msgs/msg/detail/terrain_grid__type_support.cpp\n'}
[3.589219] (rover_perception_msgs) StdoutLine: {'line': b'-- Up-to-date: /workspaces/IRS_Rover_ROS2_Workspace/rover_ws/install/rover_perception_msgs/include/rover_perception_msgs/rover_perception_msgs/msg/detail/terrain_grid__rosidl_typesupport_introspection_cpp.hpp\n'}
[3.593701] (rover_perception_msgs) StdoutLine: {'line': b'-- Up-to-date: /workspaces/IRS_Rover_ROS2_Workspace/rover_ws/install/rover_perception_msgs/lib/librover_perception_msgs__rosidl_typesupport_introspection_cpp.so\n'}
[3.601887] (rover_perception_msgs) StdoutLine: {'line': b'-- Up-to-date: /workspaces/IRS_Rover_ROS2_Workspace/rover_ws/install/rover_perception_msgs/lib/librover_perception_msgs__rosidl_typesupport_cpp.so\n'}
[3.607202] (rover_control_msgs) StdoutLine: {'line': b'[ 92%] Built target rover_control_msgs__rosidl_typesupport_c__pyext\n'}
[3.611482] (rover_perception_msgs) StdoutLine: {'line': b'-- Up-to-date: /workspaces/IRS_Rover_ROS2_Workspace/rover_ws/install/rover_perception_msgs/share/rover_perception_msgs/environment/pythonpath.sh\n'}
[3.614557] (rover_perception_msgs) StdoutLine: {'line': b'-- Up-to-date: /workspaces/IRS_Rover_ROS2_Workspace/rover_ws/install/rover_perception_msgs/share/rover_perception_msgs/environment/pythonpath.dsv\n'}
[3.616299] (rover_perception_msgs) StdoutLine: {'line': b'-- Up-to-date: /workspaces/IRS_Rover_ROS2_Workspace/rover_ws/install/rover_perception_msgs/local/lib/python3.10/dist-packages/rover_perception_msgs-0.0.0-py3.10.egg-info\n'}
[3.619271] (rover_perception_msgs) StdoutLine: {'line': b'-- Installing: /workspaces/IRS_Rover_ROS2_Workspace/rover_ws/install/rover_perception_msgs/local/lib/python3.10/dist-packages/rover_perception_msgs-0.0.0-py3.10.egg-info/PKG-INFO\n'}
[3.622329] (rover_control_msgs) StdoutLine: {'line': b'[ 96%] Built target rover_control_msgs__rosidl_typesupport_introspection_c__pyext\n'}
[3.627827] (rover_perception_msgs) StdoutLine: {'line': b'-- Installing: /workspaces/IRS_Rover_ROS2_Workspace/rover_ws/install/rover_perception_msgs/local/lib/python3.10/dist-packages/rover_perception_msgs-0.0.0-py3.10.egg-info/SOURCES.txt\n'}
[3.630151] (rover_control_msgs) StdoutLine: {'line': b'[100%] Built target rover_control_msgs__rosidl_typesupport_fastrtps_c__pyext\n'}
[3.638178] (rover_perception_msgs) StdoutLine: {'line': b'-- Installing: /workspaces/IRS_Rover_ROS2_Workspace/rover_ws/install/rover_perception_msgs/local/lib/python3.10/dist-packages/rover_perception_msgs-0.0.0-py3.10.egg-info/top_level.txt\n'}
[3.645830] (rover_perception_msgs) StdoutLine: {'line': b'-- Installing: /workspaces/IRS_Rover_ROS2_Workspace/rover_ws/install/rover_perception_msgs/local/lib/python3.10/dist-packages/rover_perception_msgs-0.0.0-py3.10.egg-info/dependency_links.txt\n'}
[3.654283] (rover_perception_msgs) StdoutLine: {'line': b'-- Up-to-date: /workspaces/IRS_Rover_ROS2_Workspace/rover_ws/install/rover_perception_msgs/local/lib/python3.10/dist-packages/rover_perception_msgs\n'}
[3.655809] (rover_perception_msgs) StdoutLine: {'line': b'-- Up-to-date: /workspaces/IRS_Rover_ROS2_Workspace/rover_ws/install/rover_perception_msgs/local/lib/python3.10/dist-packages/rover_perception_msgs/_rover_perception_msgs_s.ep.rosidl_typesupport_introspection_c.c\n'}
[3.657014] (rover_perception_msgs) StdoutLine: {'line': b'-- Up-to-date: /workspaces/IRS_Rover_ROS2_Workspace/rover_ws/install/rover_perception_msgs/local/lib/python3.10/dist-packages/rover_perception_msgs/msg\n'}
[3.658850] (rover_perception_msgs) StdoutLine: {'line': b'-- Up-to-date: /workspaces/IRS_Rover_ROS2_Workspace/rover_ws/install/rover_perception_msgs/local/lib/python3.10/dist-packages/rover_perception_msgs/msg/_led_detection_array.py\n'}
[3.659862] (rover_perception_msgs) StdoutLine: {'line': b'-- Up-to-date: /workspaces/IRS_Rover_ROS2_Workspace/rover_ws/install/rover_perception_msgs/local/lib/python3.10/dist-packages/rover_perception_msgs/msg/__init__.py\n'}
[3.661719] (rover_perception_msgs) StdoutLine: {'line': b'-- Up-to-date: /workspaces/IRS_Rover_ROS2_Workspace/rover_ws/install/rover_perception_msgs/local/lib/python3.10/dist-packages/rover_perception_msgs/msg/_led_detection_array_s.c\n'}
[3.663181] (rover_perception_msgs) StdoutLine: {'line': b'-- Up-to-date: /workspaces/IRS_Rover_ROS2_Workspace/rover_ws/install/rover_perception_msgs/local/lib/python3.10/dist-packages/rover_perception_msgs/msg/_led_detection_s.c\n'}
[3.664483] (rover_perception_msgs) StdoutLine: {'line': b'-- Up-to-date: /workspaces/IRS_Rover_ROS2_Workspace/rover_ws/install/rover_perception_msgs/local/lib/python3.10/dist-packages/rover_perception_msgs/msg/_terrain_grid.py\n'}
[3.666911] (rover_perception_msgs) StdoutLine: {'line': b'-- Up-to-date: /workspaces/IRS_Rover_ROS2_Workspace/rover_ws/install/rover_perception_msgs/local/lib/python3.10/dist-packages/rover_perception_msgs/msg/_terrain_grid_s.c\n'}
[3.668332] (rover_perception_msgs) StdoutLine: {'line': b'-- Up-to-date: /workspaces/IRS_Rover_ROS2_Workspace/rover_ws/install/rover_perception_msgs/local/lib/python3.10/dist-packages/rover_perception_msgs/msg/_led_detection.py\n'}
[3.669801] (rover_perception_msgs) StdoutLine: {'line': b'-- Up-to-date: /workspaces/IRS_Rover_ROS2_Workspace/rover_ws/install/rover_perception_msgs/local/lib/python3.10/dist-packages/rover_perception_msgs/rover_perception_msgs_s__rosidl_typesupport_c.cpython-310-x86_64-linux-gnu.so\n'}
[3.671016] (rover_perception_msgs) StdoutLine: {'line': b'-- Up-to-date: /workspaces/IRS_Rover_ROS2_Workspace/rover_ws/install/rover_perception_msgs/local/lib/python3.10/dist-packages/rover_perception_msgs/rover_perception_msgs_s__rosidl_typesupport_fastrtps_c.cpython-310-x86_64-linux-gnu.so\n'}
[3.672607] (rover_perception_msgs) StdoutLine: {'line': b'-- Up-to-date: /workspaces/IRS_Rover_ROS2_Workspace/rover_ws/install/rover_perception_msgs/local/lib/python3.10/dist-packages/rover_perception_msgs/__init__.py\n'}
[3.674475] (rover_perception_msgs) StdoutLine: {'line': b'-- Up-to-date: /workspaces/IRS_Rover_ROS2_Workspace/rover_ws/install/rover_perception_msgs/local/lib/python3.10/dist-packages/rover_perception_msgs/rover_perception_msgs_s__rosidl_typesupport_introspection_c.cpython-310-x86_64-linux-gnu.so\n'}
[3.675911] (rover_perception_msgs) StdoutLine: {'line': b'-- Up-to-date: /workspaces/IRS_Rover_ROS2_Workspace/rover_ws/install/rover_perception_msgs/local/lib/python3.10/dist-packages/rover_perception_msgs/_rover_perception_msgs_s.ep.rosidl_typesupport_fastrtps_c.c\n'}
[3.677270] (rover_perception_msgs) StdoutLine: {'line': b'-- Up-to-date: /workspaces/IRS_Rover_ROS2_Workspace/rover_ws/install/rover_perception_msgs/local/lib/python3.10/dist-packages/rover_perception_msgs/_rover_perception_msgs_s.ep.rosidl_typesupport_c.c\n'}
[3.678404] (rover_perception_msgs) StdoutLine: {'line': b'-- Up-to-date: /workspaces/IRS_Rover_ROS2_Workspace/rover_ws/install/rover_perception_msgs/local/lib/python3.10/dist-packages/rover_perception_msgs/librover_perception_msgs__rosidl_generator_py.so\n'}
[3.685522] (-) TimerEvent: {}
[3.692851] (rover_control_msgs) CommandEnded: {'returncode': 0}
[3.697711] (rover_control_msgs) JobProgress: {'identifier': 'rover_control_msgs', 'progress': 'install'}
[3.704107] (rover_control_msgs) Command: {'cmd': ['/usr/bin/cmake', '--install', '/workspaces/IRS_Rover_ROS2_Workspace/rover_ws/build/rover_control_msgs'], 'cwd': '/workspaces/IRS_Rover_ROS2_Workspace/rover_ws/build/rover_control_msgs', 'env': OrderedDict([('PYTHON_BASIC_REPL', '1'), ('HOSTNAME', '06335fee11bd'), ('GIT_ASKPASS', '/vscode/vscode-server/bin/linux-x64/4fe60c8b1cdac1c4c174f2fb180d0d758272d713/extensions/git/dist/askpass.sh'), ('SHLVL', '2'), ('LD_LIBRARY_PATH', '/workspaces/IRS_Rover_ROS2_Workspace/rover_ws/install/rover_control_msgs/lib:/opt/ros/humble/opt/rviz_ogre_vendor/lib:/opt/ros/humble/lib/x86_64-linux-gnu:/opt/ros/humble/lib'), ('BROWSER', '/vscode/vscode-server/bin/linux-x64/4fe60c8b1cdac1c4c174f2fb180d0d758272d713/bin/helpers/browser.sh'), ('HOME', '/root'), ('OLDPWD', '/workspaces/IRS_Rover_ROS2_Workspace'), ('TERM_PROGRAM_VERSION', '1.127.0'), ('VSCODE_IPC_HOOK_CLI', '/tmp/vscode-ipc-a7d8417a-84e0-4652-a058-401c79ab84d0.sock'), ('ROS_PYTHON_VERSION', '3'), ('VSCODE_GIT_ASKPASS_MAIN', '/vscode/vscode-server/bin/linux-x64/4fe60c8b1cdac1c4c174f2fb180d0d758272d713/extensions/git/dist/askpass-main.js'), ('VSCODE_GIT_ASKPASS_NODE', '/vscode/vscode-server/bin/linux-x64/4fe60c8b1cdac1c4c174f2fb180d0d758272d713/node'), ('PYDEVD_DISABLE_FILE_VALIDATION', '1'), ('BUNDLED_DEBUGPY_PATH', '/root/.vscode-server/extensions/ms-python.debugpy-2026.6.0-linux-x64/bundled/libs/debugpy'), ('VSCODE_PYTHON_AUTOACTIVATE_GUARD', '1'), ('COLORTERM', 'truecolor'), ('REMOTE_CONTAINERS', 'true'), ('COLCON_PREFIX_PATH', '/workspaces/IRS_Rover_ROS2_Workspace/rover_ws/install'), ('ROS_DISTRO', 'humble'), ('REMOTE_CONTAINERS_IPC', '/tmp/vscode-remote-containers-ipc-8556e27b-e216-450b-b0cc-1f8365397382.sock'), ('_', '/usr/bin/colcon'), ('ROS_VERSION', '2'), ('TERM', 'xterm-256color'), ('ROS_LOCALHOST_ONLY', '0'), ('PATH', '/root/.vscode-server/data/User/globalStorage/github.copilot-chat/debugCommand:/root/.vscode-server/data/User/globalStorage/github.copilot-chat/copilotCli:/vscode/vscode-server/bin/linux-x64/4fe60c8b1cdac1c4c174f2fb180d0d758272d713/bin/remote-cli:/opt/ros/humble/bin:/usr/local/sbin:/usr/local/bin:/usr/sbin:/usr/bin:/sbin:/bin:/root/.vscode-server/extensions/ms-python.debugpy-2026.6.0-linux-x64/bundled/scripts/noConfigScripts'), ('REMOTE_CONTAINERS_SOCKETS', '["/tmp/vscode-ssh-auth-8556e27b-e216-450b-b0cc-1f8365397382.sock"]'), ('VSCODE_DEBUGPY_ADAPTER_ENDPOINTS', '/root/.vscode-server/extensions/ms-python.debugpy-2026.6.0-linux-x64/.noConfigDebugAdapterEndpoints/endpoint-1e3a0fbd7d538503.txt'), ('LANG', 'C.UTF-8'), ('PYTHONSTARTUP', '/root/.vscode-server/data/User/workspaceStorage/7242e97d3df64538730a6ed5a855f433/ms-python.python/pythonrc.py'), ('LS_COLORS', 'rs=0:di=01;34:ln=01;36:mh=00:pi=40;33:so=01;35:do=01;35:bd=40;33;01:cd=40;33;01:or=40;31;01:mi=00:su=37;41:sg=30;43:ca=30;41:tw=30;42:ow=34;42:st=37;44:ex=01;32:*.tar=01;31:*.tgz=01;31:*.arc=01;31:*.arj=01;31:*.taz=01;31:*.lha=01;31:*.lz4=01;31:*.lzh=01;31:*.lzma=01;31:*.tlz=01;31:*.txz=01;31:*.tzo=01;31:*.t7z=01;31:*.zip=01;31:*.z=01;31:*.dz=01;31:*.gz=01;31:*.lrz=01;31:*.lz=01;31:*.lzo=01;31:*.xz=01;31:*.zst=01;31:*.tzst=01;31:*.bz2=01;31:*.bz=01;31:*.tbz=01;31:*.tbz2=01;31:*.tz=01;31:*.deb=01;31:*.rpm=01;31:*.jar=01;31:*.war=01;31:*.ear=01;31:*.sar=01;31:*.rar=01;31:*.alz=01;31:*.ace=01;31:*.zoo=01;31:*.cpio=01;31:*.7z=01;31:*.rz=01;31:*.cab=01;31:*.wim=01;31:*.swm=01;31:*.dwm=01;31:*.esd=01;31:*.jpg=01;35:*.jpeg=01;35:*.mjpg=01;35:*.mjpeg=01;35:*.gif=01;35:*.bmp=01;35:*.pbm=01;35:*.pgm=01;35:*.ppm=01;35:*.tga=01;35:*.xbm=01;35:*.xpm=01;35:*.tif=01;35:*.tiff=01;35:*.png=01;35:*.svg=01;35:*.svgz=01;35:*.mng=01;35:*.pcx=01;35:*.mov=01;35:*.mpg=01;35:*.mpeg=01;35:*.m2v=01;35:*.mkv=01;35:*.webm=01;35:*.webp=01;35:*.ogm=01;35:*.mp4=01;35:*.m4v=01;35:*.mp4v=01;35:*.vob=01;35:*.qt=01;35:*.nuv=01;35:*.wmv=01;35:*.asf=01;35:*.rm=01;35:*.rmvb=01;35:*.flc=01;35:*.avi=01;35:*.fli=01;35:*.flv=01;35:*.gl=01;35:*.dl=01;35:*.xcf=01;35:*.xwd=01;35:*.yuv=01;35:*.cgm=01;35:*.emf=01;35:*.ogv=01;35:*.ogx=01;35:*.aac=00;36:*.au=00;36:*.flac=00;36:*.m4a=00;36:*.mid=00;36:*.midi=00;36:*.mka=00;36:*.mp3=00;36:*.mpc=00;36:*.ogg=00;36:*.ra=00;36:*.wav=00;36:*.oga=00;36:*.opus=00;36:*.spx=00;36:*.xspf=00;36:'), ('VSCODE_GIT_IPC_HANDLE', '/tmp/vscode-git-bb8c1a7c35.sock'), ('TERM_PROGRAM', 'vscode'), ('SSH_AUTH_SOCK', '/tmp/vscode-ssh-auth-8556e27b-e216-450b-b0cc-1f8365397382.sock'), ('AMENT_PREFIX_PATH', '/workspaces/IRS_Rover_ROS2_Workspace/rover_ws/install/rover_stereocam:/workspaces/IRS_Rover_ROS2_Workspace/rover_ws/install/rover_perception:/workspaces/IRS_Rover_ROS2_Workspace/rover_ws/install/rover_lidar:/workspaces/IRS_Rover_ROS2_Workspace/rover_ws/install/rover_control_msgs:/workspaces/IRS_Rover_ROS2_Workspace/rover_ws/install/rover_control:/opt/ros/humble'), ('SHELL', '/bin/bash'), ('VSCODE_GIT_ASKPASS_EXTRA_ARGS', ''), ('PWD', '/workspaces/IRS_Rover_ROS2_Workspace/rover_ws/build/rover_control_msgs'), ('LC_ALL', 'C.UTF-8'), ('COPILOT_DEBUG_NONCE', 'ebb28b2f47a55d9f123b03f75e673fb9'), ('PYTHONPATH', '/workspaces/IRS_Rover_ROS2_Workspace/rover_ws/install/rover_stereocam/lib/python3.10/site-packages:/workspaces/IRS_Rover_ROS2_Workspace/rover_ws/install/rover_perception/lib/python3.10/site-packages:/workspaces/IRS_Rover_ROS2_Workspace/rover_ws/install/rover_lidar/lib/python3.10/site-packages:/workspaces/IRS_Rover_ROS2_Workspace/rover_ws/install/rover_control_msgs/local/lib/python3.10/dist-packages:/workspaces/IRS_Rover_ROS2_Workspace/rover_ws/install/rover_control/lib/python3.10/site-packages:/opt/ros/humble/lib/python3.10/site-packages:/opt/ros/humble/local/lib/python3.10/dist-packages'), ('COLCON', '1'), ('CMAKE_PREFIX_PATH', '/workspaces/IRS_Rover_ROS2_Workspace/rover_ws/install/rover_control_msgs:/workspaces/IRS_Rover_ROS2_Workspace/rover_ws/install/rover_stereocam:/workspaces/IRS_Rover_ROS2_Workspace/rover_ws/install/rover_perception:/workspaces/IRS_Rover_ROS2_Workspace/rover_ws/install/rover_lidar:/workspaces/IRS_Rover_ROS2_Workspace/rover_ws/install/rover_control:/opt/ros/humble')]), 'shell': False}
[3.735663] (rover_control_msgs) StdoutLine: {'line': b'-- Install configuration: ""\n'}
[3.737685] (rover_control_msgs) StdoutLine: {'line': b'-- Up-to-date: /workspaces/IRS_Rover_ROS2_Workspace/rover_ws/install/rover_control_msgs/share/ament_index/resource_index/rosidl_interfaces/rover_control_msgs\n'}
[3.738706] (rover_control_msgs) StdoutLine: {'line': b'-- Up-to-date: /workspaces/IRS_Rover_ROS2_Workspace/rover_ws/install/rover_control_msgs/include/rover_control_msgs/rover_control_msgs\n'}
[3.739862] (rover_control_msgs) StdoutLine: {'line': b'-- Up-to-date: /workspaces/IRS_Rover_ROS2_Workspace/rover_ws/install/rover_control_msgs/include/rover_control_msgs/rover_control_msgs/msg\n'}
[3.741521] (rover_control_msgs) StdoutLine: {'line': b'-- Up-to-date: /workspaces/IRS_Rover_ROS2_Workspace/rover_ws/install/rover_control_msgs/include/rover_control_msgs/rover_control_msgs/msg/rosidl_generator_c__visibility_control.h\n'}
[3.742594] (rover_control_msgs) StdoutLine: {'line': b'-- Up-to-date: /workspaces/IRS_Rover_ROS2_Workspace/rover_ws/install/rover_control_msgs/include/rover_control_msgs/rover_control_msgs/msg/set_operational_mode.h\n'}
[3.746924] (rover_control_msgs) StdoutLine: {'line': b'-- Up-to-date: /workspaces/IRS_Rover_ROS2_Workspace/rover_ws/install/rover_control_msgs/include/rover_control_msgs/rover_control_msgs/msg/detail\n'}
[3.748622] (rover_control_msgs) StdoutLine: {'line': b'-- Up-to-date: /workspaces/IRS_Rover_ROS2_Workspace/rover_ws/install/rover_control_msgs/include/rover_control_msgs/rover_control_msgs/msg/detail/current_operational_mode__functions.h\n'}
[3.750089] (rover_control_msgs) StdoutLine: {'line': b'-- Up-to-date: /workspaces/IRS_Rover_ROS2_Workspace/rover_ws/install/rover_control_msgs/include/rover_control_msgs/rover_control_msgs/msg/detail/set_operational_mode__struct.h\n'}
[3.751996] (rover_control_msgs) StdoutLine: {'line': b'-- Up-to-date: /workspaces/IRS_Rover_ROS2_Workspace/rover_ws/install/rover_control_msgs/include/rover_control_msgs/rover_control_msgs/msg/detail/current_operational_mode__type_support.h\n'}
[3.754390] (rover_control_msgs) StdoutLine: {'line': b'-- Up-to-date: /workspaces/IRS_Rover_ROS2_Workspace/rover_ws/install/rover_control_msgs/include/rover_control_msgs/rover_control_msgs/msg/detail/set_operational_mode__functions.h\n'}
[3.756634] (rover_control_msgs) StdoutLine: {'line': b'-- Up-to-date: /workspaces/IRS_Rover_ROS2_Workspace/rover_ws/install/rover_control_msgs/include/rover_control_msgs/rover_control_msgs/msg/detail/operational_mode_settings__type_support.h\n'}
[3.758865] (rover_control_msgs) StdoutLine: {'line': b'-- Up-to-date: /workspaces/IRS_Rover_ROS2_Workspace/rover_ws/install/rover_control_msgs/include/rover_control_msgs/rover_control_msgs/msg/detail/operational_mode_settings__functions.h\n'}
[3.763492] (rover_control_msgs) StdoutLine: {'line': b'-- Up-to-date: /workspaces/IRS_Rover_ROS2_Workspace/rover_ws/install/rover_control_msgs/include/rover_control_msgs/rover_control_msgs/msg/detail/current_operational_mode__functions.c\n'}
[3.765872] (rover_control_msgs) StdoutLine: {'line': b'-- Up-to-date: /workspaces/IRS_Rover_ROS2_Workspace/rover_ws/install/rover_control_msgs/include/rover_control_msgs/rover_control_msgs/msg/detail/current_operational_mode__struct.h\n'}
[3.768837] (rover_perception_msgs) StdoutLine: {'line': b"Listing '/workspaces/IRS_Rover_ROS2_Workspace/rover_ws/install/rover_perception_msgs/local/lib/python3.10/dist-packages/rover_perception_msgs'...\n"}
[3.770313] (rover_perception_msgs) StdoutLine: {'line': b"Listing '/workspaces/IRS_Rover_ROS2_Workspace/rover_ws/install/rover_perception_msgs/local/lib/python3.10/dist-packages/rover_perception_msgs/msg'...\n"}
[3.772145] (rover_control_msgs) StdoutLine: {'line': b'-- Up-to-date: /workspaces/IRS_Rover_ROS2_Workspace/rover_ws/install/rover_control_msgs/include/rover_control_msgs/rover_control_msgs/msg/detail/operational_mode_settings__struct.h\n'}
[3.773343] (rover_control_msgs) StdoutLine: {'line': b'-- Up-to-date: /workspaces/IRS_Rover_ROS2_Workspace/rover_ws/install/rover_control_msgs/include/rover_control_msgs/rover_control_msgs/msg/detail/set_operational_mode__type_support.h\n'}
[3.774974] (rover_control_msgs) StdoutLine: {'line': b'-- Up-to-date: /workspaces/IRS_Rover_ROS2_Workspace/rover_ws/install/rover_control_msgs/include/rover_control_msgs/rover_control_msgs/msg/detail/operational_mode_settings__functions.c\n'}
[3.775994] (rover_control_msgs) StdoutLine: {'line': b'-- Up-to-date: /workspaces/IRS_Rover_ROS2_Workspace/rover_ws/install/rover_control_msgs/include/rover_control_msgs/rover_control_msgs/msg/detail/set_operational_mode__functions.c\n'}
[3.777171] (rover_control_msgs) StdoutLine: {'line': b'-- Up-to-date: /workspaces/IRS_Rover_ROS2_Workspace/rover_ws/install/rover_control_msgs/include/rover_control_msgs/rover_control_msgs/msg/current_operational_mode.h\n'}
[3.778232] (rover_control_msgs) StdoutLine: {'line': b'-- Up-to-date: /workspaces/IRS_Rover_ROS2_Workspace/rover_ws/install/rover_control_msgs/include/rover_control_msgs/rover_control_msgs/msg/operational_mode_settings.h\n'}
[3.779461] (rover_control_msgs) StdoutLine: {'line': b'-- Up-to-date: /workspaces/IRS_Rover_ROS2_Workspace/rover_ws/install/rover_control_msgs/include/rover_control_msgs/rover_control_msgs/srv\n'}
[3.780937] (rover_control_msgs) StdoutLine: {'line': b'-- Up-to-date: /workspaces/IRS_Rover_ROS2_Workspace/rover_ws/install/rover_control_msgs/include/rover_control_msgs/rover_control_msgs/srv/set_operational_mode.h\n'}
[3.782257] (rover_perception_msgs) StdoutLine: {'line': b'-- Up-to-date: /workspaces/IRS_Rover_ROS2_Workspace/rover_ws/install/rover_perception_msgs/local/lib/python3.10/dist-packages/rover_perception_msgs/rover_perception_msgs_s__rosidl_typesupport_fastrtps_c.cpython-310-x86_64-linux-gnu.so\n'}
[3.783350] (rover_control_msgs) StdoutLine: {'line': b'-- Up-to-date: /workspaces/IRS_Rover_ROS2_Workspace/rover_ws/install/rover_control_msgs/include/rover_control_msgs/rover_control_msgs/srv/detail\n'}
[3.784695] (rover_control_msgs) StdoutLine: {'line': b'-- Up-to-date: /workspaces/IRS_Rover_ROS2_Workspace/rover_ws/install/rover_control_msgs/include/rover_control_msgs/rover_control_msgs/srv/detail/set_operational_mode__struct.h\n'}
[3.787640] (-) TimerEvent: {}
[3.788024] (rover_control_msgs) StdoutLine: {'line': b'-- Up-to-date: /workspaces/IRS_Rover_ROS2_Workspace/rover_ws/install/rover_control_msgs/include/rover_control_msgs/rover_control_msgs/srv/detail/set_operational_mode__functions.h\n'}
[3.789938] (rover_perception_msgs) StdoutLine: {'line': b'-- Up-to-date: /workspaces/IRS_Rover_ROS2_Workspace/rover_ws/install/rover_perception_msgs/local/lib/python3.10/dist-packages/rover_perception_msgs/rover_perception_msgs_s__rosidl_typesupport_introspection_c.cpython-310-x86_64-linux-gnu.so\n'}
[3.793778] (rover_control_msgs) StdoutLine: {'line': b'-- Up-to-date: /workspaces/IRS_Rover_ROS2_Workspace/rover_ws/install/rover_control_msgs/include/rover_control_msgs/rover_control_msgs/srv/detail/set_operational_mode__type_support.h\n'}
[3.795746] (rover_control_msgs) StdoutLine: {'line': b'-- Up-to-date: /workspaces/IRS_Rover_ROS2_Workspace/rover_ws/install/rover_control_msgs/include/rover_control_msgs/rover_control_msgs/srv/detail/set_operational_mode__functions.c\n'}
[3.800735] (rover_control_msgs) StdoutLine: {'line': b'-- Up-to-date: /workspaces/IRS_Rover_ROS2_Workspace/rover_ws/install/rover_control_msgs/share/rover_control_msgs/environment/library_path.sh\n'}
[3.803169] (rover_perception_msgs) StdoutLine: {'line': b'-- Up-to-date: /workspaces/IRS_Rover_ROS2_Workspace/rover_ws/install/rover_perception_msgs/local/lib/python3.10/dist-packages/rover_perception_msgs/rover_perception_msgs_s__rosidl_typesupport_c.cpython-310-x86_64-linux-gnu.so\n'}
[3.804892] (rover_control_msgs) StdoutLine: {'line': b'-- Up-to-date: /workspaces/IRS_Rover_ROS2_Workspace/rover_ws/install/rover_control_msgs/share/rover_control_msgs/environment/library_path.dsv\n'}
[3.806397] (rover_control_msgs) StdoutLine: {'line': b'-- Up-to-date: /workspaces/IRS_Rover_ROS2_Workspace/rover_ws/install/rover_control_msgs/lib/librover_control_msgs__rosidl_generator_c.so\n'}
[3.807678] (rover_perception_msgs) StdoutLine: {'line': b'-- Up-to-date: /workspaces/IRS_Rover_ROS2_Workspace/rover_ws/install/rover_perception_msgs/lib/librover_perception_msgs__rosidl_generator_py.so\n'}
[3.809164] (rover_control_msgs) StdoutLine: {'line': b'-- Up-to-date: /workspaces/IRS_Rover_ROS2_Workspace/rover_ws/install/rover_control_msgs/include/rover_control_msgs/rover_control_msgs\n'}
[3.814781] (rover_perception_msgs) StdoutLine: {'line': b'-- Up-to-date: /workspaces/IRS_Rover_ROS2_Workspace/rover_ws/install/rover_perception_msgs/share/ament_index/resource_index/rust_packages/rover_perception_msgs\n'}
[3.816411] (rover_control_msgs) StdoutLine: {'line': b'-- Up-to-date: /workspaces/IRS_Rover_ROS2_Workspace/rover_ws/install/rover_control_msgs/include/rover_control_msgs/rover_control_msgs/msg\n'}
[3.818610] (rover_perception_msgs) StdoutLine: {'line': b'-- Up-to-date: /workspaces/IRS_Rover_ROS2_Workspace/rover_ws/install/rover_perception_msgs/share/rover_perception_msgs/rust\n'}
[3.819670] (rover_control_msgs) StdoutLine: {'line': b'-- Up-to-date: /workspaces/IRS_Rover_ROS2_Workspace/rover_ws/install/rover_control_msgs/include/rover_control_msgs/rover_control_msgs/msg/detail\n'}
[3.821525] (rover_perception_msgs) StdoutLine: {'line': b'-- Up-to-date: /workspaces/IRS_Rover_ROS2_Workspace/rover_ws/install/rover_perception_msgs/share/rover_perception_msgs/rust/Cargo.toml\n'}
[3.823258] (rover_perception_msgs) StdoutLine: {'line': b'-- Up-to-date: /workspaces/IRS_Rover_ROS2_Workspace/rover_ws/install/rover_perception_msgs/share/rover_perception_msgs/rust/build.rs\n'}
[3.825516] (rover_perception_msgs) StdoutLine: {'line': b'-- Up-to-date: /workspaces/IRS_Rover_ROS2_Workspace/rover_ws/install/rover_perception_msgs/share/rover_perception_msgs/rust/src\n'}
[3.828627] (rover_control_msgs) StdoutLine: {'line': b'-- Up-to-date: /workspaces/IRS_Rover_ROS2_Workspace/rover_ws/install/rover_control_msgs/include/rover_control_msgs/rover_control_msgs/msg/detail/operational_mode_settings__rosidl_typesupport_fastrtps_c.h\n'}
[3.831515] (rover_control_msgs) StdoutLine: {'line': b'-- Up-to-date: /workspaces/IRS_Rover_ROS2_Workspace/rover_ws/install/rover_control_msgs/include/rover_control_msgs/rover_control_msgs/msg/detail/set_operational_mode__rosidl_typesupport_fastrtps_c.h\n'}
[3.834402] (rover_perception_msgs) StdoutLine: {'line': b'-- Up-to-date: /workspaces/IRS_Rover_ROS2_Workspace/rover_ws/install/rover_perception_msgs/share/rover_perception_msgs/rust/src/msg\n'}
[3.836789] (rover_control_msgs) StdoutLine: {'line': b'-- Up-to-date: /workspaces/IRS_Rover_ROS2_Workspace/rover_ws/install/rover_control_msgs/include/rover_control_msgs/rover_control_msgs/msg/detail/current_operational_mode__rosidl_typesupport_fastrtps_c.h\n'}
[3.838365] (rover_control_msgs) StdoutLine: {'line': b'-- Up-to-date: /workspaces/IRS_Rover_ROS2_Workspace/rover_ws/install/rover_control_msgs/include/rover_control_msgs/rover_control_msgs/msg/rosidl_typesupport_fastrtps_c__visibility_control.h\n'}
[3.839990] (rover_perception_msgs) StdoutLine: {'line': b'-- Up-to-date: /workspaces/IRS_Rover_ROS2_Workspace/rover_ws/install/rover_perception_msgs/share/rover_perception_msgs/rust/src/msg/rmw.rs\n'}
[3.841812] (rover_control_msgs) StdoutLine: {'line': b'-- Up-to-date: /workspaces/IRS_Rover_ROS2_Workspace/rover_ws/install/rover_control_msgs/include/rover_control_msgs/rover_control_msgs/srv\n'}
[3.843510] (rover_perception_msgs) StdoutLine: {'line': b'-- Up-to-date: /workspaces/IRS_Rover_ROS2_Workspace/rover_ws/install/rover_perception_msgs/share/rover_perception_msgs/rust/src/lib.rs\n'}
[3.844900] (rover_perception_msgs) StdoutLine: {'line': b'-- Up-to-date: /workspaces/IRS_Rover_ROS2_Workspace/rover_ws/install/rover_perception_msgs/share/rover_perception_msgs/rust/src/msg.rs\n'}
[3.846139] (rover_control_msgs) StdoutLine: {'line': b'-- Up-to-date: /workspaces/IRS_Rover_ROS2_Workspace/rover_ws/install/rover_control_msgs/include/rover_control_msgs/rover_control_msgs/srv/detail\n'}
[3.847594] (rover_perception_msgs) StdoutLine: {'line': b'-- Up-to-date: /workspaces/IRS_Rover_ROS2_Workspace/rover_ws/install/rover_perception_msgs/share/rover_perception_msgs/msg/TerrainGrid.idl\n'}
[3.849202] (rover_perception_msgs) StdoutLine: {'line': b'-- Up-to-date: /workspaces/IRS_Rover_ROS2_Workspace/rover_ws/install/rover_perception_msgs/share/rover_perception_msgs/msg/LedDetection.idl\n'}
[3.850536] (rover_control_msgs) StdoutLine: {'line': b'-- Up-to-date: /workspaces/IRS_Rover_ROS2_Workspace/rover_ws/install/rover_control_msgs/include/rover_control_msgs/rover_control_msgs/srv/detail/set_operational_mode__rosidl_typesupport_fastrtps_c.h\n'}
[3.852169] (rover_perception_msgs) StdoutLine: {'line': b'-- Up-to-date: /workspaces/IRS_Rover_ROS2_Workspace/rover_ws/install/rover_perception_msgs/share/rover_perception_msgs/msg/LedDetectionArray.idl\n'}
[3.853136] (rover_perception_msgs) StdoutLine: {'line': b'-- Up-to-date: /workspaces/IRS_Rover_ROS2_Workspace/rover_ws/install/rover_perception_msgs/share/rover_perception_msgs/msg/TerrainGrid.msg\n'}
[3.854473] (rover_perception_msgs) StdoutLine: {'line': b'-- Up-to-date: /workspaces/IRS_Rover_ROS2_Workspace/rover_ws/install/rover_perception_msgs/share/rover_perception_msgs/msg/LedDetection.msg\n'}
[3.857279] (rover_control_msgs) StdoutLine: {'line': b'-- Up-to-date: /workspaces/IRS_Rover_ROS2_Workspace/rover_ws/install/rover_control_msgs/lib/librover_control_msgs__rosidl_typesupport_fastrtps_c.so\n'}
[3.859536] (rover_perception_msgs) StdoutLine: {'line': b'-- Up-to-date: /workspaces/IRS_Rover_ROS2_Workspace/rover_ws/install/rover_perception_msgs/share/rover_perception_msgs/msg/LedDetectionArray.msg\n'}
[3.860878] (rover_perception_msgs) StdoutLine: {'line': b'-- Up-to-date: /workspaces/IRS_Rover_ROS2_Workspace/rover_ws/install/rover_perception_msgs/share/ament_index/resource_index/package_run_dependencies/rover_perception_msgs\n'}
[3.862843] (rover_perception_msgs) StdoutLine: {'line': b'-- Up-to-date: /workspaces/IRS_Rover_ROS2_Workspace/rover_ws/install/rover_perception_msgs/share/ament_index/resource_index/parent_prefix_path/rover_perception_msgs\n'}
[3.864113] (rover_control_msgs) StdoutLine: {'line': b'-- Up-to-date: /workspaces/IRS_Rover_ROS2_Workspace/rover_ws/install/rover_control_msgs/include/rover_control_msgs/rover_control_msgs\n'}
[3.865506] (rover_perception_msgs) StdoutLine: {'line': b'-- Up-to-date: /workspaces/IRS_Rover_ROS2_Workspace/rover_ws/install/rover_perception_msgs/share/rover_perception_msgs/environment/ament_prefix_path.sh\n'}
[3.866889] (rover_perception_msgs) StdoutLine: {'line': b'-- Up-to-date: /workspaces/IRS_Rover_ROS2_Workspace/rover_ws/install/rover_perception_msgs/share/rover_perception_msgs/environment/ament_prefix_path.dsv\n'}
[3.872620] (rover_control_msgs) StdoutLine: {'line': b'-- Up-to-date: /workspaces/IRS_Rover_ROS2_Workspace/rover_ws/install/rover_control_msgs/include/rover_control_msgs/rover_control_msgs/msg\n'}
[3.875368] (rover_perception_msgs) StdoutLine: {'line': b'-- Up-to-date: /workspaces/IRS_Rover_ROS2_Workspace/rover_ws/install/rover_perception_msgs/share/rover_perception_msgs/environment/path.sh\n'}
[3.878713] (rover_perception_msgs) StdoutLine: {'line': b'-- Up-to-date: /workspaces/IRS_Rover_ROS2_Workspace/rover_ws/install/rover_perception_msgs/share/rover_perception_msgs/environment/path.dsv\n'}
[3.880774] (rover_control_msgs) StdoutLine: {'line': b'-- Up-to-date: /workspaces/IRS_Rover_ROS2_Workspace/rover_ws/install/rover_control_msgs/include/rover_control_msgs/rover_control_msgs/msg/detail\n'}
[3.882478] (rover_perception_msgs) StdoutLine: {'line': b'-- Up-to-date: /workspaces/IRS_Rover_ROS2_Workspace/rover_ws/install/rover_perception_msgs/share/rover_perception_msgs/local_setup.bash\n'}
[3.883915] (rover_control_msgs) StdoutLine: {'line': b'-- Up-to-date: /workspaces/IRS_Rover_ROS2_Workspace/rover_ws/install/rover_control_msgs/include/rover_control_msgs/rover_control_msgs/msg/detail/current_operational_mode__rosidl_typesupport_introspection_c.h\n'}
[3.885436] (rover_perception_msgs) StdoutLine: {'line': b'-- Up-to-date: /workspaces/IRS_Rover_ROS2_Workspace/rover_ws/install/rover_perception_msgs/share/rover_perception_msgs/local_setup.sh\n'}
[3.887300] (rover_perception_msgs) StdoutLine: {'line': b'-- Up-to-date: /workspaces/IRS_Rover_ROS2_Workspace/rover_ws/install/rover_perception_msgs/share/rover_perception_msgs/local_setup.zsh\n'}
[3.889194] (-) TimerEvent: {}
[3.889674] (rover_control_msgs) StdoutLine: {'line': b'-- Up-to-date: /workspaces/IRS_Rover_ROS2_Workspace/rover_ws/install/rover_control_msgs/include/rover_control_msgs/rover_control_msgs/msg/detail/set_operational_mode__rosidl_typesupport_introspection_c.h\n'}
[3.891537] (rover_perception_msgs) StdoutLine: {'line': b'-- Up-to-date: /workspaces/IRS_Rover_ROS2_Workspace/rover_ws/install/rover_perception_msgs/share/rover_perception_msgs/local_setup.dsv\n'}
[3.894100] (rover_control_msgs) StdoutLine: {'line': b'-- Up-to-date: /workspaces/IRS_Rover_ROS2_Workspace/rover_ws/install/rover_control_msgs/include/rover_control_msgs/rover_control_msgs/msg/detail/set_operational_mode__type_support.c\n'}
[3.896043] (rover_perception_msgs) StdoutLine: {'line': b'-- Installing: /workspaces/IRS_Rover_ROS2_Workspace/rover_ws/install/rover_perception_msgs/share/rover_perception_msgs/package.dsv\n'}
[3.897772] (rover_control_msgs) StdoutLine: {'line': b'-- Up-to-date: /workspaces/IRS_Rover_ROS2_Workspace/rover_ws/install/rover_control_msgs/include/rover_control_msgs/rover_control_msgs/msg/detail/operational_mode_settings__rosidl_typesupport_introspection_c.h\n'}
[3.898978] (rover_control_msgs) StdoutLine: {'line': b'-- Up-to-date: /workspaces/IRS_Rover_ROS2_Workspace/rover_ws/install/rover_control_msgs/include/rover_control_msgs/rover_control_msgs/msg/detail/current_operational_mode__type_support.c\n'}
[3.901649] (rover_control_msgs) StdoutLine: {'line': b'-- Up-to-date: /workspaces/IRS_Rover_ROS2_Workspace/rover_ws/install/rover_control_msgs/include/rover_control_msgs/rover_control_msgs/msg/detail/operational_mode_settings__type_support.c\n'}
[3.905943] (rover_control_msgs) StdoutLine: {'line': b'-- Up-to-date: /workspaces/IRS_Rover_ROS2_Workspace/rover_ws/install/rover_control_msgs/include/rover_control_msgs/rover_control_msgs/msg/rosidl_typesupport_introspection_c__visibility_control.h\n'}
[3.909379] (rover_control_msgs) StdoutLine: {'line': b'-- Up-to-date: /workspaces/IRS_Rover_ROS2_Workspace/rover_ws/install/rover_control_msgs/include/rover_control_msgs/rover_control_msgs/srv\n'}
[3.911432] (rover_control_msgs) StdoutLine: {'line': b'-- Up-to-date: /workspaces/IRS_Rover_ROS2_Workspace/rover_ws/install/rover_control_msgs/include/rover_control_msgs/rover_control_msgs/srv/detail\n'}
[3.914072] (rover_perception_msgs) StdoutLine: {'line': b'-- Up-to-date: /workspaces/IRS_Rover_ROS2_Workspace/rover_ws/install/rover_perception_msgs/share/ament_index/resource_index/packages/rover_perception_msgs\n'}
[3.916694] (rover_control_msgs) StdoutLine: {'line': b'-- Up-to-date: /workspaces/IRS_Rover_ROS2_Workspace/rover_ws/install/rover_control_msgs/include/rover_control_msgs/rover_control_msgs/srv/detail/set_operational_mode__rosidl_typesupport_introspection_c.h\n'}
[3.918785] (rover_perception_msgs) StdoutLine: {'line': b'-- Up-to-date: /workspaces/IRS_Rover_ROS2_Workspace/rover_ws/install/rover_perception_msgs/share/rover_perception_msgs/cmake/export_rover_perception_msgs__rosidl_generator_cExport.cmake\n'}
[3.920132] (rover_control_msgs) StdoutLine: {'line': b'-- Up-to-date: /workspaces/IRS_Rover_ROS2_Workspace/rover_ws/install/rover_control_msgs/include/rover_control_msgs/rover_control_msgs/srv/detail/set_operational_mode__type_support.c\n'}
[3.921832] (rover_perception_msgs) StdoutLine: {'line': b'-- Up-to-date: /workspaces/IRS_Rover_ROS2_Workspace/rover_ws/install/rover_perception_msgs/share/rover_perception_msgs/cmake/export_rover_perception_msgs__rosidl_generator_cExport-noconfig.cmake\n'}
[3.923083] (rover_control_msgs) StdoutLine: {'line': b'-- Up-to-date: /workspaces/IRS_Rover_ROS2_Workspace/rover_ws/install/rover_control_msgs/lib/librover_control_msgs__rosidl_typesupport_introspection_c.so\n'}
[3.924582] (rover_perception_msgs) StdoutLine: {'line': b'-- Up-to-date: /workspaces/IRS_Rover_ROS2_Workspace/rover_ws/install/rover_perception_msgs/share/rover_perception_msgs/cmake/export_rover_perception_msgs__rosidl_typesupport_fastrtps_cExport.cmake\n'}
[3.926620] (rover_perception_msgs) StdoutLine: {'line': b'-- Up-to-date: /workspaces/IRS_Rover_ROS2_Workspace/rover_ws/install/rover_perception_msgs/share/rover_perception_msgs/cmake/export_rover_perception_msgs__rosidl_typesupport_fastrtps_cExport-noconfig.cmake\n'}
[3.929518] (rover_control_msgs) StdoutLine: {'line': b'-- Up-to-date: /workspaces/IRS_Rover_ROS2_Workspace/rover_ws/install/rover_control_msgs/lib/librover_control_msgs__rosidl_typesupport_c.so\n'}
[3.930504] (rover_perception_msgs) StdoutLine: {'line': b'-- Up-to-date: /workspaces/IRS_Rover_ROS2_Workspace/rover_ws/install/rover_perception_msgs/share/rover_perception_msgs/cmake/rover_perception_msgs__rosidl_typesupport_introspection_cExport.cmake\n'}
[3.931796] (rover_perception_msgs) StdoutLine: {'line': b'-- Up-to-date: /workspaces/IRS_Rover_ROS2_Workspace/rover_ws/install/rover_perception_msgs/share/rover_perception_msgs/cmake/rover_perception_msgs__rosidl_typesupport_introspection_cExport-noconfig.cmake\n'}
[3.933182] (rover_control_msgs) StdoutLine: {'line': b'-- Up-to-date: /workspaces/IRS_Rover_ROS2_Workspace/rover_ws/install/rover_control_msgs/include/rover_control_msgs/rover_control_msgs\n'}
[3.935225] (rover_perception_msgs) StdoutLine: {'line': b'-- Up-to-date: /workspaces/IRS_Rover_ROS2_Workspace/rover_ws/install/rover_perception_msgs/share/rover_perception_msgs/cmake/rover_perception_msgs__rosidl_typesupport_cExport.cmake\n'}
[3.936547] (rover_control_msgs) StdoutLine: {'line': b'-- Up-to-date: /workspaces/IRS_Rover_ROS2_Workspace/rover_ws/install/rover_control_msgs/include/rover_control_msgs/rover_control_msgs/msg\n'}
[3.938095] (rover_perception_msgs) StdoutLine: {'line': b'-- Up-to-date: /workspaces/IRS_Rover_ROS2_Workspace/rover_ws/install/rover_perception_msgs/share/rover_perception_msgs/cmake/rover_perception_msgs__rosidl_typesupport_cExport-noconfig.cmake\n'}
[3.939225] (rover_control_msgs) StdoutLine: {'line': b'-- Up-to-date: /workspaces/IRS_Rover_ROS2_Workspace/rover_ws/install/rover_control_msgs/include/rover_control_msgs/rover_control_msgs/msg/current_operational_mode.hpp\n'}
[3.940581] (rover_perception_msgs) StdoutLine: {'line': b'-- Up-to-date: /workspaces/IRS_Rover_ROS2_Workspace/rover_ws/install/rover_perception_msgs/share/rover_perception_msgs/cmake/export_rover_perception_msgs__rosidl_generator_cppExport.cmake\n'}
[3.941530] (rover_control_msgs) StdoutLine: {'line': b'-- Up-to-date: /workspaces/IRS_Rover_ROS2_Workspace/rover_ws/install/rover_control_msgs/include/rover_control_msgs/rover_control_msgs/msg/set_operational_mode.hpp\n'}
[3.942676] (rover_control_msgs) StdoutLine: {'line': b'-- Up-to-date: /workspaces/IRS_Rover_ROS2_Workspace/rover_ws/install/rover_control_msgs/include/rover_control_msgs/rover_control_msgs/msg/detail\n'}
[3.944248] (rover_perception_msgs) StdoutLine: {'line': b'-- Up-to-date: /workspaces/IRS_Rover_ROS2_Workspace/rover_ws/install/rover_perception_msgs/share/rover_perception_msgs/cmake/export_rover_perception_msgs__rosidl_typesupport_fastrtps_cppExport.cmake\n'}
[3.945747] (rover_perception_msgs) StdoutLine: {'line': b'-- Up-to-date: /workspaces/IRS_Rover_ROS2_Workspace/rover_ws/install/rover_perception_msgs/share/rover_perception_msgs/cmake/export_rover_perception_msgs__rosidl_typesupport_fastrtps_cppExport-noconfig.cmake\n'}
[3.946808] (rover_control_msgs) StdoutLine: {'line': b'-- Up-to-date: /workspaces/IRS_Rover_ROS2_Workspace/rover_ws/install/rover_control_msgs/include/rover_control_msgs/rover_control_msgs/msg/detail/operational_mode_settings__traits.hpp\n'}
[3.947973] (rover_control_msgs) StdoutLine: {'line': b'-- Up-to-date: /workspaces/IRS_Rover_ROS2_Workspace/rover_ws/install/rover_control_msgs/include/rover_control_msgs/rover_control_msgs/msg/detail/current_operational_mode__type_support.hpp\n'}
[3.949071] (rover_perception_msgs) StdoutLine: {'line': b'-- Up-to-date: /workspaces/IRS_Rover_ROS2_Workspace/rover_ws/install/rover_perception_msgs/share/rover_perception_msgs/cmake/rover_perception_msgs__rosidl_typesupport_introspection_cppExport.cmake\n'}
[3.950304] (rover_control_msgs) StdoutLine: {'line': b'-- Up-to-date: /workspaces/IRS_Rover_ROS2_Workspace/rover_ws/install/rover_control_msgs/include/rover_control_msgs/rover_control_msgs/msg/detail/set_operational_mode__type_support.hpp\n'}
[3.952061] (rover_perception_msgs) StdoutLine: {'line': b'-- Up-to-date: /workspaces/IRS_Rover_ROS2_Workspace/rover_ws/install/rover_perception_msgs/share/rover_perception_msgs/cmake/rover_perception_msgs__rosidl_typesupport_introspection_cppExport-noconfig.cmake\n'}
[3.955090] (rover_control_msgs) StdoutLine: {'line': b'-- Up-to-date: /workspaces/IRS_Rover_ROS2_Workspace/rover_ws/install/rover_control_msgs/include/rover_control_msgs/rover_control_msgs/msg/detail/current_operational_mode__traits.hpp\n'}
[3.956677] (rover_control_msgs) StdoutLine: {'line': b'-- Up-to-date: /workspaces/IRS_Rover_ROS2_Workspace/rover_ws/install/rover_control_msgs/include/rover_control_msgs/rover_control_msgs/msg/detail/set_operational_mode__struct.hpp\n'}
[3.958528] (rover_perception_msgs) StdoutLine: {'line': b'-- Up-to-date: /workspaces/IRS_Rover_ROS2_Workspace/rover_ws/install/rover_perception_msgs/share/rover_perception_msgs/cmake/rover_perception_msgs__rosidl_typesupport_cppExport.cmake\n'}
[3.960546] (rover_control_msgs) StdoutLine: {'line': b'-- Up-to-date: /workspaces/IRS_Rover_ROS2_Workspace/rover_ws/install/rover_control_msgs/include/rover_control_msgs/rover_control_msgs/msg/detail/operational_mode_settings__builder.hpp\n'}
[3.961808] (rover_perception_msgs) StdoutLine: {'line': b'-- Up-to-date: /workspaces/IRS_Rover_ROS2_Workspace/rover_ws/install/rover_perception_msgs/share/rover_perception_msgs/cmake/rover_perception_msgs__rosidl_typesupport_cppExport-noconfig.cmake\n'}
[3.964409] (rover_control_msgs) StdoutLine: {'line': b'-- Up-to-date: /workspaces/IRS_Rover_ROS2_Workspace/rover_ws/install/rover_control_msgs/include/rover_control_msgs/rover_control_msgs/msg/detail/operational_mode_settings__struct.hpp\n'}
[3.965805] (rover_control_msgs) StdoutLine: {'line': b'-- Up-to-date: /workspaces/IRS_Rover_ROS2_Workspace/rover_ws/install/rover_control_msgs/include/rover_control_msgs/rover_control_msgs/msg/detail/set_operational_mode__builder.hpp\n'}
[3.967415] (rover_perception_msgs) StdoutLine: {'line': b'-- Up-to-date: /workspaces/IRS_Rover_ROS2_Workspace/rover_ws/install/rover_perception_msgs/share/rover_perception_msgs/cmake/export_rover_perception_msgs__rosidl_generator_pyExport.cmake\n'}
[3.969216] (rover_control_msgs) StdoutLine: {'line': b'-- Up-to-date: /workspaces/IRS_Rover_ROS2_Workspace/rover_ws/install/rover_control_msgs/include/rover_control_msgs/rover_control_msgs/msg/detail/current_operational_mode__struct.hpp\n'}
[3.970359] (rover_perception_msgs) StdoutLine: {'line': b'-- Up-to-date: /workspaces/IRS_Rover_ROS2_Workspace/rover_ws/install/rover_perception_msgs/share/rover_perception_msgs/cmake/export_rover_perception_msgs__rosidl_generator_pyExport-noconfig.cmake\n'}
[3.971463] (rover_control_msgs) StdoutLine: {'line': b'-- Up-to-date: /workspaces/IRS_Rover_ROS2_Workspace/rover_ws/install/rover_control_msgs/include/rover_control_msgs/rover_control_msgs/msg/detail/current_operational_mode__builder.hpp\n'}
[3.972327] (rover_perception_msgs) StdoutLine: {'line': b'-- Up-to-date: /workspaces/IRS_Rover_ROS2_Workspace/rover_ws/install/rover_perception_msgs/share/rover_perception_msgs/cmake/rosidl_cmake-extras.cmake\n'}
[3.973423] (rover_control_msgs) StdoutLine: {'line': b'-- Up-to-date: /workspaces/IRS_Rover_ROS2_Workspace/rover_ws/install/rover_control_msgs/include/rover_control_msgs/rover_control_msgs/msg/detail/set_operational_mode__traits.hpp\n'}
[3.975354] (rover_perception_msgs) StdoutLine: {'line': b'-- Up-to-date: /workspaces/IRS_Rover_ROS2_Workspace/rover_ws/install/rover_perception_msgs/share/rover_perception_msgs/cmake/ament_cmake_export_dependencies-extras.cmake\n'}
[3.977428] (rover_control_msgs) StdoutLine: {'line': b'-- Up-to-date: /workspaces/IRS_Rover_ROS2_Workspace/rover_ws/install/rover_control_msgs/include/rover_control_msgs/rover_control_msgs/msg/detail/operational_mode_settings__type_support.hpp\n'}
[3.978741] (rover_perception_msgs) StdoutLine: {'line': b'-- Up-to-date: /workspaces/IRS_Rover_ROS2_Workspace/rover_ws/install/rover_perception_msgs/share/rover_perception_msgs/cmake/ament_cmake_export_include_directories-extras.cmake\n'}
[3.979972] (rover_perception_msgs) StdoutLine: {'line': b'-- Up-to-date: /workspaces/IRS_Rover_ROS2_Workspace/rover_ws/install/rover_perception_msgs/share/rover_perception_msgs/cmake/ament_cmake_export_libraries-extras.cmake\n'}
[3.981575] (rover_control_msgs) StdoutLine: {'line': b'-- Up-to-date: /workspaces/IRS_Rover_ROS2_Workspace/rover_ws/install/rover_control_msgs/include/rover_control_msgs/rover_control_msgs/msg/rosidl_generator_cpp__visibility_control.hpp\n'}
[3.984809] (rover_perception_msgs) StdoutLine: {'line': b'-- Up-to-date: /workspaces/IRS_Rover_ROS2_Workspace/rover_ws/install/rover_perception_msgs/share/rover_perception_msgs/cmake/ament_cmake_export_targets-extras.cmake\n'}
[3.986592] (rover_control_msgs) StdoutLine: {'line': b'-- Up-to-date: /workspaces/IRS_Rover_ROS2_Workspace/rover_ws/install/rover_control_msgs/include/rover_control_msgs/rover_control_msgs/msg/operational_mode_settings.hpp\n'}
[3.991062] (-) TimerEvent: {}
[3.991631] (rover_perception_msgs) StdoutLine: {'line': b'-- Up-to-date: /workspaces/IRS_Rover_ROS2_Workspace/rover_ws/install/rover_perception_msgs/share/rover_perception_msgs/cmake/rosidl_cmake_export_typesupport_targets-extras.cmake\n'}
[3.993139] (rover_control_msgs) StdoutLine: {'line': b'-- Up-to-date: /workspaces/IRS_Rover_ROS2_Workspace/rover_ws/install/rover_control_msgs/include/rover_control_msgs/rover_control_msgs/srv\n'}
[3.994631] (rover_perception_msgs) StdoutLine: {'line': b'-- Up-to-date: /workspaces/IRS_Rover_ROS2_Workspace/rover_ws/install/rover_perception_msgs/share/rover_perception_msgs/cmake/rosidl_cmake_export_typesupport_libraries-extras.cmake\n'}
[3.996441] (rover_perception_msgs) StdoutLine: {'line': b'-- Up-to-date: /workspaces/IRS_Rover_ROS2_Workspace/rover_ws/install/rover_perception_msgs/share/rover_perception_msgs/cmake/rover_perception_msgsConfig.cmake\n'}
[3.997979] (rover_perception_msgs) StdoutLine: {'line': b'-- Up-to-date: /workspaces/IRS_Rover_ROS2_Workspace/rover_ws/install/rover_perception_msgs/share/rover_perception_msgs/cmake/rover_perception_msgsConfig-version.cmake\n'}
[3.999513] (rover_control_msgs) StdoutLine: {'line': b'-- Up-to-date: /workspaces/IRS_Rover_ROS2_Workspace/rover_ws/install/rover_control_msgs/include/rover_control_msgs/rover_control_msgs/srv/set_operational_mode.hpp\n'}
[4.000527] (rover_control_msgs) StdoutLine: {'line': b'-- Up-to-date: /workspaces/IRS_Rover_ROS2_Workspace/rover_ws/install/rover_control_msgs/include/rover_control_msgs/rover_control_msgs/srv/detail\n'}
[4.002640] (rover_perception_msgs) StdoutLine: {'line': b'-- Up-to-date: /workspaces/IRS_Rover_ROS2_Workspace/rover_ws/install/rover_perception_msgs/share/rover_perception_msgs/package.xml\n'}
[4.004060] (rover_control_msgs) StdoutLine: {'line': b'-- Up-to-date: /workspaces/IRS_Rover_ROS2_Workspace/rover_ws/install/rover_control_msgs/include/rover_control_msgs/rover_control_msgs/srv/detail/set_operational_mode__type_support.hpp\n'}
[4.005712] (rover_control_msgs) StdoutLine: {'line': b'-- Up-to-date: /workspaces/IRS_Rover_ROS2_Workspace/rover_ws/install/rover_control_msgs/include/rover_control_msgs/rover_control_msgs/srv/detail/set_operational_mode__struct.hpp\n'}
[4.006776] (rover_control_msgs) StdoutLine: {'line': b'-- Up-to-date: /workspaces/IRS_Rover_ROS2_Workspace/rover_ws/install/rover_control_msgs/include/rover_control_msgs/rover_control_msgs/srv/detail/set_operational_mode__builder.hpp\n'}
[4.008379] (rover_control_msgs) StdoutLine: {'line': b'-- Up-to-date: /workspaces/IRS_Rover_ROS2_Workspace/rover_ws/install/rover_control_msgs/include/rover_control_msgs/rover_control_msgs/srv/detail/set_operational_mode__traits.hpp\n'}
[4.009426] (rover_control_msgs) StdoutLine: {'line': b'-- Up-to-date: /workspaces/IRS_Rover_ROS2_Workspace/rover_ws/install/rover_control_msgs/include/rover_control_msgs/rover_control_msgs\n'}
[4.012339] (rover_perception_msgs) CommandEnded: {'returncode': 0}
[4.014870] (rover_control_msgs) StdoutLine: {'line': b'-- Up-to-date: /workspaces/IRS_Rover_ROS2_Workspace/rover_ws/install/rover_control_msgs/include/rover_control_msgs/rover_control_msgs/msg\n'}
[4.016445] (rover_control_msgs) StdoutLine: {'line': b'-- Up-to-date: /workspaces/IRS_Rover_ROS2_Workspace/rover_ws/install/rover_control_msgs/include/rover_control_msgs/rover_control_msgs/msg/rosidl_typesupport_fastrtps_cpp__visibility_control.h\n'}
[4.017600] (rover_control_msgs) StdoutLine: {'line': b'-- Up-to-date: /workspaces/IRS_Rover_ROS2_Workspace/rover_ws/install/rover_control_msgs/include/rover_control_msgs/rover_control_msgs/msg/detail\n'}
[4.019131] (rover_control_msgs) StdoutLine: {'line': b'-- Up-to-date: /workspaces/IRS_Rover_ROS2_Workspace/rover_ws/install/rover_control_msgs/include/rover_control_msgs/rover_control_msgs/msg/detail/operational_mode_settings__rosidl_typesupport_fastrtps_cpp.hpp\n'}
[4.020837] (rover_control_msgs) StdoutLine: {'line': b'-- Up-to-date: /workspaces/IRS_Rover_ROS2_Workspace/rover_ws/install/rover_control_msgs/include/rover_control_msgs/rover_control_msgs/msg/detail/current_operational_mode__rosidl_typesupport_fastrtps_cpp.hpp\n'}
[4.022278] (rover_control_msgs) StdoutLine: {'line': b'-- Up-to-date: /workspaces/IRS_Rover_ROS2_Workspace/rover_ws/install/rover_control_msgs/include/rover_control_msgs/rover_control_msgs/msg/detail/set_operational_mode__rosidl_typesupport_fastrtps_cpp.hpp\n'}
[4.023333] (rover_control_msgs) StdoutLine: {'line': b'-- Up-to-date: /workspaces/IRS_Rover_ROS2_Workspace/rover_ws/install/rover_control_msgs/include/rover_control_msgs/rover_control_msgs/msg/detail/dds_fastrtps\n'}
[4.024710] (rover_control_msgs) StdoutLine: {'line': b'-- Up-to-date: /workspaces/IRS_Rover_ROS2_Workspace/rover_ws/install/rover_control_msgs/include/rover_control_msgs/rover_control_msgs/srv\n'}
[4.026431] (rover_control_msgs) StdoutLine: {'line': b'-- Up-to-date: /workspaces/IRS_Rover_ROS2_Workspace/rover_ws/install/rover_control_msgs/include/rover_control_msgs/rover_control_msgs/srv/detail\n'}
[4.027573] (rover_control_msgs) StdoutLine: {'line': b'-- Up-to-date: /workspaces/IRS_Rover_ROS2_Workspace/rover_ws/install/rover_control_msgs/include/rover_control_msgs/rover_control_msgs/srv/detail/set_operational_mode__rosidl_typesupport_fastrtps_cpp.hpp\n'}
[4.028796] (rover_control_msgs) StdoutLine: {'line': b'-- Up-to-date: /workspaces/IRS_Rover_ROS2_Workspace/rover_ws/install/rover_control_msgs/include/rover_control_msgs/rover_control_msgs/srv/detail/dds_fastrtps\n'}
[4.030610] (rover_control_msgs) StdoutLine: {'line': b'-- Up-to-date: /workspaces/IRS_Rover_ROS2_Workspace/rover_ws/install/rover_control_msgs/lib/librover_control_msgs__rosidl_typesupport_fastrtps_cpp.so\n'}
[4.031671] (rover_control_msgs) StdoutLine: {'line': b'-- Up-to-date: /workspaces/IRS_Rover_ROS2_Workspace/rover_ws/install/rover_control_msgs/include/rover_control_msgs/rover_control_msgs\n'}
[4.033031] (rover_control_msgs) StdoutLine: {'line': b'-- Up-to-date: /workspaces/IRS_Rover_ROS2_Workspace/rover_ws/install/rover_control_msgs/include/rover_control_msgs/rover_control_msgs/msg\n'}
[4.034875] (rover_control_msgs) StdoutLine: {'line': b'-- Up-to-date: /workspaces/IRS_Rover_ROS2_Workspace/rover_ws/install/rover_control_msgs/include/rover_control_msgs/rover_control_msgs/msg/detail\n'}
[4.037657] (rover_control_msgs) StdoutLine: {'line': b'-- Up-to-date: /workspaces/IRS_Rover_ROS2_Workspace/rover_ws/install/rover_control_msgs/include/rover_control_msgs/rover_control_msgs/msg/detail/operational_mode_settings__type_support.cpp\n'}
[4.039041] (rover_control_msgs) StdoutLine: {'line': b'-- Up-to-date: /workspaces/IRS_Rover_ROS2_Workspace/rover_ws/install/rover_control_msgs/include/rover_control_msgs/rover_control_msgs/msg/detail/operational_mode_settings__rosidl_typesupport_introspection_cpp.hpp\n'}
[4.040939] (rover_control_msgs) StdoutLine: {'line': b'-- Up-to-date: /workspaces/IRS_Rover_ROS2_Workspace/rover_ws/install/rover_control_msgs/include/rover_control_msgs/rover_control_msgs/msg/detail/current_operational_mode__rosidl_typesupport_introspection_cpp.hpp\n'}
[4.043905] (rover_control_msgs) StdoutLine: {'line': b'-- Up-to-date: /workspaces/IRS_Rover_ROS2_Workspace/rover_ws/install/rover_control_msgs/include/rover_control_msgs/rover_control_msgs/msg/detail/set_operational_mode__rosidl_typesupport_introspection_cpp.hpp\n'}
[4.046046] (rover_control_msgs) StdoutLine: {'line': b'-- Up-to-date: /workspaces/IRS_Rover_ROS2_Workspace/rover_ws/install/rover_control_msgs/include/rover_control_msgs/rover_control_msgs/msg/detail/current_operational_mode__type_support.cpp\n'}
[4.047159] (rover_control_msgs) StdoutLine: {'line': b'-- Up-to-date: /workspaces/IRS_Rover_ROS2_Workspace/rover_ws/install/rover_control_msgs/include/rover_control_msgs/rover_control_msgs/msg/detail/set_operational_mode__type_support.cpp\n'}
[4.048645] (rover_control_msgs) StdoutLine: {'line': b'-- Up-to-date: /workspaces/IRS_Rover_ROS2_Workspace/rover_ws/install/rover_control_msgs/include/rover_control_msgs/rover_control_msgs/srv\n'}
[4.049820] (rover_control_msgs) StdoutLine: {'line': b'-- Up-to-date: /workspaces/IRS_Rover_ROS2_Workspace/rover_ws/install/rover_control_msgs/include/rover_control_msgs/rover_control_msgs/srv/detail\n'}
[4.051854] (rover_control_msgs) StdoutLine: {'line': b'-- Up-to-date: /workspaces/IRS_Rover_ROS2_Workspace/rover_ws/install/rover_control_msgs/include/rover_control_msgs/rover_control_msgs/srv/detail/set_operational_mode__rosidl_typesupport_introspection_cpp.hpp\n'}
[4.053407] (rover_control_msgs) StdoutLine: {'line': b'-- Up-to-date: /workspaces/IRS_Rover_ROS2_Workspace/rover_ws/install/rover_control_msgs/include/rover_control_msgs/rover_control_msgs/srv/detail/set_operational_mode__type_support.cpp\n'}
[4.055467] (rover_control_msgs) StdoutLine: {'line': b'-- Up-to-date: /workspaces/IRS_Rover_ROS2_Workspace/rover_ws/install/rover_control_msgs/lib/librover_control_msgs__rosidl_typesupport_introspection_cpp.so\n'}
[4.058081] (rover_control_msgs) StdoutLine: {'line': b'-- Up-to-date: /workspaces/IRS_Rover_ROS2_Workspace/rover_ws/install/rover_control_msgs/lib/librover_control_msgs__rosidl_typesupport_cpp.so\n'}
[4.061937] (rover_control_msgs) StdoutLine: {'line': b'-- Up-to-date: /workspaces/IRS_Rover_ROS2_Workspace/rover_ws/install/rover_control_msgs/share/rover_control_msgs/environment/pythonpath.sh\n'}
[4.063836] (rover_control_msgs) StdoutLine: {'line': b'-- Up-to-date: /workspaces/IRS_Rover_ROS2_Workspace/rover_ws/install/rover_control_msgs/share/rover_control_msgs/environment/pythonpath.dsv\n'}
[4.065834] (rover_control_msgs) StdoutLine: {'line': b'-- Up-to-date: /workspaces/IRS_Rover_ROS2_Workspace/rover_ws/install/rover_control_msgs/local/lib/python3.10/dist-packages/rover_control_msgs-0.0.0-py3.10.egg-info\n'}
[4.067126] (rover_control_msgs) StdoutLine: {'line': b'-- Installing: /workspaces/IRS_Rover_ROS2_Workspace/rover_ws/install/rover_control_msgs/local/lib/python3.10/dist-packages/rover_control_msgs-0.0.0-py3.10.egg-info/PKG-INFO\n'}
[4.068357] (rover_control_msgs) StdoutLine: {'line': b'-- Installing: /workspaces/IRS_Rover_ROS2_Workspace/rover_ws/install/rover_control_msgs/local/lib/python3.10/dist-packages/rover_control_msgs-0.0.0-py3.10.egg-info/SOURCES.txt\n'}
[4.069449] (rover_control_msgs) StdoutLine: {'line': b'-- Installing: /workspaces/IRS_Rover_ROS2_Workspace/rover_ws/install/rover_control_msgs/local/lib/python3.10/dist-packages/rover_control_msgs-0.0.0-py3.10.egg-info/top_level.txt\n'}
[4.070567] (rover_control_msgs) StdoutLine: {'line': b'-- Installing: /workspaces/IRS_Rover_ROS2_Workspace/rover_ws/install/rover_control_msgs/local/lib/python3.10/dist-packages/rover_control_msgs-0.0.0-py3.10.egg-info/dependency_links.txt\n'}
[4.072421] (rover_control_msgs) StdoutLine: {'line': b'-- Up-to-date: /workspaces/IRS_Rover_ROS2_Workspace/rover_ws/install/rover_control_msgs/local/lib/python3.10/dist-packages/rover_control_msgs\n'}
[4.073832] (rover_control_msgs) StdoutLine: {'line': b'-- Up-to-date: /workspaces/IRS_Rover_ROS2_Workspace/rover_ws/install/rover_control_msgs/local/lib/python3.10/dist-packages/rover_control_msgs/rover_control_msgs_s__rosidl_typesupport_introspection_c.cpython-310-x86_64-linux-gnu.so\n'}
[4.076040] (rover_control_msgs) StdoutLine: {'line': b'-- Up-to-date: /workspaces/IRS_Rover_ROS2_Workspace/rover_ws/install/rover_control_msgs/local/lib/python3.10/dist-packages/rover_control_msgs/_rover_control_msgs_s.ep.rosidl_typesupport_introspection_c.c\n'}
[4.077509] (rover_control_msgs) StdoutLine: {'line': b'-- Up-to-date: /workspaces/IRS_Rover_ROS2_Workspace/rover_ws/install/rover_control_msgs/local/lib/python3.10/dist-packages/rover_control_msgs/msg\n'}
[4.079148] (rover_control_msgs) StdoutLine: {'line': b'-- Up-to-date: /workspaces/IRS_Rover_ROS2_Workspace/rover_ws/install/rover_control_msgs/local/lib/python3.10/dist-packages/rover_control_msgs/msg/_operational_mode_settings_s.c\n'}
[4.081064] (rover_control_msgs) StdoutLine: {'line': b'-- Up-to-date: /workspaces/IRS_Rover_ROS2_Workspace/rover_ws/install/rover_control_msgs/local/lib/python3.10/dist-packages/rover_control_msgs/msg/_current_operational_mode.py\n'}
[4.083625] (rover_control_msgs) StdoutLine: {'line': b'-- Up-to-date: /workspaces/IRS_Rover_ROS2_Workspace/rover_ws/install/rover_control_msgs/local/lib/python3.10/dist-packages/rover_control_msgs/msg/_set_operational_mode_s.c\n'}
[4.086337] (rover_control_msgs) StdoutLine: {'line': b'-- Up-to-date: /workspaces/IRS_Rover_ROS2_Workspace/rover_ws/install/rover_control_msgs/local/lib/python3.10/dist-packages/rover_control_msgs/msg/_set_operational_mode.py\n'}
[4.087921] (rover_control_msgs) StdoutLine: {'line': b'-- Up-to-date: /workspaces/IRS_Rover_ROS2_Workspace/rover_ws/install/rover_control_msgs/local/lib/python3.10/dist-packages/rover_control_msgs/msg/__init__.py\n'}
[4.088956] (rover_control_msgs) StdoutLine: {'line': b'-- Up-to-date: /workspaces/IRS_Rover_ROS2_Workspace/rover_ws/install/rover_control_msgs/local/lib/python3.10/dist-packages/rover_control_msgs/msg/_current_operational_mode_s.c\n'}
[4.090180] (rover_control_msgs) StdoutLine: {'line': b'-- Up-to-date: /workspaces/IRS_Rover_ROS2_Workspace/rover_ws/install/rover_control_msgs/local/lib/python3.10/dist-packages/rover_control_msgs/msg/_operational_mode_settings.py\n'}
[4.091044] (rover_control_msgs) StdoutLine: {'line': b'-- Up-to-date: /workspaces/IRS_Rover_ROS2_Workspace/rover_ws/install/rover_control_msgs/local/lib/python3.10/dist-packages/rover_control_msgs/_rover_control_msgs_s.ep.rosidl_typesupport_c.c\n'}
[4.092211] (-) TimerEvent: {}
[4.092562] (rover_control_msgs) StdoutLine: {'line': b'-- Up-to-date: /workspaces/IRS_Rover_ROS2_Workspace/rover_ws/install/rover_control_msgs/local/lib/python3.10/dist-packages/rover_control_msgs/_rover_control_msgs_s.ep.rosidl_typesupport_fastrtps_c.c\n'}
[4.093807] (rover_control_msgs) StdoutLine: {'line': b'-- Up-to-date: /workspaces/IRS_Rover_ROS2_Workspace/rover_ws/install/rover_control_msgs/local/lib/python3.10/dist-packages/rover_control_msgs/__init__.py\n'}
[4.095432] (rover_control_msgs) StdoutLine: {'line': b'-- Up-to-date: /workspaces/IRS_Rover_ROS2_Workspace/rover_ws/install/rover_control_msgs/local/lib/python3.10/dist-packages/rover_control_msgs/rover_control_msgs_s__rosidl_typesupport_c.cpython-310-x86_64-linux-gnu.so\n'}
[4.096904] (rover_control_msgs) StdoutLine: {'line': b'-- Up-to-date: /workspaces/IRS_Rover_ROS2_Workspace/rover_ws/install/rover_control_msgs/local/lib/python3.10/dist-packages/rover_control_msgs/rover_control_msgs_s__rosidl_typesupport_fastrtps_c.cpython-310-x86_64-linux-gnu.so\n'}
[4.098562] (rover_control_msgs) StdoutLine: {'line': b'-- Up-to-date: /workspaces/IRS_Rover_ROS2_Workspace/rover_ws/install/rover_control_msgs/local/lib/python3.10/dist-packages/rover_control_msgs/librover_control_msgs__rosidl_generator_py.so\n'}
[4.099501] (rover_control_msgs) StdoutLine: {'line': b'-- Up-to-date: /workspaces/IRS_Rover_ROS2_Workspace/rover_ws/install/rover_control_msgs/local/lib/python3.10/dist-packages/rover_control_msgs/srv\n'}
[4.102236] (rover_control_msgs) StdoutLine: {'line': b'-- Up-to-date: /workspaces/IRS_Rover_ROS2_Workspace/rover_ws/install/rover_control_msgs/local/lib/python3.10/dist-packages/rover_control_msgs/srv/_set_operational_mode_s.c\n'}
[4.103599] (rover_control_msgs) StdoutLine: {'line': b'-- Up-to-date: /workspaces/IRS_Rover_ROS2_Workspace/rover_ws/install/rover_control_msgs/local/lib/python3.10/dist-packages/rover_control_msgs/srv/_set_operational_mode.py\n'}
[4.105106] (rover_control_msgs) StdoutLine: {'line': b'-- Up-to-date: /workspaces/IRS_Rover_ROS2_Workspace/rover_ws/install/rover_control_msgs/local/lib/python3.10/dist-packages/rover_control_msgs/srv/__init__.py\n'}
[4.107054] (rover_perception_msgs) JobEnded: {'identifier': 'rover_perception_msgs', 'rc': 0}
[4.115875] (rover_perception) JobStarted: {'identifier': 'rover_perception'}
[4.133989] (rover_control_msgs) StdoutLine: {'line': b"Listing '/workspaces/IRS_Rover_ROS2_Workspace/rover_ws/install/rover_control_msgs/local/lib/python3.10/dist-packages/rover_control_msgs'...\n"}
[4.142973] (rover_control_msgs) StdoutLine: {'line': b"Listing '/workspaces/IRS_Rover_ROS2_Workspace/rover_ws/install/rover_control_msgs/local/lib/python3.10/dist-packages/rover_control_msgs/msg'...\n"}
[4.145235] (rover_control_msgs) StdoutLine: {'line': b"Listing '/workspaces/IRS_Rover_ROS2_Workspace/rover_ws/install/rover_control_msgs/local/lib/python3.10/dist-packages/rover_control_msgs/srv'...\n"}
[4.147778] (rover_control_msgs) StdoutLine: {'line': b'-- Up-to-date: /workspaces/IRS_Rover_ROS2_Workspace/rover_ws/install/rover_control_msgs/local/lib/python3.10/dist-packages/rover_control_msgs/rover_control_msgs_s__rosidl_typesupport_fastrtps_c.cpython-310-x86_64-linux-gnu.so\n'}
[4.152135] (rover_control_msgs) StdoutLine: {'line': b'-- Up-to-date: /workspaces/IRS_Rover_ROS2_Workspace/rover_ws/install/rover_control_msgs/local/lib/python3.10/dist-packages/rover_control_msgs/rover_control_msgs_s__rosidl_typesupport_introspection_c.cpython-310-x86_64-linux-gnu.so\n'}
[4.157588] (rover_control_msgs) StdoutLine: {'line': b'-- Up-to-date: /workspaces/IRS_Rover_ROS2_Workspace/rover_ws/install/rover_control_msgs/local/lib/python3.10/dist-packages/rover_control_msgs/rover_control_msgs_s__rosidl_typesupport_c.cpython-310-x86_64-linux-gnu.so\n'}
[4.164440] (rover_control_msgs) StdoutLine: {'line': b'-- Up-to-date: /workspaces/IRS_Rover_ROS2_Workspace/rover_ws/install/rover_control_msgs/lib/librover_control_msgs__rosidl_generator_py.so\n'}
[4.167686] (rover_control_msgs) StdoutLine: {'line': b'-- Up-to-date: /workspaces/IRS_Rover_ROS2_Workspace/rover_ws/install/rover_control_msgs/share/ament_index/resource_index/rust_packages/rover_control_msgs\n'}
[4.169911] (rover_control_msgs) StdoutLine: {'line': b'-- Up-to-date: /workspaces/IRS_Rover_ROS2_Workspace/rover_ws/install/rover_control_msgs/share/rover_control_msgs/rust\n'}
[4.171667] (rover_control_msgs) StdoutLine: {'line': b'-- Up-to-date: /workspaces/IRS_Rover_ROS2_Workspace/rover_ws/install/rover_control_msgs/share/rover_control_msgs/rust/Cargo.toml\n'}
[4.174240] (rover_control_msgs) StdoutLine: {'line': b'-- Up-to-date: /workspaces/IRS_Rover_ROS2_Workspace/rover_ws/install/rover_control_msgs/share/rover_control_msgs/rust/build.rs\n'}
[4.175837] (rover_control_msgs) StdoutLine: {'line': b'-- Up-to-date: /workspaces/IRS_Rover_ROS2_Workspace/rover_ws/install/rover_control_msgs/share/rover_control_msgs/rust/src\n'}
[4.177159] (rover_control_msgs) StdoutLine: {'line': b'-- Up-to-date: /workspaces/IRS_Rover_ROS2_Workspace/rover_ws/install/rover_control_msgs/share/rover_control_msgs/rust/src/msg\n'}
[4.179439] (rover_control_msgs) StdoutLine: {'line': b'-- Up-to-date: /workspaces/IRS_Rover_ROS2_Workspace/rover_ws/install/rover_control_msgs/share/rover_control_msgs/rust/src/msg/rmw.rs\n'}
[4.180655] (rover_control_msgs) StdoutLine: {'line': b'-- Up-to-date: /workspaces/IRS_Rover_ROS2_Workspace/rover_ws/install/rover_control_msgs/share/rover_control_msgs/rust/src/lib.rs\n'}
[4.182172] (rover_control_msgs) StdoutLine: {'line': b'-- Up-to-date: /workspaces/IRS_Rover_ROS2_Workspace/rover_ws/install/rover_control_msgs/share/rover_control_msgs/rust/src/srv.rs\n'}
[4.183879] (rover_control_msgs) StdoutLine: {'line': b'-- Up-to-date: /workspaces/IRS_Rover_ROS2_Workspace/rover_ws/install/rover_control_msgs/share/rover_control_msgs/rust/src/msg.rs\n'}
[4.185548] (rover_control_msgs) StdoutLine: {'line': b'-- Up-to-date: /workspaces/IRS_Rover_ROS2_Workspace/rover_ws/install/rover_control_msgs/share/rover_control_msgs/rust/src/srv\n'}
[4.187096] (rover_control_msgs) StdoutLine: {'line': b'-- Up-to-date: /workspaces/IRS_Rover_ROS2_Workspace/rover_ws/install/rover_control_msgs/share/rover_control_msgs/rust/src/srv/rmw.rs\n'}
[4.188604] (rover_control_msgs) StdoutLine: {'line': b'-- Up-to-date: /workspaces/IRS_Rover_ROS2_Workspace/rover_ws/install/rover_control_msgs/share/rover_control_msgs/srv/SetOperationalMode.idl\n'}
[4.191276] (rover_control_msgs) StdoutLine: {'line': b'-- Up-to-date: /workspaces/IRS_Rover_ROS2_Workspace/rover_ws/install/rover_control_msgs/share/rover_control_msgs/msg/SetOperationalMode.idl\n'}
[4.199295] (-) TimerEvent: {}
[4.199872] (rover_control_msgs) StdoutLine: {'line': b'-- Up-to-date: /workspaces/IRS_Rover_ROS2_Workspace/rover_ws/install/rover_control_msgs/share/rover_control_msgs/msg/OperationalModeSettings.idl\n'}
[4.201593] (rover_control_msgs) StdoutLine: {'line': b'-- Up-to-date: /workspaces/IRS_Rover_ROS2_Workspace/rover_ws/install/rover_control_msgs/share/rover_control_msgs/msg/CurrentOperationalMode.idl\n'}
[4.202909] (rover_control_msgs) StdoutLine: {'line': b'-- Up-to-date: /workspaces/IRS_Rover_ROS2_Workspace/rover_ws/install/rover_control_msgs/share/rover_control_msgs/srv/SetOperationalMode.srv\n'}
[4.204376] (rover_control_msgs) StdoutLine: {'line': b'-- Up-to-date: /workspaces/IRS_Rover_ROS2_Workspace/rover_ws/install/rover_control_msgs/share/rover_control_msgs/srv/SetOperationalMode_Request.msg\n'}
[4.206590] (rover_control_msgs) StdoutLine: {'line': b'-- Up-to-date: /workspaces/IRS_Rover_ROS2_Workspace/rover_ws/install/rover_control_msgs/share/rover_control_msgs/srv/SetOperationalMode_Response.msg\n'}
[4.210181] (rover_control_msgs) StdoutLine: {'line': b'-- Up-to-date: /workspaces/IRS_Rover_ROS2_Workspace/rover_ws/install/rover_control_msgs/share/rover_control_msgs/msg/SetOperationalMode.msg\n'}
[4.215960] (rover_control_msgs) StdoutLine: {'line': b'-- Up-to-date: /workspaces/IRS_Rover_ROS2_Workspace/rover_ws/install/rover_control_msgs/share/rover_control_msgs/msg/OperationalModeSettings.msg\n'}
[4.219163] (rover_control_msgs) StdoutLine: {'line': b'-- Up-to-date: /workspaces/IRS_Rover_ROS2_Workspace/rover_ws/install/rover_control_msgs/share/rover_control_msgs/msg/CurrentOperationalMode.msg\n'}
[4.220971] (rover_control_msgs) StdoutLine: {'line': b'-- Up-to-date: /workspaces/IRS_Rover_ROS2_Workspace/rover_ws/install/rover_control_msgs/share/ament_index/resource_index/package_run_dependencies/rover_control_msgs\n'}
[4.223760] (rover_control_msgs) StdoutLine: {'line': b'-- Up-to-date: /workspaces/IRS_Rover_ROS2_Workspace/rover_ws/install/rover_control_msgs/share/ament_index/resource_index/parent_prefix_path/rover_control_msgs\n'}
[4.225562] (rover_control_msgs) StdoutLine: {'line': b'-- Up-to-date: /workspaces/IRS_Rover_ROS2_Workspace/rover_ws/install/rover_control_msgs/share/rover_control_msgs/environment/ament_prefix_path.sh\n'}
[4.226782] (rover_control_msgs) StdoutLine: {'line': b'-- Up-to-date: /workspaces/IRS_Rover_ROS2_Workspace/rover_ws/install/rover_control_msgs/share/rover_control_msgs/environment/ament_prefix_path.dsv\n'}
[4.228227] (rover_control_msgs) StdoutLine: {'line': b'-- Up-to-date: /workspaces/IRS_Rover_ROS2_Workspace/rover_ws/install/rover_control_msgs/share/rover_control_msgs/environment/path.sh\n'}
[4.229841] (rover_control_msgs) StdoutLine: {'line': b'-- Up-to-date: /workspaces/IRS_Rover_ROS2_Workspace/rover_ws/install/rover_control_msgs/share/rover_control_msgs/environment/path.dsv\n'}
[4.231300] (rover_control_msgs) StdoutLine: {'line': b'-- Up-to-date: /workspaces/IRS_Rover_ROS2_Workspace/rover_ws/install/rover_control_msgs/share/rover_control_msgs/local_setup.bash\n'}
[4.232879] (rover_control_msgs) StdoutLine: {'line': b'-- Up-to-date: /workspaces/IRS_Rover_ROS2_Workspace/rover_ws/install/rover_control_msgs/share/rover_control_msgs/local_setup.sh\n'}
[4.234645] (rover_control_msgs) StdoutLine: {'line': b'-- Up-to-date: /workspaces/IRS_Rover_ROS2_Workspace/rover_ws/install/rover_control_msgs/share/rover_control_msgs/local_setup.zsh\n'}
[4.236162] (rover_control_msgs) StdoutLine: {'line': b'-- Up-to-date: /workspaces/IRS_Rover_ROS2_Workspace/rover_ws/install/rover_control_msgs/share/rover_control_msgs/local_setup.dsv\n'}
[4.237546] (rover_control_msgs) StdoutLine: {'line': b'-- Installing: /workspaces/IRS_Rover_ROS2_Workspace/rover_ws/install/rover_control_msgs/share/rover_control_msgs/package.dsv\n'}
[4.239110] (rover_control_msgs) StdoutLine: {'line': b'-- Up-to-date: /workspaces/IRS_Rover_ROS2_Workspace/rover_ws/install/rover_control_msgs/share/ament_index/resource_index/packages/rover_control_msgs\n'}
[4.241095] (rover_control_msgs) StdoutLine: {'line': b'-- Up-to-date: /workspaces/IRS_Rover_ROS2_Workspace/rover_ws/install/rover_control_msgs/share/rover_control_msgs/cmake/export_rover_control_msgs__rosidl_generator_cExport.cmake\n'}
[4.242191] (rover_control_msgs) StdoutLine: {'line': b'-- Up-to-date: /workspaces/IRS_Rover_ROS2_Workspace/rover_ws/install/rover_control_msgs/share/rover_control_msgs/cmake/export_rover_control_msgs__rosidl_generator_cExport-noconfig.cmake\n'}
[4.243595] (rover_control_msgs) StdoutLine: {'line': b'-- Up-to-date: /workspaces/IRS_Rover_ROS2_Workspace/rover_ws/install/rover_control_msgs/share/rover_control_msgs/cmake/export_rover_control_msgs__rosidl_typesupport_fastrtps_cExport.cmake\n'}
[4.244758] (rover_control_msgs) StdoutLine: {'line': b'-- Up-to-date: /workspaces/IRS_Rover_ROS2_Workspace/rover_ws/install/rover_control_msgs/share/rover_control_msgs/cmake/export_rover_control_msgs__rosidl_typesupport_fastrtps_cExport-noconfig.cmake\n'}
[4.246430] (rover_control_msgs) StdoutLine: {'line': b'-- Up-to-date: /workspaces/IRS_Rover_ROS2_Workspace/rover_ws/install/rover_control_msgs/share/rover_control_msgs/cmake/rover_control_msgs__rosidl_typesupport_introspection_cExport.cmake\n'}
[4.247777] (rover_control_msgs) StdoutLine: {'line': b'-- Up-to-date: /workspaces/IRS_Rover_ROS2_Workspace/rover_ws/install/rover_control_msgs/share/rover_control_msgs/cmake/rover_control_msgs__rosidl_typesupport_introspection_cExport-noconfig.cmake\n'}
[4.249475] (rover_control_msgs) StdoutLine: {'line': b'-- Up-to-date: /workspaces/IRS_Rover_ROS2_Workspace/rover_ws/install/rover_control_msgs/share/rover_control_msgs/cmake/rover_control_msgs__rosidl_typesupport_cExport.cmake\n'}
[4.250668] (rover_control_msgs) StdoutLine: {'line': b'-- Up-to-date: /workspaces/IRS_Rover_ROS2_Workspace/rover_ws/install/rover_control_msgs/share/rover_control_msgs/cmake/rover_control_msgs__rosidl_typesupport_cExport-noconfig.cmake\n'}
[4.253394] (rover_control_msgs) StdoutLine: {'line': b'-- Up-to-date: /workspaces/IRS_Rover_ROS2_Workspace/rover_ws/install/rover_control_msgs/share/rover_control_msgs/cmake/export_rover_control_msgs__rosidl_generator_cppExport.cmake\n'}
[4.256614] (rover_control_msgs) StdoutLine: {'line': b'-- Up-to-date: /workspaces/IRS_Rover_ROS2_Workspace/rover_ws/install/rover_control_msgs/share/rover_control_msgs/cmake/export_rover_control_msgs__rosidl_typesupport_fastrtps_cppExport.cmake\n'}
[4.258781] (rover_control_msgs) StdoutLine: {'line': b'-- Up-to-date: /workspaces/IRS_Rover_ROS2_Workspace/rover_ws/install/rover_control_msgs/share/rover_control_msgs/cmake/export_rover_control_msgs__rosidl_typesupport_fastrtps_cppExport-noconfig.cmake\n'}
[4.260199] (rover_control_msgs) StdoutLine: {'line': b'-- Up-to-date: /workspaces/IRS_Rover_ROS2_Workspace/rover_ws/install/rover_control_msgs/share/rover_control_msgs/cmake/rover_control_msgs__rosidl_typesupport_introspection_cppExport.cmake\n'}
[4.262575] (rover_control_msgs) StdoutLine: {'line': b'-- Up-to-date: /workspaces/IRS_Rover_ROS2_Workspace/rover_ws/install/rover_control_msgs/share/rover_control_msgs/cmake/rover_control_msgs__rosidl_typesupport_introspection_cppExport-noconfig.cmake\n'}
[4.265328] (rover_control_msgs) StdoutLine: {'line': b'-- Up-to-date: /workspaces/IRS_Rover_ROS2_Workspace/rover_ws/install/rover_control_msgs/share/rover_control_msgs/cmake/rover_control_msgs__rosidl_typesupport_cppExport.cmake\n'}
[4.266592] (rover_control_msgs) StdoutLine: {'line': b'-- Up-to-date: /workspaces/IRS_Rover_ROS2_Workspace/rover_ws/install/rover_control_msgs/share/rover_control_msgs/cmake/rover_control_msgs__rosidl_typesupport_cppExport-noconfig.cmake\n'}
[4.270198] (rover_control_msgs) StdoutLine: {'line': b'-- Up-to-date: /workspaces/IRS_Rover_ROS2_Workspace/rover_ws/install/rover_control_msgs/share/rover_control_msgs/cmake/export_rover_control_msgs__rosidl_generator_pyExport.cmake\n'}
[4.273861] (rover_control_msgs) StdoutLine: {'line': b'-- Up-to-date: /workspaces/IRS_Rover_ROS2_Workspace/rover_ws/install/rover_control_msgs/share/rover_control_msgs/cmake/export_rover_control_msgs__rosidl_generator_pyExport-noconfig.cmake\n'}
[4.282619] (rover_control_msgs) StdoutLine: {'line': b'-- Up-to-date: /workspaces/IRS_Rover_ROS2_Workspace/rover_ws/install/rover_control_msgs/share/rover_control_msgs/cmake/rosidl_cmake-extras.cmake\n'}
[4.283725] (rover_control_msgs) StdoutLine: {'line': b'-- Up-to-date: /workspaces/IRS_Rover_ROS2_Workspace/rover_ws/install/rover_control_msgs/share/rover_control_msgs/cmake/ament_cmake_export_include_directories-extras.cmake\n'}
[4.285148] (rover_control_msgs) StdoutLine: {'line': b'-- Up-to-date: /workspaces/IRS_Rover_ROS2_Workspace/rover_ws/install/rover_control_msgs/share/rover_control_msgs/cmake/ament_cmake_export_libraries-extras.cmake\n'}
[4.286807] (rover_control_msgs) StdoutLine: {'line': b'-- Up-to-date: /workspaces/IRS_Rover_ROS2_Workspace/rover_ws/install/rover_control_msgs/share/rover_control_msgs/cmake/ament_cmake_export_targets-extras.cmake\n'}
[4.288255] (rover_control_msgs) StdoutLine: {'line': b'-- Up-to-date: /workspaces/IRS_Rover_ROS2_Workspace/rover_ws/install/rover_control_msgs/share/rover_control_msgs/cmake/rosidl_cmake_export_typesupport_targets-extras.cmake\n'}
[4.296569] (rover_control_msgs) StdoutLine: {'line': b'-- Up-to-date: /workspaces/IRS_Rover_ROS2_Workspace/rover_ws/install/rover_control_msgs/share/rover_control_msgs/cmake/ament_cmake_export_dependencies-extras.cmake\n'}
[4.298480] (rover_control_msgs) StdoutLine: {'line': b'-- Up-to-date: /workspaces/IRS_Rover_ROS2_Workspace/rover_ws/install/rover_control_msgs/share/rover_control_msgs/cmake/rosidl_cmake_export_typesupport_libraries-extras.cmake\n'}
[4.300192] (-) TimerEvent: {}
[4.300697] (rover_control_msgs) StdoutLine: {'line': b'-- Up-to-date: /workspaces/IRS_Rover_ROS2_Workspace/rover_ws/install/rover_control_msgs/share/rover_control_msgs/cmake/rover_control_msgsConfig.cmake\n'}
[4.302598] (rover_control_msgs) StdoutLine: {'line': b'-- Up-to-date: /workspaces/IRS_Rover_ROS2_Workspace/rover_ws/install/rover_control_msgs/share/rover_control_msgs/cmake/rover_control_msgsConfig-version.cmake\n'}
[4.304182] (rover_control_msgs) StdoutLine: {'line': b'-- Up-to-date: /workspaces/IRS_Rover_ROS2_Workspace/rover_ws/install/rover_control_msgs/share/rover_control_msgs/package.xml\n'}
[4.404165] (-) TimerEvent: {}
[4.506568] (-) TimerEvent: {}
[4.616366] (-) TimerEvent: {}
[4.722477] (-) TimerEvent: {}
[4.823634] (-) TimerEvent: {}
[4.924694] (-) TimerEvent: {}
[4.978168] (rover_control_msgs) CommandEnded: {'returncode': 0}
[5.025551] (-) TimerEvent: {}
[5.127560] (-) TimerEvent: {}
[5.227492] (rover_control_msgs) JobEnded: {'identifier': 'rover_control_msgs', 'rc': 0}
[5.239536] (-) TimerEvent: {}
[5.340638] (-) TimerEvent: {}
[5.441421] (-) TimerEvent: {}
[5.542560] (-) TimerEvent: {}
[5.644428] (-) TimerEvent: {}
[5.746385] (-) TimerEvent: {}
[5.847510] (-) TimerEvent: {}
[5.951553] (-) TimerEvent: {}
[5.960507] (rover_perception) Command: {'cmd': ['/usr/bin/python3', '-W', 'ignore:setup.py install is deprecated', '-W', 'ignore:easy_install command is deprecated', 'setup.py', 'egg_info', '--egg-base', '../../build/rover_perception', 'build', '--build-base', '/workspaces/IRS_Rover_ROS2_Workspace/rover_ws/build/rover_perception/build', 'install', '--record', '/workspaces/IRS_Rover_ROS2_Workspace/rover_ws/build/rover_perception/install.log', '--single-version-externally-managed', 'install_data'], 'cwd': '/workspaces/IRS_Rover_ROS2_Workspace/rover_ws/src/rover_perception', 'env': {'PYTHON_BASIC_REPL': '1', 'HOSTNAME': '06335fee11bd', 'GIT_ASKPASS': '/vscode/vscode-server/bin/linux-x64/4fe60c8b1cdac1c4c174f2fb180d0d758272d713/extensions/git/dist/askpass.sh', 'SHLVL': '2', 'LD_LIBRARY_PATH': '/workspaces/IRS_Rover_ROS2_Workspace/rover_ws/install/rover_perception_msgs/lib:/workspaces/IRS_Rover_ROS2_Workspace/rover_ws/install/rover_control_msgs/lib:/opt/ros/humble/opt/rviz_ogre_vendor/lib:/opt/ros/humble/lib/x86_64-linux-gnu:/opt/ros/humble/lib', 'BROWSER': '/vscode/vscode-server/bin/linux-x64/4fe60c8b1cdac1c4c174f2fb180d0d758272d713/bin/helpers/browser.sh', 'HOME': '/root', 'OLDPWD': '/workspaces/IRS_Rover_ROS2_Workspace', 'TERM_PROGRAM_VERSION': '1.127.0', 'VSCODE_IPC_HOOK_CLI': '/tmp/vscode-ipc-a7d8417a-84e0-4652-a058-401c79ab84d0.sock', 'ROS_PYTHON_VERSION': '3', 'VSCODE_GIT_ASKPASS_MAIN': '/vscode/vscode-server/bin/linux-x64/4fe60c8b1cdac1c4c174f2fb180d0d758272d713/extensions/git/dist/askpass-main.js', 'VSCODE_GIT_ASKPASS_NODE': '/vscode/vscode-server/bin/linux-x64/4fe60c8b1cdac1c4c174f2fb180d0d758272d713/node', 'PYDEVD_DISABLE_FILE_VALIDATION': '1', 'BUNDLED_DEBUGPY_PATH': '/root/.vscode-server/extensions/ms-python.debugpy-2026.6.0-linux-x64/bundled/libs/debugpy', 'VSCODE_PYTHON_AUTOACTIVATE_GUARD': '1', 'COLORTERM': 'truecolor', 'REMOTE_CONTAINERS': 'true', 'COLCON_PREFIX_PATH': '/workspaces/IRS_Rover_ROS2_Workspace/rover_ws/install', 'ROS_DISTRO': 'humble', 'REMOTE_CONTAINERS_IPC': '/tmp/vscode-remote-containers-ipc-8556e27b-e216-450b-b0cc-1f8365397382.sock', '_': '/usr/bin/colcon', 'ROS_VERSION': '2', 'TERM': 'xterm-256color', 'ROS_LOCALHOST_ONLY': '0', 'PATH': '/root/.vscode-server/data/User/globalStorage/github.copilot-chat/debugCommand:/root/.vscode-server/data/User/globalStorage/github.copilot-chat/copilotCli:/vscode/vscode-server/bin/linux-x64/4fe60c8b1cdac1c4c174f2fb180d0d758272d713/bin/remote-cli:/opt/ros/humble/bin:/usr/local/sbin:/usr/local/bin:/usr/sbin:/usr/bin:/sbin:/bin:/root/.vscode-server/extensions/ms-python.debugpy-2026.6.0-linux-x64/bundled/scripts/noConfigScripts', 'REMOTE_CONTAINERS_SOCKETS': '["/tmp/vscode-ssh-auth-8556e27b-e216-450b-b0cc-1f8365397382.sock"]', 'VSCODE_DEBUGPY_ADAPTER_ENDPOINTS': '/root/.vscode-server/extensions/ms-python.debugpy-2026.6.0-linux-x64/.noConfigDebugAdapterEndpoints/endpoint-1e3a0fbd7d538503.txt', 'LANG': 'C.UTF-8', 'PYTHONSTARTUP': '/root/.vscode-server/data/User/workspaceStorage/7242e97d3df64538730a6ed5a855f433/ms-python.python/pythonrc.py', 'LS_COLORS': 'rs=0:di=01;34:ln=01;36:mh=00:pi=40;33:so=01;35:do=01;35:bd=40;33;01:cd=40;33;01:or=40;31;01:mi=00:su=37;41:sg=30;43:ca=30;41:tw=30;42:ow=34;42:st=37;44:ex=01;32:*.tar=01;31:*.tgz=01;31:*.arc=01;31:*.arj=01;31:*.taz=01;31:*.lha=01;31:*.lz4=01;31:*.lzh=01;31:*.lzma=01;31:*.tlz=01;31:*.txz=01;31:*.tzo=01;31:*.t7z=01;31:*.zip=01;31:*.z=01;31:*.dz=01;31:*.gz=01;31:*.lrz=01;31:*.lz=01;31:*.lzo=01;31:*.xz=01;31:*.zst=01;31:*.tzst=01;31:*.bz2=01;31:*.bz=01;31:*.tbz=01;31:*.tbz2=01;31:*.tz=01;31:*.deb=01;31:*.rpm=01;31:*.jar=01;31:*.war=01;31:*.ear=01;31:*.sar=01;31:*.rar=01;31:*.alz=01;31:*.ace=01;31:*.zoo=01;31:*.cpio=01;31:*.7z=01;31:*.rz=01;31:*.cab=01;31:*.wim=01;31:*.swm=01;31:*.dwm=01;31:*.esd=01;31:*.jpg=01;35:*.jpeg=01;35:*.mjpg=01;35:*.mjpeg=01;35:*.gif=01;35:*.bmp=01;35:*.pbm=01;35:*.pgm=01;35:*.ppm=01;35:*.tga=01;35:*.xbm=01;35:*.xpm=01;35:*.tif=01;35:*.tiff=01;35:*.png=01;35:*.svg=01;35:*.svgz=01;35:*.mng=01;35:*.pcx=01;35:*.mov=01;35:*.mpg=01;35:*.mpeg=01;35:*.m2v=01;35:*.mkv=01;35:*.webm=01;35:*.webp=01;35:*.ogm=01;35:*.mp4=01;35:*.m4v=01;35:*.mp4v=01;35:*.vob=01;35:*.qt=01;35:*.nuv=01;35:*.wmv=01;35:*.asf=01;35:*.rm=01;35:*.rmvb=01;35:*.flc=01;35:*.avi=01;35:*.fli=01;35:*.flv=01;35:*.gl=01;35:*.dl=01;35:*.xcf=01;35:*.xwd=01;35:*.yuv=01;35:*.cgm=01;35:*.emf=01;35:*.ogv=01;35:*.ogx=01;35:*.aac=00;36:*.au=00;36:*.flac=00;36:*.m4a=00;36:*.mid=00;36:*.midi=00;36:*.mka=00;36:*.mp3=00;36:*.mpc=00;36:*.ogg=00;36:*.ra=00;36:*.wav=00;36:*.oga=00;36:*.opus=00;36:*.spx=00;36:*.xspf=00;36:', 'VSCODE_GIT_IPC_HANDLE': '/tmp/vscode-git-bb8c1a7c35.sock', 'TERM_PROGRAM': 'vscode', 'SSH_AUTH_SOCK': '/tmp/vscode-ssh-auth-8556e27b-e216-450b-b0cc-1f8365397382.sock', 'AMENT_PREFIX_PATH': '/workspaces/IRS_Rover_ROS2_Workspace/rover_ws/install/rover_perception_msgs:/workspaces/IRS_Rover_ROS2_Workspace/rover_ws/install/rover_lidar:/workspaces/IRS_Rover_ROS2_Workspace/rover_ws/install/rover_stereocam:/workspaces/IRS_Rover_ROS2_Workspace/rover_ws/install/rover_perception:/workspaces/IRS_Rover_ROS2_Workspace/rover_ws/install/rover_control_msgs:/workspaces/IRS_Rover_ROS2_Workspace/rover_ws/install/rover_control:/opt/ros/humble', 'SHELL': '/bin/bash', 'VSCODE_GIT_ASKPASS_EXTRA_ARGS': '', 'PWD': '/workspaces/IRS_Rover_ROS2_Workspace/rover_ws/build/rover_perception', 'LC_ALL': 'C.UTF-8', 'COPILOT_DEBUG_NONCE': 'ebb28b2f47a55d9f123b03f75e673fb9', 'PYTHONPATH': '/workspaces/IRS_Rover_ROS2_Workspace/rover_ws/build/rover_perception/prefix_override:/usr/lib/python3/dist-packages/colcon_core/task/python/colcon_distutils_commands:/workspaces/IRS_Rover_ROS2_Workspace/rover_ws/install/rover_perception/lib/python3.10/site-packages:/workspaces/IRS_Rover_ROS2_Workspace/rover_ws/install/rover_perception_msgs/local/lib/python3.10/dist-packages:/workspaces/IRS_Rover_ROS2_Workspace/rover_ws/install/rover_lidar/lib/python3.10/site-packages:/workspaces/IRS_Rover_ROS2_Workspace/rover_ws/install/rover_stereocam/lib/python3.10/site-packages:/workspaces/IRS_Rover_ROS2_Workspace/rover_ws/install/rover_perception/lib/python3.10/site-packages:/workspaces/IRS_Rover_ROS2_Workspace/rover_ws/install/rover_control_msgs/local/lib/python3.10/dist-packages:/workspaces/IRS_Rover_ROS2_Workspace/rover_ws/install/rover_control/lib/python3.10/site-packages:/opt/ros/humble/lib/python3.10/site-packages:/opt/ros/humble/local/lib/python3.10/dist-packages', 'COLCON': '1', 'CMAKE_PREFIX_PATH': '/workspaces/IRS_Rover_ROS2_Workspace/rover_ws/install/rover_perception_msgs:/workspaces/IRS_Rover_ROS2_Workspace/rover_ws/install/rover_control_msgs'}, 'shell': False}
[6.052471] (-) TimerEvent: {}
[6.153472] (-) TimerEvent: {}
[6.254492] (-) TimerEvent: {}
[6.355480] (-) TimerEvent: {}
[6.457501] (-) TimerEvent: {}
[6.492658] (rover_perception) StdoutLine: {'line': b'running egg_info\n'}
[6.496056] (rover_perception) StdoutLine: {'line': b'writing ../../build/rover_perception/rover_perception.egg-info/PKG-INFO\n'}
[6.520689] (rover_perception) StdoutLine: {'line': b'writing dependency_links to ../../build/rover_perception/rover_perception.egg-info/dependency_links.txt\n'}
[6.524244] (rover_perception) StdoutLine: {'line': b'writing entry points to ../../build/rover_perception/rover_perception.egg-info/entry_points.txt\n'}
[6.526890] (rover_perception) StdoutLine: {'line': b'writing requirements to ../../build/rover_perception/rover_perception.egg-info/requires.txt\n'}
[6.533198] (rover_perception) StdoutLine: {'line': b'writing top-level names to ../../build/rover_perception/rover_perception.egg-info/top_level.txt\n'}
[6.549986] (rover_perception) StdoutLine: {'line': b"reading manifest file '../../build/rover_perception/rover_perception.egg-info/SOURCES.txt'\n"}
[6.556373] (rover_perception) StdoutLine: {'line': b"writing manifest file '../../build/rover_perception/rover_perception.egg-info/SOURCES.txt'\n"}
[6.561982] (-) TimerEvent: {}
[6.563197] (rover_perception) StdoutLine: {'line': b'running build\n'}
[6.567591] (rover_perception) StdoutLine: {'line': b'running build_py\n'}
[6.570863] (rover_perception) StdoutLine: {'line': b'running install\n'}
[6.573157] (rover_perception) StdoutLine: {'line': b'running install_lib\n'}
[6.576985] (rover_perception) StdoutLine: {'line': b'running install_data\n'}
[6.578654] (rover_perception) StdoutLine: {'line': b'running install_egg_info\n'}
[6.582401] (rover_perception) StdoutLine: {'line': b"removing '/workspaces/IRS_Rover_ROS2_Workspace/rover_ws/install/rover_perception/lib/python3.10/site-packages/rover_perception-0.0.0-py3.10.egg-info' (and everything under it)\n"}
[6.588698] (rover_perception) StdoutLine: {'line': b'Copying ../../build/rover_perception/rover_perception.egg-info to /workspaces/IRS_Rover_ROS2_Workspace/rover_ws/install/rover_perception/lib/python3.10/site-packages/rover_perception-0.0.0-py3.10.egg-info\n'}
[6.640900] (rover_perception) StdoutLine: {'line': b'running install_scripts\n'}
[6.662420] (-) TimerEvent: {}
[6.694743] (rover_perception) StdoutLine: {'line': b'Installing fake_mast_hw_node script to /workspaces/IRS_Rover_ROS2_Workspace/rover_ws/install/rover_perception/lib/rover_perception\n'}
[6.699830] (rover_perception) StdoutLine: {'line': b'Installing fake_mono_camera_node script to /workspaces/IRS_Rover_ROS2_Workspace/rover_ws/install/rover_perception/lib/rover_perception\n'}
[6.703414] (rover_perception) StdoutLine: {'line': b'Installing fake_stereo_camera_node script to /workspaces/IRS_Rover_ROS2_Workspace/rover_ws/install/rover_perception/lib/rover_perception\n'}
[6.706937] (rover_perception) StdoutLine: {'line': b'Installing frame_transform_node script to /workspaces/IRS_Rover_ROS2_Workspace/rover_ws/install/rover_perception/lib/rover_perception\n'}
[6.709977] (rover_perception) StdoutLine: {'line': b'Installing global_pointcloud_fusion_node script to /workspaces/IRS_Rover_ROS2_Workspace/rover_ws/install/rover_perception/lib/rover_perception\n'}
[6.713614] (rover_perception) StdoutLine: {'line': b'Installing led_detector_node script to /workspaces/IRS_Rover_ROS2_Workspace/rover_ws/install/rover_perception/lib/rover_perception\n'}
[6.716003] (rover_perception) StdoutLine: {'line': b'Installing mast_pose_node script to /workspaces/IRS_Rover_ROS2_Workspace/rover_ws/install/rover_perception/lib/rover_perception\n'}
[6.719059] (rover_perception) StdoutLine: {'line': b'Installing obstacle_grid_node script to /workspaces/IRS_Rover_ROS2_Workspace/rover_ws/install/rover_perception/lib/rover_perception\n'}
[6.720775] (rover_perception) StdoutLine: {'line': b'Installing pointcloud_preprocessing_node script to /workspaces/IRS_Rover_ROS2_Workspace/rover_ws/install/rover_perception/lib/rover_perception\n'}
[6.723229] (rover_perception) StdoutLine: {'line': b'Installing position_rover_node script to /workspaces/IRS_Rover_ROS2_Workspace/rover_ws/install/rover_perception/lib/rover_perception\n'}
[6.726256] (rover_perception) StdoutLine: {'line': b'Installing stereo_pointcloud_node script to /workspaces/IRS_Rover_ROS2_Workspace/rover_ws/install/rover_perception/lib/rover_perception\n'}
[6.731401] (rover_perception) StdoutLine: {'line': b'Installing terrain_visualization_node script to /workspaces/IRS_Rover_ROS2_Workspace/rover_ws/install/rover_perception/lib/rover_perception\n'}
[6.735354] (rover_perception) StdoutLine: {'line': b"writing list of installed files to '/workspaces/IRS_Rover_ROS2_Workspace/rover_ws/build/rover_perception/install.log'\n"}
[6.763381] (-) TimerEvent: {}
[6.781574] (rover_perception) CommandEnded: {'returncode': 0}
[6.847677] (rover_perception) JobEnded: {'identifier': 'rover_perception', 'rc': 0}
[6.854548] (-) EventReactorShutdown: {}
